clip_name,run,mapping_version,constants_sha1,T,dur_s,sat_j1,sat_j2,sat_j3,sat_j4,sat_j5,sat_max,rate_cap_frac,max_rate,jerk_rms,range_max_rad,light_range,light_step_per_s,light_max_step,r_head,r_lift,r_yaw,dyn_rms_deg,dyn_max_deg,flags,severity
anim_bored_01,v1.0-baseline,1.0,678e3a5a74fe,34,1.089,0,0,0,0,0,0,0.151515,4,41276.9,0.818237,0.717752,0,0.138721,0.960179,0.957714,,6.62359,15.2969,RATE;DYN,31.061
anim_bored_02,v1.0-baseline,1.0,678e3a5a74fe,41,1.32,0,0,0,0,0,0,0,3.74577,13009.8,0.692961,0.927773,0.757576,0.405539,0.996112,0.71105,,,,,0
anim_bored_event_01,v1.0-baseline,1.0,678e3a5a74fe,199,6.534,0,0,0,0,0,0,0.0252525,4,15007.3,0.94768,0.760938,0.306091,0.752003,0.991019,0.668151,0.944986,,,,1.01
anim_bored_event_02,v1.0-baseline,1.0,678e3a5a74fe,151,4.95,0,0,0.00662252,0,0,0.00662252,0.0466667,4,28158.7,0.891055,0,0,0,0.991745,0.542356,0.99872,,,,2.529
anim_bored_event_03,v1.0-baseline,1.0,678e3a5a74fe,314,10.329,0,0,0,0,0,0,0.0383387,4,26986.4,0.982725,0.922885,0.484074,0.735422,0.973573,0.0740897,0.941568,,,LOWCORR,16.534
anim_bored_event_04,v1.0-baseline,1.0,678e3a5a74fe,369,12.144,0,0,0,0,0,0,0.076087,4,35079.2,1.12619,0,0,0,0.974328,0.420061,0.874331,,,RATE,3.043
anim_bored_getout_01,v1.0-baseline,1.0,678e3a5a74fe,45,1.452,0,0,0,0,0,0,0.136364,4,18695.4,0.989342,0.783178,0.688705,0.301833,0.968154,,,,,RATE,5.455
anim_bored_getout_02,v1.0-baseline,1.0,678e3a5a74fe,41,1.32,0,0,0,0,0,0,0.05,4,31855.3,0.472019,0.744099,1.51515,0.363305,0.945433,0.0570469,,,,LOWCORR;FLICKER,27
anim_bouncer_getin_01,v1.0-baseline,1.0,678e3a5a74fe,161,5.28,0,0,0,0,0,0,0,0.826602,2655.68,0.074049,0.797037,0.189394,0.361001,,,,,,,0
anim_bouncer_getout_01,v1.0-baseline,1.0,678e3a5a74fe,81,2.64,0,0,0,0,0,0,0.075,4,16223.1,0.968131,0.0800376,0,0.0800376,0.685815,,0.999297,,,RATE,3
anim_bouncer_ideatoplay_01,v1.0-baseline,1.0,678e3a5a74fe,41,1.32,0,0,0,0,0,0,0,3.16276,15266.5,0.566783,0,0,0,0.886773,-0.0376155,0.99947,,,LOWCORR,15
anim_bouncer_intoscore_01,v1.0-baseline,1.0,678e3a5a74fe,90,2.937,0,0,0,0,0,0,0.0224719,4,13161.7,0.92664,0.136338,0,0.136338,0.981251,,,,,,0.899
anim_bouncer_intoscore_02,v1.0-baseline,1.0,678e3a5a74fe,121,3.96,0,0,0,0,0,0,0.0916667,4,33943,1.01229,0.638833,0.505051,0.54987,0.965749,0.683819,,,,RATE,3.667
anim_bouncer_intoscore_03,v1.0-baseline,1.0,678e3a5a74fe,251,8.25,0,0,0,0,0,0,0,3.98432,5649.83,0.995727,0.0947196,0,0.0947196,0.977531,,,,,,0
anim_bouncer_requesttoplay_01,v1.0-baseline,1.0,678e3a5a74fe,101,3.3,0,0,0,0,0,0,0,3.01134,15312.6,0.600892,0.636895,0.606061,0.593564,0.132335,0.997535,0.998739,,,LOWCORR,15
anim_bouncer_rerequest_01,v1.0-baseline,1.0,678e3a5a74fe,101,3.3,0,0,0,0,0,0,0,3.01134,15312.6,0.600892,0.636895,0.606061,0.593564,0.132335,0.997535,0.998739,,,LOWCORR,15
anim_bouncer_timeout_01,v1.0-baseline,1.0,678e3a5a74fe,76,2.475,0,0,0,0,0,0,0.0933333,4,15066.5,1.03772,0.653822,1.21212,0.555889,0.774152,0.831965,0.97541,,,RATE;FLICKER,13.733
anim_bouncer_wait_01,v1.0-baseline,1.0,678e3a5a74fe,101,3.3,0,0,0,0,0,0,0,0.0433525,103.141,0.00391332,0.211317,0,0.211317,,,,,,STATIC,50
anim_bouncer_wait_02,v1.0-baseline,1.0,678e3a5a74fe,101,3.3,0,0,0,0,0,0,0,0.0413439,121.068,0.00373232,0.00544441,0,0.00544441,,,,2.31479,2.82642,STATIC,50
anim_bouncer_wait_03,v1.0-baseline,1.0,678e3a5a74fe,101,3.3,0,0,0,0,0,0,0,0.869599,3100.9,0.0670595,0.0259665,0,0.0259665,,,,,,,0
anim_codelab_123go,v1.0-baseline,1.0,678e3a5a74fe,99,3.234,0,0,0,0,0,0,0.0612245,4,31151.5,1.05889,0.172237,0,0.172237,0.975015,0.914519,0.992291,,,RATE,2.449
anim_codelab_bored_01,v1.0-baseline,1.0,678e3a5a74fe,198,6.501,0,0,0,0,0,0,0.0253807,4,15045.7,0.94768,0.760938,0.307645,0.752003,0.990868,0.660416,0.944143,,,,1.015
anim_codelab_chicken_01,v1.0-baseline,1.0,678e3a5a74fe,95,3.102,0,0,0,0,0,0,0.170213,4,59971.8,1.06908,4.05312e-05,0,2.94447e-05,0.980438,0.680781,0.89986,,,RATE,6.809
anim_codelab_chicken_01_head_angle_-20,v1.0-baseline,1.0,678e3a5a74fe,95,3.102,0,0,0,0,0,0,0.191489,4,55634.2,1.06908,4.05312e-05,0,2.94447e-05,0.973182,0.168704,0.89986,,,RATE;LOWCORR,22.66
anim_codelab_chicken_01_head_angle_20,v1.0-baseline,1.0,678e3a5a74fe,95,3.102,0,0,0,0,0,0,0.159574,4,56182.2,1.06908,4.05312e-05,0,2.94447e-05,0.984363,0.792089,0.89986,,,RATE,6.383
anim_codelab_chicken_01_head_angle_40,v1.0-baseline,1.0,678e3a5a74fe,95,3.102,0,0,0,0,0,0,0.12766,4,55459.8,1.06908,4.05312e-05,0,2.94447e-05,0.984247,0.792089,0.89986,,,RATE,5.106
anim_codelab_cow_01_head_angle_-20,v1.0-baseline,1.0,678e3a5a74fe,321,10.56,0,0,0,0,0,0,0.134375,4,40059,1.08215,0.719202,0.378788,0.366639,0.978434,0.00330858,0.669537,,,RATE;LOWCORR,20.375
anim_codelab_cow_01_head_angle_20,v1.0-baseline,1.0,678e3a5a74fe,321,10.56,0,0,0,0,0,0,0.121875,4,37291.1,1.1141,0.719202,0.378788,0.366639,0.985671,0.0647687,0.669537,,,RATE;LOWCORR,19.875
anim_codelab_cow_01_head_angle_40,v1.0-baseline,1.0,678e3a5a74fe,321,10.56,0,0,0,0,0,0,0.125,4,36977.6,1.1141,0.719202,0.378788,0.366639,0.985875,0.0612028,0.669537,,,RATE;LOWCORR,20
anim_codelab_cubetap,v1.0-baseline,1.0,678e3a5a74fe,9,0.264,0,0,0,0,0,0,0.875,4,206635,0.528,0.0294096,0,0.0294096,0.74909,0.736815,,,,TINY;SHORT;RATE,55
anim_codelab_duck_01,v1.0-baseline,1.0,678e3a5a74fe,189,6.204,0,0,0,0,0,0,0.12766,4,50465.1,1.53268,0.548983,1.45068,0.548983,0.747424,0.972184,0.7431,,,RATE;FLICKER,15.106
anim_codelab_elephant_01,v1.0-baseline,1.0,678e3a5a74fe,111,3.63,0,0,0,0,0,0,0.172727,4,41136.2,1.25711,0.19377,0,0.144026,0.798053,0.972512,0.932457,,,RATE,6.909
anim_codelab_frightenedcozmo_01,v1.0-baseline,1.0,678e3a5a74fe,101,3.3,0,0,0,0,0,0,0.02,4,21275.8,0.417591,0.0872667,0,0.0872667,0.966609,0.952867,,,,,0.8
anim_codelab_frog_01,v1.0-baseline,1.0,678e3a5a74fe,46,1.485,0,0,0,0,0,0,0.0666667,4,36295.5,0.628181,0.165727,0,0.152499,0.950159,0.224528,,,,RATE;LOWCORR,17.667
anim_codelab_getin_01,v1.0-baseline,1.0,678e3a5a74fe,133,4.356,0,0,0,0,0,0,0,3.63733,14079.4,0.689083,0.306651,0,0.211931,0.981219,0.604483,,,,,0
anim_codelab_getout_01,v1.0-baseline,1.0,678e3a5a74fe,63,2.046,0,0,0,0,0,0,0.177419,4,42694.2,1.03867,0.584512,0.977517,0.584512,0.958006,0.103023,0.991572,,,RATE;LOWCORR,22.097
anim_codelab_ghoulish_creeping_01,v1.0-baseline,1.0,678e3a5a74fe,66,2.145,0,0,0,0,0,0,0,2.57456,11575.4,0.513571,0.584867,0,0.236023,0.99306,0.319138,,3.13169,7.44303,DYN,25
anim_codelab_kitchen_eating_01,v1.0-baseline,1.0,678e3a5a74fe,131,4.29,0,0,0,0,0,0,0,3.89833,24064.4,0.771429,0.561456,0,0.271236,0.963426,0.922657,0.971953,,,,0
anim_codelab_kitchen_yucky_01,v1.0-baseline,1.0,678e3a5a74fe,74,2.409,0,0,0,0,0,0,0.369863,4,67795.1,1.53203,0.777517,2.49066,0.777517,0.91622,0.765834,0.93421,,,RATE;FLICKER,24.795
anim_codelab_lightshow_idle,v1.0-baseline,1.0,678e3a5a74fe,304,9.999,0,0,0,0,0,0,0.148515,4,30061.1,1.40148,0.710824,0.20002,0.475668,0.967946,0.928633,0.981656,,,RATE,5.941
anim_codelab_magicfortuneteller_inquistive,v1.0-baseline,1.0,678e3a5a74fe,102,3.333,0,0,0,0,0,0,0.049505,4,18744.1,0.956672,0.237693,0,0.193936,0.91917,0.989043,,,,,1.98
anim_codelab_rooster_01_head_angle_20,v1.0-baseline,1.0,678e3a5a74fe,77,2.508,0,0,0,0,0,0,0.118421,4,29669.4,0.861264,0.478836,1.19617,0.428063,0.976422,0.373763,,,,RATE;FLICKER,14.737
anim_codelab_rooster_01_head_angle_40,v1.0-baseline,1.0,678e3a5a74fe,77,2.508,0,0,0,0,0,0,0.118421,4,29562.4,0.859933,0.478836,1.19617,0.428063,0.977568,0.373763,,,,RATE;FLICKER,14.737
anim_codelab_scarycozmo_01,v1.0-baseline,1.0,678e3a5a74fe,53,1.716,0,0,0,0,0,0,0,2.06587,9775.8,0.221557,0.710446,0.582751,0.522622,0.874006,-0.414156,,,,LOWCORR,15
anim_codelab_sheep_01,v1.0-baseline,1.0,678e3a5a74fe,131,4.29,0,0,0,0,0,0,0,3.96785,11182.6,0.682308,0.0947196,0,0.0947196,0.998625,,,,,,0
anim_codelab_staring_loop,v1.0-baseline,1.0,678e3a5a74fe,161,5.28,0,0,0,0,0,0,0,0.621517,1680.4,0.0548502,0.466276,0,0.29494,,,,,,,0
anim_codelab_tiger_01_head_angle_-20,v1.0-baseline,1.0,678e3a5a74fe,257,8.448,0,0,0,0,0,0,0.160156,4,40852.7,1.03188,0.719202,0.710227,0.554053,0.965391,-0.0797954,0.866194,,,RATE;LOWCORR,21.406
anim_codelab_tiger_01_head_angle_20,v1.0-baseline,1.0,678e3a5a74fe,257,8.448,0,0,0,0,0,0,0.125,4,37009.7,1.03188,0.719202,0.710227,0.554053,0.983217,0.271515,0.866194,,,RATE;LOWCORR,20
anim_codelab_tiger_01_head_angle_40,v1.0-baseline,1.0,678e3a5a74fe,257,8.448,0,0,0,0,0,0,0.113281,4,36887.1,1.03188,0.719202,0.710227,0.554053,0.983865,0.271515,0.866194,,,RATE;LOWCORR,19.531
anim_codelab_tinyorchestra_conducting,v1.0-baseline,1.0,678e3a5a74fe,185,6.072,0,0,0,0,0,0,0.048913,4,19315.9,1.11599,0.119636,0,0.103775,0.945568,0.961216,0.913546,,,,1.957
anim_codelab_tinyorchestra_takataka_01,v1.0-baseline,1.0,678e3a5a74fe,20,0.627,0,0,0,0,0,0,0.105263,4,26069.7,0.494644,0.148077,0,0.0845659,0.955558,0.988127,,,,SHORT;RATE,14.211
anim_codelab_vampirebite_01,v1.0-baseline,1.0,678e3a5a74fe,99,3.234,0,0,0.050505,0,0,0.050505,0.132653,4,56383.1,1.05771,0.581355,0,0.26608,0.936297,0.66516,0.955363,,,SAT;RATE,10.357
anim_codelab_zombiecrawl_01,v1.0-baseline,1.0,678e3a5a74fe,131,4.29,0,0,0,0,0,0,0,3.96785,11182.6,0.682308,0.0947196,0,0.0947196,0.998625,,,,,,0
anim_cozmosays_app_getin,v1.0-baseline,1.0,678e3a5a74fe,35,1.122,0,0,0,0,0,0,0,3.33444,18686.5,0.36931,0.0947196,0,0.0947196,0.944206,0.582411,,,,,0
anim_cozmosays_app_getout_01,v1.0-baseline,1.0,678e3a5a74fe,31,0.99,0,0,0,0,0,0,0.166667,4,21047,0.864201,1.37687e-05,0,1.10865e-05,0.983331,-0.801428,0.975284,4.59728,11.1585,RATE;LOWCORR;DYN,46.667
anim_cozmosays_app_getout_02,v1.0-baseline,1.0,678e3a5a74fe,31,0.99,0,0,0,0,0,0,0.166667,4,17052.9,0.804068,1.37687e-05,0,1.10865e-05,0.983331,-0.801428,0.982563,,,RATE;LOWCORR,21.667
anim_cozmosays_badword_01_head_angle_-20,v1.0-baseline,1.0,678e3a5a74fe,81,2.64,0,0,0,0,0,0,0.3,4,58031.4,1.13264,0.741658,1.13636,0.741258,0.936109,-0.0258387,0.974519,,,RATE;LOWCORR;FLICKER,37
anim_cozmosays_badword_01_head_angle_20,v1.0-baseline,1.0,678e3a5a74fe,81,2.64,0,0,0,0,0,0,0.2125,4,51004.6,1.13264,0.741658,1.13636,0.741258,0.945289,0.96754,0.974519,,,RATE;FLICKER,18.5
anim_cozmosays_badword_01_head_angle_40,v1.0-baseline,1.0,678e3a5a74fe,81,2.64,0,0,0,0,0,0,0.2125,4,50496.1,1.13264,0.741658,1.13636,0.741258,0.94569,0.96754,0.974519,,,RATE;FLICKER,18.5
anim_cozmosays_badword_02_head_angle_-20,v1.0-baseline,1.0,678e3a5a74fe,90,2.937,0,0,0,0,0,0,0.224719,4,41264.8,0.900085,0.835303,1.02145,0.728347,0.938671,-0.501705,0.971232,,,RATE;LOWCORR;FLICKER,33.989
anim_cozmosays_badword_02_head_angle_20,v1.0-baseline,1.0,678e3a5a74fe,90,2.937,0,0,0,0,0,0,0.247191,4,40144.8,0.900085,0.835303,1.02145,0.728347,0.733874,0.986478,0.971232,,,RATE;FLICKER,19.888
anim_cozmosays_badword_02_head_angle_40,v1.0-baseline,1.0,678e3a5a74fe,90,2.937,0,0,0,0,0,0,0.235955,4,44600.1,0.900085,0.835303,1.02145,0.728347,0.950754,0.986478,0.971232,,,RATE;FLICKER,19.438
anim_cozmosays_getin_long_01_head_angle_-20,v1.0-baseline,1.0,678e3a5a74fe,120,3.927,0,0,0,0,0,0,0.109244,4,29623.8,1.31932,0.656148,0.509295,0.638409,0.947128,0.595918,,,,RATE,4.37
anim_cozmosays_getin_long_01_head_angle_20,v1.0-baseline,1.0,678e3a5a74fe,120,3.927,0,0,0,0,0,0,0.0588235,4,26038.9,0.851222,0.656148,0.509295,0.638409,0.966507,0.968683,,,,RATE,2.353
anim_cozmosays_getin_long_01_head_angle_40,v1.0-baseline,1.0,678e3a5a74fe,120,3.927,0,0,0,0,0,0,0.0336134,4,18503.9,0.597036,0.656148,0.509295,0.638409,0.97603,0.979704,,,,,1.345
anim_cozmosays_getin_medium_01,v1.0-baseline,1.0,678e3a5a74fe,93,3.036,0,0,0,0,0,0,0.0978261,4,31662.1,0.915831,0.323568,0,0.26672,0.945568,0.38656,,,,RATE,3.913
anim_cozmosays_getin_medium_01_head_angle_-20,v1.0-baseline,1.0,678e3a5a74fe,93,3.036,0,0,0,0,0,0,0.130435,4,33324.9,0.886875,0.323568,0,0.26672,0.914842,0.441822,,,,RATE,5.217
anim_cozmosays_getin_medium_01_head_angle_20,v1.0-baseline,1.0,678e3a5a74fe,93,3.036,0,0,0,0,0,0,0.0434783,4,23593.5,0.60407,0.323568,0,0.26672,0.958818,0.974628,,,,,1.739
anim_cozmosays_getin_medium_01_head_angle_40,v1.0-baseline,1.0,678e3a5a74fe,93,3.036,0,0,0,0,0,0,0.0652174,4,23870.3,0.636566,0.323568,0,0.26672,0.960825,0.974628,,,,RATE,2.609
anim_cozmosays_getin_short_01_head_angle_-20,v1.0-baseline,1.0,678e3a5a74fe,61,1.98,0,0,0,0,0,0,0.166667,4,34296.8,0.814385,0.212245,0,0.212245,0.962247,0.656733,,,,RATE,6.667
anim_cozmosays_getin_short_01_head_angle_20,v1.0-baseline,1.0,678e3a5a74fe,61,1.98,0,0,0,0,0,0,0,3.66264,15866.1,0.806132,0.212245,0,0.212245,0.937303,0.999033,,,,,0
anim_cozmosays_getin_short_01_head_angle_40,v1.0-baseline,1.0,678e3a5a74fe,61,1.98,0,0,0,0,0,0,0,3.66264,15672.5,0.649053,0.212245,0,0.212245,0.969139,0.999033,,,,,0
anim_cozmosays_getout_long_01_head_angle_-20,v1.0-baseline,1.0,678e3a5a74fe,34,1.089,0,0,0.0294118,0,0,0.0294118,0.30303,4,66776,0.883898,0.483782,1.83655,0.454697,0.926937,0.232683,0.954698,10.1654,23.3625,SAT;RATE;LOWCORR;FLICKER;DYN,65.062
anim_cozmosays_getout_long_01_head_angle_20,v1.0-baseline,1.0,678e3a5a74fe,34,1.089,0,0,0,0,0,0,0.242424,4,45475.4,0.883898,0.483782,1.83655,0.454697,0.925575,0.916567,0.954698,,,RATE;FLICKER,19.697
anim_cozmosays_getout_long_01_head_angle_40,v1.0-baseline,1.0,678e3a5a74fe,34,1.089,0,0,0,0,0,0,0.242424,4,45106,0.883898,0.483782,1.83655,0.454697,0.91757,0.916567,0.954698,,,RATE;FLICKER,19.697
anim_cozmosays_getout_medium_01_head_angle_-20,v1.0-baseline,1.0,678e3a5a74fe,57,1.848,0,0,0,0,0,0,0.196429,4,64121.9,0.930172,0.395091,0,0.26575,0.723757,0.350061,0.970082,,,RATE,7.857
anim_cozmosays_getout_medium_01_head_angle_20,v1.0-baseline,1.0,678e3a5a74fe,57,1.848,0,0,0,0,0,0,0.160714,4,32729.1,0.930172,0.395091,0,0.26575,0.868037,0.85055,0.970082,,,RATE,6.429
anim_cozmosays_getout_medium_01_head_angle_40,v1.0-baseline,1.0,678e3a5a74fe,57,1.848,0,0,0,0,0,0,0.178571,4,32716.1,0.930172,0.395091,0,0.26575,0.903684,0.85055,0.970082,,,RATE,7.143
anim_cozmosays_getout_short_01,v1.0-baseline,1.0,678e3a5a74fe,41,1.32,0,0,0,0,0,0,0.15,4,43346,0.797996,0.623454,1.51515,0.548983,0.980749,0.0806266,,,,RATE;LOWCORR;FLICKER,31
anim_cozmosays_getout_short_01_head_angle_-20,v1.0-baseline,1.0,678e3a5a74fe,41,1.32,0,0,0,0,0,0,0.075,4,30584.2,0.795912,0.623454,1.51515,0.548983,0.958665,-0.145243,,,,RATE;LOWCORR;FLICKER,28
anim_cozmosays_getout_short_01_head_angle_40,v1.0-baseline,1.0,678e3a5a74fe,41,1.32,0,0,0,0,0,0,0.175,4,34259.6,1.19778,0.623454,1.51515,0.548983,0.697813,0.98732,,,,RATE;FLICKER,17
anim_cozmosays_speakloop_01,v1.0-baseline,1.0,678e3a5a74fe,31,0.99,0,0,0,0,0,0,0,0.0284442,127.946,0.00256643,0.138645,0,0.138645,,,,,,STATIC,50
anim_cozmosays_speakloop_02,v1.0-baseline,1.0,678e3a5a74fe,31,0.99,0,0,0,0,0,0,0,0,0,0,0,0,0,,,,,,STATIC,50
anim_cozmosays_speakloop_03,v1.0-baseline,1.0,678e3a5a74fe,14,0.429,0,0,0,0,0,0,0,0.954624,21387.2,0.0315026,0.00033462,0,0.00033462,,,,,,TINY;SHORT;STATIC,70
anim_cozmosings_100_song_01,v1.0-baseline,1.0,678e3a5a74fe,304,9.999,0,0,0,0,0,0,0.148515,4,30061.1,1.40148,0.710824,0.20002,0.475668,0.967946,0.928633,0.981656,,,RATE,5.941
anim_cozmosings_120_song_01,v1.0-baseline,1.0,678e3a5a74fe,261,8.58,0,0,0,0,0,0,0.134615,4,24112.5,1.93814,0.661354,0.582751,0.621474,0.952976,0.976753,0.973954,,,RATE,5.385
anim_cozmosings_80_song_01,v1.0-baseline,1.0,678e3a5a74fe,376,12.375,0,0,0,0,0,0,0.064,4,25424.6,1.17393,0.72373,0.161616,0.584779,0.981132,0.317581,0.953928,,,RATE,2.56
anim_cozmosings_getin_01,v1.0-baseline,1.0,678e3a5a74fe,251,8.25,0,0,0,0,0,0,0.12,4,21669.2,1.25101,0.76496,0.242424,0.692623,0.977637,,0.996963,,,RATE,4.8
anim_cozmosings_getin_02,v1.0-baseline,1.0,678e3a5a74fe,182,5.973,0,0,0,0,0,0,0.0276243,4,22836.5,0.856517,0.715839,0.16742,0.346138,0.978477,,,,,,1.105
anim_cozmosings_getin_03,v1.0-baseline,1.0,678e3a5a74fe,161,5.28,0,0,0,0,0,0,0.04375,4,23801,1.14655,0.457995,0.568182,0.327078,0.985358,,0.99839,,,,1.75
anim_cozmosings_getout_01,v1.0-baseline,1.0,678e3a5a74fe,66,2.145,0,0,0,0,0,0,0.0307692,4,25044.6,0.667147,0.709376,0.932401,0.388441,0.9327,0.85346,,4.57749,16.2403,DYN,26.231
anim_dancing_mambo_01,v1.0-baseline,1.0,678e3a5a74fe,469,15.444,0,0,0.0426439,0,0,0.0426439,0.288462,4,52820.7,1.98359,0.670154,0.32375,0.648001,0.950142,0.60787,0.824587,,,SAT;RATE,15.803
anim_dizzy_pickup_01,v1.0-baseline,1.0,678e3a5a74fe,80,2.607,0,0,0,0,0,0,0.0886076,4,36962.4,0.645493,0.495815,0.767165,0.495815,0.989597,0.111805,,,,RATE;LOWCORR,18.544
anim_dizzy_pickup_02,v1.0-baseline,1.0,678e3a5a74fe,100,3.267,0,0,0,0,0,0,0.040404,4,39280.4,0.770734,0.514564,1.22436,0.514564,0.900114,0.287025,0.945893,,,LOWCORR;FLICKER,26.616
anim_dizzy_pickup_03,v1.0-baseline,1.0,678e3a5a74fe,91,2.97,0,0,0,0,0,0,0.0333333,4,21670.8,0.759532,0.724508,0.3367,0.688511,0.993634,0.141179,,,,LOWCORR,16.333
anim_dizzy_reaction_hard_01,v1.0-baseline,1.0,678e3a5a74fe,377,12.408,0,0,0,0,0,0,0.0292553,4,19293.6,0.901616,0.713496,0.322373,0.559613,0.984919,0.0570366,0.966773,,,LOWCORR,16.17
anim_dizzy_reaction_medium_01,v1.0-baseline,1.0,678e3a5a74fe,276,9.075,0,0,0,0,0,0,0.0327273,4,43754.5,1.13671,0.801837,0.220386,0.588135,0.969831,0.291546,0.951978,,,LOWCORR,16.309
anim_dizzy_reaction_medium_02,v1.0-baseline,1.0,678e3a5a74fe,201,6.6,0,0,0,0,0,0,0.13,4,77820.8,1.13329,0.363773,0.151515,0.357822,0.792848,0.187949,0.171678,,,RATE;LOWCORR,20.2
anim_dizzy_reaction_medium_03,v1.0-baseline,1.0,678e3a5a74fe,275,9.042,0,0,0,0,0,0,0.0875912,4,55896.9,1.21043,0.71019,0.22119,0.61547,0.977694,0.833689,0.972673,,,RATE,3.504
anim_dizzy_reaction_soft_01,v1.0-baseline,1.0,678e3a5a74fe,163,5.346,0,0,0,0,0,0,0.0617284,4,62293.1,0.958101,0.632983,0.374111,0.474803,0.926066,0.59701,0.84477,,,RATE,2.469
anim_dizzy_reaction_soft_02,v1.0-baseline,1.0,678e3a5a74fe,152,4.983,0,0,0,0,0,0,0.13245,4,64190.2,1.35611,0.632983,0.401365,0.534619,0.974986,0.839884,0.935962,,,RATE,5.298
anim_dizzy_reaction_soft_03,v1.0-baseline,1.0,678e3a5a74fe,165,5.412,0,0,0,0,0,0,0.0426829,4,54936.6,1.19501,0.357822,0.184775,0.357822,0.933167,-0.0393526,0.963408,,,LOWCORR,16.707
anim_dizzy_shake_loop_01,v1.0-baseline,1.0,678e3a5a74fe,165,5.412,0,0,0,0,0,0,0.00609756,4,94087.9,0.247019,0.225569,0,0.199754,0.692778,,,,,,0.244
anim_dizzy_shake_stop_01,v1.0-baseline,1.0,678e3a5a74fe,127,4.158,0,0,0,0,0,0,0,3.96891,54716.9,0.338142,0.357822,0.2405,0.357822,0.839774,0.420335,,,,,0
anim_driving_upset_end_01,v1.0-baseline,1.0,678e3a5a74fe,8,0.231,0,0,0,0,0,0,0,2.51579,109800,0.2464,0.558426,4.329,0.558426,0.962248,,,,,TINY;SHORT;FLICKER,30
anim_driving_upset_loop_01,v1.0-baseline,1.0,678e3a5a74fe,41,1.32,0,0,0,0,0,0,0,3.03695,7673.95,0.400642,0.787867,1.51515,0.538301,0.999171,,,,,FLICKER,10
anim_driving_upset_loop_02,v1.0-baseline,1.0,678e3a5a74fe,51,1.65,0,0,0,0,0,0,0,1.28879,7596.65,0.113364,0.642034,1.21212,0.63803,0.770914,,,,,FLICKER,10
anim_driving_upset_loop_03,v1.0-baseline,1.0,678e3a5a74fe,101,3.3,0,0,0,0,0,0,0,0.126984,268.245,0.013919,0.083555,0,0.0716252,,,,,,STATIC,50
anim_driving_upset_start_01,v1.0-baseline,1.0,678e3a5a74fe,13,0.396,0,0,0,0,0,0,0,2.43512,42827.3,0.102359,0.706302,2.52525,0.366188,,,,2,3.44295,TINY;SHORT;FLICKER,30
anim_endmambo,v1.0-baseline,1.0,678e3a5a74fe,99,3.234,0,0,0.030303,0,0,0.030303,0.459184,4,56979,1.56434,0.648001,0.927644,0.409033,0.951049,0.895261,,,,SAT;RATE,21.398
anim_energy_cubedone_01,v1.0-baseline,1.0,678e3a5a74fe,20,0.627,0,0,0,0,0,0,0.105263,4,26069.7,0.494644,0.148077,0,0.0845659,0.955558,0.988127,,,,SHORT;RATE,14.211
anim_energy_cubedone_02,v1.0-baseline,1.0,678e3a5a74fe,38,1.221,0,0,0,0,0,0,0,2.88831,10532.8,0.367424,0.281257,0,0.280172,0.963854,0.998119,,,,,0
anim_energy_cubedonelvl1_02,v1.0-baseline,1.0,678e3a5a74fe,38,1.221,0,0,0,0,0,0,0.243243,4,43776.7,0.936356,0.528509,0.819001,0.353749,0.984819,0.548044,0.981015,,,RATE,9.73
anim_energy_cubedown_01,v1.0-baseline,1.0,678e3a5a74fe,56,1.815,0,0,0,0,0,0,0.290909,4,50441.4,1.03248,0.649654,1.10193,0.648001,0.926227,0.123488,,,,RATE;LOWCORR;FLICKER,36.636
anim_energy_cubedown_02,v1.0-baseline,1.0,678e3a5a74fe,113,3.696,0,0,0,0,0,0,0,2.19403,6347.92,0.697701,0.289541,0,0.184956,0.994081,-0.0728263,,,,LOWCORR,15
anim_energy_cubedownlvl1_02,v1.0-baseline,1.0,678e3a5a74fe,73,2.376,0,0,0.0273973,0,0,0.0273973,0.236111,4,45671.9,1.1644,0.679575,0.420875,0.421295,0.968811,0.61209,,,,SAT;RATE,12.184
anim_energy_cubedownlvl1_03,v1.0-baseline,1.0,678e3a5a74fe,93,3.036,0,0,0,0,0,0,0.0326087,4,23222.7,0.653984,0.481067,0,0.297009,0.990284,,,,,,1.304
anim_energy_cubedownlvl2_02,v1.0-baseline,1.0,678e3a5a74fe,90,2.937,0,0,0,0,0,0,0.0449438,4,14126.7,0.825761,0.635396,0.680967,0.462403,0.995194,,,,,,1.798
anim_energy_cubedownlvl2_03,v1.0-baseline,1.0,678e3a5a74fe,65,2.112,0,0,0,0,0,0,0.109375,4,30317.1,0.878665,0.739979,1.42045,0.415673,0.916894,0.384501,,,,RATE;FLICKER,14.375
anim_energy_cubenotfound_01,v1.0-baseline,1.0,678e3a5a74fe,83,2.706,0,0,0,0,0,0,0.109756,4,31588.3,0.884042,0.588571,0.369549,0.576815,0.974643,-0.00689313,0.999135,,,RATE;LOWCORR,19.39
anim_energy_cubenotfound_02,v1.0-baseline,1.0,678e3a5a74fe,116,3.795,0,0,0,0,0,0,0.0608696,4,26208.2,0.846145,0.427642,0,0.211467,0.985511,-0.0507942,0.999663,,,RATE;LOWCORR,17.435
anim_energy_cubeshake_01,v1.0-baseline,1.0,678e3a5a74fe,119,3.894,0,0,0,0,0,0,0.194915,4,43579,1.1088,0.653116,0.770416,0.585992,0.864672,0.863214,0.996805,,,RATE,7.797
anim_energy_cubeshake_02,v1.0-baseline,1.0,678e3a5a74fe,69,2.244,0,0,0.0869565,0,0,0.0869565,0.0441176,4,20078,1.06563,0.427909,0.891266,0.427909,0.988818,0.851016,,,,SAT,10.46
anim_energy_cubeshake_lv2_02,v1.0-baseline,1.0,678e3a5a74fe,175,5.742,0,0,0,0,0,0,0,2.65185,5221.41,0.735986,0.676937,0.522466,0.354059,0.996607,,,,,,0
anim_energy_cubeshake_lv2_03,v1.0-baseline,1.0,678e3a5a74fe,174,5.709,0,0,0,0,0,0,0.0346821,4,14414.4,0.837923,0.678203,0.350324,0.522603,0.992664,0.689114,,,,,1.387
anim_energy_cubeshakelvl1_02,v1.0-baseline,1.0,678e3a5a74fe,106,3.465,0,0,0,0,0,0,0.266667,4,58096.4,1.60351,0.251714,0,0.0995216,0.948485,0.114836,0.945568,,,RATE;LOWCORR,25.667
anim_energy_cubeshakelvl1_03,v1.0-baseline,1.0,678e3a5a74fe,131,4.29,0,0,0,0,0,0,0,3.96785,11182.6,0.682308,0.0947196,0,0.0947196,0.998625,,,2.23358,8.6127,,0
anim_energy_drivegeout_01,v1.0-baseline,1.0,678e3a5a74fe,35,1.122,0,0,0,0,0,0,0,2.35566,11153.8,0.418312,0.370895,0.891266,0.370895,0.990984,,,,,,0
anim_energy_drivegetin_01,v1.0-baseline,1.0,678e3a5a74fe,91,2.97,0,0,0,0,0,0,0,3.81307,12620.6,0.533356,0.514758,0.3367,0.346546,0.995063,,,,,,0
anim_energy_driveloop_01,v1.0-baseline,1.0,678e3a5a74fe,151,4.95,0,0,0,0,0,0,0,2.27641,10913.6,0.210778,0.254329,0,0.204081,0.971711,,,,,,0
anim_energy_driveloop_02,v1.0-baseline,1.0,678e3a5a74fe,104,3.399,0,0,0,0,0,0,0,3.41209,11791.7,0.318495,0.284407,0,0.249943,0.984935,,,,,,0
anim_energy_driveloop_03,v1.0-baseline,1.0,678e3a5a74fe,101,3.3,0,0,0,0,0,0,0,2.74932,6441.52,0.285013,0.422406,0,0.269556,0.985059,,,,,,0
anim_energy_eat_01,v1.0-baseline,1.0,678e3a5a74fe,421,13.86,0,0,0,0,0,0,0.0238095,4,18265.3,1.556,0.747889,0.21645,0.533277,0.955459,0.962465,0.996794,,,,0.952
anim_energy_eat_02,v1.0-baseline,1.0,678e3a5a74fe,262,8.613,0,0,0.0114504,0,0,0.0114504,0.149425,4,40744.9,1.61781,0.812063,0.348311,0.495389,0.874919,0.91687,0.973982,,,SAT;RATE,7.122
anim_energy_eat_03,v1.0-baseline,1.0,678e3a5a74fe,254,8.349,0,0,0,0,0,0,0.0474308,4,20811,1.13524,0.604784,0.23955,0.378088,0.988148,0.928214,,,,,1.897
anim_energy_eat_04,v1.0-baseline,1.0,678e3a5a74fe,285,9.372,0,0,0,0,0,0,0.0422535,4,17996.5,1.57723,0.808269,0.533504,0.440757,0.976931,0.932695,0.975777,,,,1.69
anim_energy_eat_lvl1_03,v1.0-baseline,1.0,678e3a5a74fe,244,8.019,0,0,0,0,0,0,0.156379,4,51380.3,1.60182,0.812063,0.249408,0.422825,0.910196,0.939257,0.949808,,,RATE,6.255
anim_energy_eat_lvl1_06,v1.0-baseline,1.0,678e3a5a74fe,272,8.943,0,0,0,0,0,0,0.0516605,4,33895.9,1.28974,0.652876,0.111819,0.388279,0.965693,0.980608,0.968763,,,RATE,2.066
anim_energy_eat_lvl1_07,v1.0-baseline,1.0,678e3a5a74fe,300,9.867,0,0,0,0,0,0,0.0501672,4,16299.9,1.75398,0.728206,0.405392,0.643912,0.94432,0.987141,0.989884,,,RATE,2.007
anim_energy_eat_lvl1_08,v1.0-baseline,1.0,678e3a5a74fe,422,13.893,0,0,0,0,0,0,0.0902613,4,39128.2,1.90464,0.812063,0.287915,0.544273,0.844489,0.887541,0.98605,,,RATE,3.61
anim_energy_eat_lvl1_09,v1.0-baseline,1.0,678e3a5a74fe,285,9.372,0,0,0,0,0,0,0.183099,4,55264.9,1.54994,0.812063,0.426803,0.422825,0.93532,0.885514,0.936543,,,RATE,7.324
anim_energy_eat_lvl2_05,v1.0-baseline,1.0,678e3a5a74fe,241,7.92,0,0,0,0,0,0,0.00416667,4,13019.6,1.2109,0.777068,0.252525,0.363292,0.988144,0.821626,0.956168,,,,0.167
anim_energy_failgetout_01,v1.0-baseline,1.0,678e3a5a74fe,56,1.815,0,0,0,0,0,0,0.218182,4,31180.7,0.777106,0.4168,1.10193,0.4168,0.984815,,,,,RATE;FLICKER,18.727
anim_energy_failgetout_02,v1.0-baseline,1.0,678e3a5a74fe,64,2.079,0,0,0,0,0,0,0.142857,4,48104.4,1.18582,0.0999509,0,0.0999509,0.978579,0.337434,,,,RATE,5.714
anim_energy_getin_01,v1.0-baseline,1.0,678e3a5a74fe,65,2.112,0,0,0,0,0,0,0.140625,4,29478.2,1.04572,0.812252,0,0.237542,0.994515,0.948859,,6.80057,20.5232,RATE;DYN,30.625
anim_energy_getout_01,v1.0-baseline,1.0,678e3a5a74fe,101,3.3,0,0,0,0,0,0,0.02,4,17154.1,0.927072,0.864016,1.51515,0.781819,0.988883,,,,,FLICKER,10.8
anim_energy_idlel1_01,v1.0-baseline,1.0,678e3a5a74fe,108,3.531,0,0,0,0,0,0,0,1.90448,4578.93,0.310284,0.758902,1.13282,0.530549,0.960463,,,,,FLICKER,10
anim_energy_idlel1_02,v1.0-baseline,1.0,678e3a5a74fe,101,3.3,0,0,0,0,0,0,0,1.89722,4674.07,0.282275,0,0,0,0.991034,,,,,,0
anim_energy_idlel1_03,v1.0-baseline,1.0,678e3a5a74fe,100,3.267,0,0,0,0,0,0,0,0.872879,3367.17,0.262158,0.0360833,0,0.0279298,0.98424,,,,,,0
anim_energy_idlel2_01_nohead,v1.0-baseline,1.0,678e3a5a74fe,99,3.234,0,0,0,0,0,0,0,0.380775,276.86,0.103983,0.521005,0.309215,0.413359,,,,,,,0
anim_energy_idlel2_02_nohead,v1.0-baseline,1.0,678e3a5a74fe,151,4.95,0,0,0,0,0,0,0,1.75448,2801.54,0.28216,0.24496,0,0.178962,,,,,,,0
anim_energy_idlel2_03_nohead,v1.0-baseline,1.0,678e3a5a74fe,99,3.234,0,0,0,0,0,0,0,0.493295,1225.04,0.0554781,0.390633,0.309215,0.346546,,,,,,,0
anim_energy_idlel2_04,v1.0-baseline,1.0,678e3a5a74fe,113,3.696,0,0,0,0,0,0,0,1.53941,4396.16,0.239904,0.418369,0.541126,0.327031,0.992197,,,,,,0
anim_energy_idlel2_05,v1.0-baseline,1.0,678e3a5a74fe,126,4.125,0,0,0,0,0,0,0,1.96842,4589.48,0.263823,0.396463,0.242424,0.331306,0.997521,,,,,,0
anim_energy_idlel2_06,v1.0-baseline,1.0,678e3a5a74fe,99,3.234,0,0,0,0,0,0,0,1.88379,4226.24,0.248455,0.521005,0.309215,0.384827,0.988395,,,,,,0
anim_energy_idlel2_search_01,v1.0-baseline,1.0,678e3a5a74fe,99,3.234,0,0,0,0,0,0,0.0306122,4,15739.2,0.69111,0.529248,0.309215,0.413359,0.997744,,,,,,1.224
anim_energy_idlel2_search_02,v1.0-baseline,1.0,678e3a5a74fe,151,4.95,0,0,0,0,0,0,0,2.27822,11160.4,0.28216,0.24496,0,0.178962,0.971722,,,,,,0
anim_energy_idlel2_search_03,v1.0-baseline,1.0,678e3a5a74fe,99,3.234,0,0,0,0,0,0,0,2.3342,9855.9,0.305948,0.390633,0.309215,0.346546,0.964052,,,,,,0
anim_energy_liftoncube_01,v1.0-baseline,1.0,678e3a5a74fe,26,0.825,0,0,0,0,0,0,0.2,4,47450.4,1.07683,0.0294096,0,0.0294096,0.925544,0.896267,,,,SHORT;RATE,18
anim_energy_liftoncube_02,v1.0-baseline,1.0,678e3a5a74fe,31,0.99,0,0,0,0,0,0,0.266667,4,32330.4,1.15868,0,0,0,0.947518,0.946186,,,,RATE,10.667
anim_energy_react_stop_01,v1.0-baseline,1.0,678e3a5a74fe,113,3.696,0,0,0.0265487,0,0,0.0265487,0.0267857,4,16801.5,0.836808,0.626714,0.270563,0.510348,0.99592,,0.99639,,,SAT,3.726
anim_energy_reacttocliff_lv2_01,v1.0-baseline,1.0,678e3a5a74fe,108,3.531,0,0,0,0,0,0,0,3.44821,8029.29,0.896632,0.674582,0.283206,0.376217,0.995409,,,,,,0
anim_energy_requestlvlone_01,v1.0-baseline,1.0,678e3a5a74fe,131,4.29,0,0,0,0,0,0,0.0461538,4,24877.9,0.70783,0.237693,0,0.193936,0.987533,0.911115,,6.68427,29.8364,DYN,26.846
anim_energy_requestlvltwo_01,v1.0-baseline,1.0,678e3a5a74fe,146,4.785,0,0,0,0,0,0,0.0482759,4,28639.1,1.0929,0.605125,0,0.225909,0.995106,0.912456,,,,,1.931
anim_energy_requestshortlvl1_01,v1.0-baseline,1.0,678e3a5a74fe,79,2.574,0,0,0,0,0,0,0.0641026,4,27751.8,0.78496,0.266477,0,0.266477,0.985523,0.973817,,,,RATE,2.564
anim_energy_requestshortlvl2_01,v1.0-baseline,1.0,678e3a5a74fe,91,2.97,0,0,0,0,0,0,0.122222,4,35179.3,0.761546,0.533106,0,0.22079,0.994501,0.942088,,,,RATE,4.889
anim_energy_shortreact_lvl2_01,v1.0-baseline,1.0,678e3a5a74fe,46,1.485,0,0,0,0,0,0,0,3.97393,18035.5,0.685181,0.510348,0.673401,0.510348,0.994534,,,,,,0
anim_energy_stuckonblock_lv2,v1.0-baseline,1.0,678e3a5a74fe,167,5.478,0,0,0,0,0,0,0.0903614,4,21085.7,1.37346,0.546708,0.365097,0.475506,0.983626,0.59025,,,,RATE,3.614
anim_energy_successgetout_01,v1.0-baseline,1.0,678e3a5a74fe,34,1.089,0,0,0,0,0,0,0.151515,4,46540.9,0.778194,0.648001,1.83655,0.553282,0.986878,0.892467,,,,RATE;FLICKER,16.061
anim_energy_successgetout_02,v1.0-baseline,1.0,678e3a5a74fe,76,2.475,0,0,0,0,0,0,0.28,4,46646.8,1.91794,0.626822,0.40404,0.359619,0.975283,-0.192139,0.98434,,,RATE;LOWCORR,26.2
anim_energy_wakeup_01,v1.0-baseline,1.0,678e3a5a74fe,129,4.224,0,0,0,0,0,0,0.0234375,4,13435.6,0.576866,0.438249,0,0.285189,0.997248,,,,,,0.938
anim_explorer_driving01_end_01_head_angle_-10,v1.0-baseline,1.0,678e3a5a74fe,11,0.33,0,0,0,0,0,0,0,2.36029,58054.7,0.119691,0.0509815,0,0.0509815,,,,,,TINY;SHORT,20
anim_explorer_driving01_end_01_head_angle_-20,v1.0-baseline,1.0,678e3a5a74fe,11,0.33,0,0,0,0,0,0,0,2.36029,58054.7,0.119691,0.0509815,0,0.0509815,,,,,,TINY;SHORT,20
anim_explorer_driving01_end_01_head_angle_10,v1.0-baseline,1.0,678e3a5a74fe,11,0.33,0,0,0,0,0,0,0,2.36029,58054.7,0.119691,0.0509815,0,0.0509815,,,,,,TINY;SHORT,20
anim_explorer_driving01_end_01_head_angle_20,v1.0-baseline,1.0,678e3a5a74fe,11,0.33,0,0,0,0,0,0,0,2.36029,58054.7,0.119691,0.0509815,0,0.0509815,,,,,,TINY;SHORT,20
anim_explorer_driving01_end_01_head_angle_30,v1.0-baseline,1.0,678e3a5a74fe,11,0.33,0,0,0,0,0,0,0,2.36029,58054.7,0.119691,0.0509815,0,0.0509815,,,,,,TINY;SHORT,20
anim_explorer_driving01_end_01_head_angle_40,v1.0-baseline,1.0,678e3a5a74fe,11,0.33,0,0,0,0,0,0,0,2.36029,58054.7,0.119691,0.0509815,0,0.0509815,,,,,,TINY;SHORT,20
anim_explorer_driving01_loop_01_head_angle_-10,v1.0-baseline,1.0,678e3a5a74fe,58,1.881,0,0,0,0,0,0,0,1.2012,6309.53,0.178306,0.0751697,0,0.0751697,,,,,,,0
anim_explorer_driving01_loop_01_head_angle_-20,v1.0-baseline,1.0,678e3a5a74fe,58,1.881,0,0,0,0,0,0,0,1.2012,6309.53,0.178306,0.0751697,0,0.0751697,,,,,,,0
anim_explorer_driving01_loop_01_head_angle_10,v1.0-baseline,1.0,678e3a5a74fe,58,1.881,0,0,0,0,0,0,0,1.2012,6309.53,0.178306,0.0751697,0,0.0751697,,,,,,,0
anim_explorer_driving01_loop_01_head_angle_20,v1.0-baseline,1.0,678e3a5a74fe,58,1.881,0,0,0,0,0,0,0,1.2012,6309.53,0.178306,0.0751697,0,0.0751697,,,,2.24455,3.45408,,0
anim_explorer_driving01_loop_01_head_angle_30,v1.0-baseline,1.0,678e3a5a74fe,58,1.881,0,0,0,0,0,0,0,1.2012,6309.53,0.178306,0.0751697,0,0.0751697,,,,,,,0
anim_explorer_driving01_loop_01_head_angle_40,v1.0-baseline,1.0,678e3a5a74fe,58,1.881,0,0,0,0,0,0,0,1.2012,6309.53,0.178306,0.0751697,0,0.0751697,,,,,,,0
anim_explorer_driving01_loop_02_head_angle_-10,v1.0-baseline,1.0,678e3a5a74fe,75,2.442,0,0,0,0,0,0,0,0.18902,507.106,0.0146777,0.0233164,0,0.0233164,,,,,,STATIC,50
anim_explorer_driving01_loop_02_head_angle_-20,v1.0-baseline,1.0,678e3a5a74fe,75,2.442,0,0,0,0,0,0,0,0.18902,507.106,0.0146777,0.0233164,0,0.0233164,,,,,,STATIC,50
anim_explorer_driving01_loop_02_head_angle_10,v1.0-baseline,1.0,678e3a5a74fe,75,2.442,0,0,0,0,0,0,0,0.18902,507.106,0.0146777,0.0233164,0,0.0233164,,,,,,STATIC,50
anim_explorer_driving01_loop_02_head_angle_20,v1.0-baseline,1.0,678e3a5a74fe,75,2.442,0,0,0,0,0,0,0,0.18902,507.106,0.0146777,0.0233164,0,0.0233164,,,,,,STATIC,50
anim_explorer_driving01_loop_02_head_angle_30,v1.0-baseline,1.0,678e3a5a74fe,75,2.442,0,0,0,0,0,0,0,0.18902,507.106,0.0146777,0.0233164,0,0.0233164,,,,,,STATIC,50
anim_explorer_driving01_loop_02_head_angle_40,v1.0-baseline,1.0,678e3a5a74fe,75,2.442,0,0,0,0,0,0,0,0.18902,507.106,0.0146777,0.0233164,0,0.0233164,,,,,,STATIC,50
anim_explorer_driving01_loop_03_head_angle_-10,v1.0-baseline,1.0,678e3a5a74fe,101,3.3,0,0,0,0,0,0,0,2.46326,5745.68,0.18127,0.131519,0,0.0609223,,,,,,,0
anim_explorer_driving01_loop_03_head_angle_-20,v1.0-baseline,1.0,678e3a5a74fe,101,3.3,0,0,0,0,0,0,0,2.46326,5745.68,0.18127,0.131519,0,0.0609223,,,,,,,0
anim_explorer_driving01_loop_03_head_angle_10,v1.0-baseline,1.0,678e3a5a74fe,101,3.3,0,0,0,0,0,0,0,2.46326,5745.68,0.18127,0.131519,0,0.0609223,,,,,,,0
anim_explorer_driving01_loop_03_head_angle_20,v1.0-baseline,1.0,678e3a5a74fe,101,3.3,0,0,0,0,0,0,0,2.46326,5745.68,0.18127,0.131519,0,0.0609223,,,,,,,0
anim_explorer_driving01_loop_03_head_angle_30,v1.0-baseline,1.0,678e3a5a74fe,101,3.3,0,0,0,0,0,0,0,2.46326,5745.68,0.18127,0.131519,0,0.0609223,,,,,,,0
anim_explorer_driving01_loop_03_head_angle_40,v1.0-baseline,1.0,678e3a5a74fe,101,3.3,0,0,0,0,0,0,0,2.46326,5745.68,0.18127,0.131519,0,0.0609223,,,,,,,0
anim_explorer_driving01_start_01,v1.0-baseline,1.0,678e3a5a74fe,28,0.891,0,0,0,0,0,0,0,1.42763,8660.58,0.15223,0.0458853,0,0.0458853,,,,,,SHORT,10
anim_explorer_driving01_start_01_head_angle_-10,v1.0-baseline,1.0,678e3a5a74fe,28,0.891,0,0,0,0,0,0,0,1.42763,8660.58,0.15223,0.0458853,0,0.0458853,,,,,,SHORT,10
anim_explorer_driving01_start_01_head_angle_-20,v1.0-baseline,1.0,678e3a5a74fe,28,0.891,0,0,0,0,0,0,0,1.42763,8660.58,0.15223,0.0458853,0,0.0458853,,,,,,SHORT,10
anim_explorer_driving01_start_01_head_angle_10,v1.0-baseline,1.0,678e3a5a74fe,28,0.891,0,0,0,0,0,0,0,1.42763,8660.58,0.15223,0.0458853,0,0.0458853,,,,2.34554,3.97213,SHORT,10
anim_explorer_driving01_start_01_head_angle_20,v1.0-baseline,1.0,678e3a5a74fe,28,0.891,0,0,0,0,0,0,0,1.42763,8660.58,0.15223,0.0458853,0,0.0458853,,,,,,SHORT,10
anim_explorer_driving01_start_01_head_angle_30,v1.0-baseline,1.0,678e3a5a74fe,28,0.891,0,0,0,0,0,0,0,1.42763,8660.58,0.15223,0.0458853,0,0.0458853,,,,,,SHORT,10
anim_explorer_driving01_start_01_head_angle_40,v1.0-baseline,1.0,678e3a5a74fe,28,0.891,0,0,0,0,0,0,0,1.42763,8660.58,0.15223,0.0458853,0,0.0458853,,,,,,SHORT,10
anim_explorer_driving01_start_02_head_angle_-10,v1.0-baseline,1.0,678e3a5a74fe,34,1.089,0,0,0,0,0,0,0,2.83345,6537.64,0.156362,0.0837718,0,0.0837718,,,,,,,0
anim_explorer_driving01_start_02_head_angle_-20,v1.0-baseline,1.0,678e3a5a74fe,34,1.089,0,0,0,0,0,0,0,2.83345,6537.64,0.156362,0.0837718,0,0.0837718,,,,,,,0
anim_explorer_driving01_start_02_head_angle_10,v1.0-baseline,1.0,678e3a5a74fe,34,1.089,0,0,0,0,0,0,0,2.83345,6537.64,0.156362,0.0837718,0,0.0837718,,,,,,,0
anim_explorer_driving01_start_02_head_angle_20,v1.0-baseline,1.0,678e3a5a74fe,34,1.089,0,0,0,0,0,0,0,2.83345,6537.64,0.156362,0.0837718,0,0.0837718,,,,,,,0
anim_explorer_driving01_start_02_head_angle_30,v1.0-baseline,1.0,678e3a5a74fe,34,1.089,0,0,0,0,0,0,0,2.83345,6537.64,0.156362,0.0837718,0,0.0837718,,,,,,,0
anim_explorer_driving01_start_02_head_angle_40,v1.0-baseline,1.0,678e3a5a74fe,34,1.089,0,0,0,0,0,0,0,2.83345,6537.64,0.156362,0.0837718,0,0.0837718,,,,,,,0
anim_explorer_driving01_turbo_01,v1.0-baseline,1.0,678e3a5a74fe,40,1.287,0,0,0,0,0,0,0.0512821,4,40043.2,0.368518,0.624431,1.554,0.516745,0.980814,,,,,RATE;FLICKER,12.051
anim_explorer_driving01_turbo_01_head_angle_-10,v1.0-baseline,1.0,678e3a5a74fe,40,1.287,0,0,0,0,0,0,0.25641,4,53730.4,0.656181,0.624431,1.554,0.516745,0.962343,,,,,RATE;FLICKER,20.256
anim_explorer_driving01_turbo_01_head_angle_-20,v1.0-baseline,1.0,678e3a5a74fe,40,1.287,0,0,0,0,0,0,0.205128,4,41156.1,0.795321,0.624431,1.554,0.516745,0.948806,,,,,RATE;FLICKER,18.205
anim_explorer_driving01_turbo_01_head_angle_10,v1.0-baseline,1.0,678e3a5a74fe,40,1.287,0,0,0,0,0,0,0.0769231,4,25123.3,0.506457,0.624431,1.554,0.516745,0.982679,,,,,RATE;FLICKER,13.077
anim_explorer_driving01_turbo_01_head_angle_20,v1.0-baseline,1.0,678e3a5a74fe,40,1.287,0,0,0,0,0,0,0.102564,4,26364.1,0.568828,0.624431,1.554,0.516745,0.978658,,,,,RATE;FLICKER,14.103
anim_explorer_driving01_turbo_01_head_angle_30,v1.0-baseline,1.0,678e3a5a74fe,40,1.287,0,0,0,0,0,0,0.102564,4,27189.8,0.530844,0.624431,1.554,0.516745,0.979919,,,,,RATE;FLICKER,14.103
anim_explorer_driving01_turbo_01_head_angle_40,v1.0-baseline,1.0,678e3a5a74fe,40,1.287,0,0,0,0,0,0,0.025641,4,22017.5,0.492476,0.624431,1.554,0.516745,0.984792,,,,,FLICKER,11.026
anim_explorer_drvback_end_01,v1.0-baseline,1.0,678e3a5a74fe,11,0.33,0,0,0,0,0,0,0,2.36029,58054.7,0.119691,0.0509815,0,0.0509815,,,,,,TINY;SHORT,20
anim_explorer_drvback_loop_01,v1.0-baseline,1.0,678e3a5a74fe,58,1.881,0,0,0,0,0,0,0,1.2012,6309.53,0.178306,0.0751697,0,0.0751697,,,,2.24455,3.45408,,0
anim_explorer_drvback_loop_02,v1.0-baseline,1.0,678e3a5a74fe,88,2.871,0,0,0,0,0,0,0,0.155374,498.545,0.0144634,0.0233164,0,0.0233164,,,,,,STATIC,50
anim_explorer_drvback_loop_03,v1.0-baseline,1.0,678e3a5a74fe,117,3.828,0,0,0,0,0,0,0,2.46326,5327.24,0.18127,0.131519,0,0.0609223,,,,,,,0
anim_explorer_drvback_start_01,v1.0-baseline,1.0,678e3a5a74fe,28,0.891,0,0,0,0,0,0,0,1.42763,8660.58,0.15223,0.0458853,0,0.0458853,,,,,,SHORT,10
anim_explorer_drvback_start_02,v1.0-baseline,1.0,678e3a5a74fe,34,1.089,0,0,0,0,0,0,0,2.83345,6537.64,0.156362,0.0837718,0,0.0837718,,,,,,,0
anim_explorer_getin_01,v1.0-baseline,1.0,678e3a5a74fe,39,1.254,0,0,0,0,0,0,0.105263,4,24554.4,0.670276,0.738859,0.797448,0.670462,0.957237,0.794826,,,,RATE,4.211
anim_explorer_huh_01,v1.0-baseline,1.0,678e3a5a74fe,15,0.462,0,0,0.2,0,0,0.2,0.642857,4,76028.5,0.76465,0.137326,0,0.0947196,0.837052,,,,,SHORT;SAT;RATE,55.714
anim_explorer_huh_01_head_angle_-10,v1.0-baseline,1.0,678e3a5a74fe,15,0.462,0,0,0.2,0,0,0.2,0.714286,4,75323.1,0.766537,0.137326,0,0.0947196,0.731658,,,,,SHORT;SAT;RATE,58.571
anim_explorer_huh_01_head_angle_-20,v1.0-baseline,1.0,678e3a5a74fe,15,0.462,0,0,0.2,0,0,0.2,0.714286,4,75323.1,0.766537,0.137326,0,0.0947196,0.731658,,,,,SHORT;SAT;RATE,58.571
anim_explorer_huh_01_head_angle_10,v1.0-baseline,1.0,678e3a5a74fe,15,0.462,0,0,0,0,0,0,0.142857,4,41698.7,0.59187,0.137326,0,0.0947196,0.924519,,,,,SHORT;RATE,15.714
anim_explorer_huh_01_head_angle_20,v1.0-baseline,1.0,678e3a5a74fe,15,0.462,0,0,0,0,0,0,0.357143,4,39725.4,0.498061,0.137326,0,0.0947196,0.90054,,,,,SHORT;RATE,24.286
anim_explorer_huh_01_head_angle_30,v1.0-baseline,1.0,678e3a5a74fe,15,0.462,0,0,0,0,0,0,0.357143,4,39725.3,0.498061,0.137326,0,0.0947196,0.90054,,,,,SHORT;RATE,24.286
anim_explorer_huh_01_head_angle_40,v1.0-baseline,1.0,678e3a5a74fe,15,0.462,0,0,0,0,0,0,0.357143,4,39725.3,0.498061,0.137326,0,0.0947196,0.90054,,,,,SHORT;RATE,24.286
anim_explorer_idle_01_head_angle_-10,v1.0-baseline,1.0,678e3a5a74fe,56,1.815,0,0,0,0,0,0,0,1.7271,4580.52,0.18283,0.0690373,0,0.0584125,0.981609,,,,,,0
anim_explorer_idle_01_head_angle_-20,v1.0-baseline,1.0,678e3a5a74fe,56,1.815,0,0,0,0,0,0,0,1.72711,4580.52,0.18283,0.0690373,0,0.0584125,0.981609,,,,,,0
anim_explorer_idle_01_head_angle_10,v1.0-baseline,1.0,678e3a5a74fe,56,1.815,0,0,0,0,0,0,0,1.28688,3674.73,0.143058,0.0690373,0,0.0584125,0.972761,,,,,,0
anim_explorer_idle_01_head_angle_20,v1.0-baseline,1.0,678e3a5a74fe,56,1.815,0,0,0,0,0,0,0,1.28688,3674.74,0.143058,0.0690373,0,0.0584125,0.972761,,,,,,0
anim_explorer_idle_01_head_angle_30,v1.0-baseline,1.0,678e3a5a74fe,56,1.815,0,0,0,0,0,0,0,1.28688,3674.75,0.143058,0.0690373,0,0.0584125,0.972761,,,,,,0
anim_explorer_idle_01_head_angle_40,v1.0-baseline,1.0,678e3a5a74fe,56,1.815,0,0,0,0,0,0,0,1.28688,3674.74,0.143058,0.0690373,0,0.0584125,0.972761,,,2.19205,3.05233,,0
anim_explorer_idle_02,v1.0-baseline,1.0,678e3a5a74fe,61,1.98,0,0,0,0,0,0,0,1.31294,4695.97,0.190225,0.758902,1.51515,0.530549,0.964627,,,,,FLICKER,10
anim_explorer_idle_02_head_angle_-10,v1.0-baseline,1.0,678e3a5a74fe,61,1.98,0,0,0,0,0,0,0,1.66212,6337.4,0.253722,0.758902,1.51515,0.530549,0.98057,,,,,FLICKER,10
anim_explorer_idle_02_head_angle_-20,v1.0-baseline,1.0,678e3a5a74fe,61,1.98,0,0,0,0,0,0,0,1.66212,6337.4,0.253722,0.758902,1.51515,0.530549,0.98057,,,,,FLICKER,10
anim_explorer_idle_02_head_angle_10,v1.0-baseline,1.0,678e3a5a74fe,61,1.98,0,0,0,0,0,0,0,1.31294,4402.96,0.226122,0.758902,1.51515,0.530549,0.96548,,,,,FLICKER,10
anim_explorer_idle_02_head_angle_20,v1.0-baseline,1.0,678e3a5a74fe,61,1.98,0,0,0,0,0,0,0,1.31294,4402.96,0.226122,0.758902,1.51515,0.530549,0.96548,,,,,FLICKER,10
anim_explorer_idle_02_head_angle_30,v1.0-baseline,1.0,678e3a5a74fe,61,1.98,0,0,0,0,0,0,0,1.31294,4402.95,0.226122,0.758902,1.51515,0.530549,0.96548,,,,,FLICKER,10
anim_explorer_idle_02_head_angle_40,v1.0-baseline,1.0,678e3a5a74fe,61,1.98,0,0,0,0,0,0,0,1.31294,4469.55,0.208664,0.758902,1.51515,0.530549,0.952727,,,,,FLICKER,10
anim_explorer_idle_03_head_angle_-10,v1.0-baseline,1.0,678e3a5a74fe,101,3.3,0,0,0,0,0,0,0,0.951453,3134.44,0.113367,0,0,0,0.481315,,,,,,0
anim_explorer_idle_03_head_angle_-20,v1.0-baseline,1.0,678e3a5a74fe,101,3.3,0,0,0,0,0,0,0,0.951453,3134.44,0.113367,0,0,0,0.481315,,,,,,0
anim_explorer_idle_03_head_angle_10,v1.0-baseline,1.0,678e3a5a74fe,101,3.3,0,0,0,0,0,0,0,1.14422,3176.04,0.141583,0,0,0,0.42724,,,,,,0
anim_explorer_idle_03_head_angle_20,v1.0-baseline,1.0,678e3a5a74fe,101,3.3,0,0,0,0,0,0,0,1.14422,3176.04,0.141583,0,0,0,0.42724,,,,,,0
anim_explorer_idle_03_head_angle_30,v1.0-baseline,1.0,678e3a5a74fe,101,3.3,0,0,0,0,0,0,0,1.14422,3176.05,0.141583,0,0,0,0.42724,,,,,,0
anim_explorer_idle_03_head_angle_40,v1.0-baseline,1.0,678e3a5a74fe,101,3.3,0,0,0,0,0,0,0,1.14422,3176.04,0.141583,0,0,0,0.42724,,,,,,0
anim_factory_audio_test_01,v1.0-baseline,1.0,678e3a5a74fe,565,18.612,0,0,0,0,0,0,0,0,0,0,0,0,0,,,,,,STATIC,50
anim_factory_audio_test_02,v1.0-baseline,1.0,678e3a5a74fe,901,29.7,0,0,0,0,0,0,0.29,4,32962.8,0.791012,0,0,0,0.993426,,,,,RATE,11.6
anim_fistbump_fail_01,v1.0-baseline,1.0,678e3a5a74fe,235,7.722,0,0,0,0,0,0,0.042735,4,18989,1.18106,0.786118,0.259,0.659219,0.997255,0.860915,0.979263,,,,1.709
anim_fistbump_idle_01,v1.0-baseline,1.0,678e3a5a74fe,92,3.003,0,0,0,0,0,0,0,1.51795,2904.22,0.240703,0.124319,0,0.124319,,,,,,,0
anim_fistbump_idle_02,v1.0-baseline,1.0,678e3a5a74fe,91,2.97,0,0,0,0,0,0,0,0.680466,2072.81,0.077607,0.0196536,0,0.0196536,,,,2.37026,2.97735,,0
anim_fistbump_idle_03,v1.0-baseline,1.0,678e3a5a74fe,92,3.003,0,0,0,0,0,0,0,2.03928,3295.01,0.266978,0.0291267,0,0.0192195,,,,,,,0
anim_fistbump_requestonce_01,v1.0-baseline,1.0,678e3a5a74fe,51,1.65,0,0,0,0,0,0,0.3,4,56463.6,1.17081,0.124129,0,0.0947196,0.970267,0.930147,,,,RATE,12
anim_fistbump_requestonce_02,v1.0-baseline,1.0,678e3a5a74fe,119,3.894,0,0,0,0,0,0,0.00847458,4,23965.2,0.934573,0.553282,0.770416,0.553282,0.939526,0.955869,,,,,0.339
anim_fistbump_requestoncelong_01,v1.0-baseline,1.0,678e3a5a74fe,104,3.399,0,0,0,0,0,0,0.145631,4,42803.5,1.00253,0.537951,0.588408,0.416726,0.985011,0.672778,0.989254,,,RATE,5.825
anim_fistbump_requesttwice_01,v1.0-baseline,1.0,678e3a5a74fe,50,1.617,0,0,0,0,0,0,0.0408163,4,19664.8,0.532391,0.0294096,0,0.0294096,0.984293,0.993505,,,,,1.633
anim_fistbump_success_01,v1.0-baseline,1.0,678e3a5a74fe,73,2.376,0,0,0,0,0,0,0.277778,4,40648.6,1.91794,0.716663,0.420875,0.359619,0.98604,0.986507,0.983497,,,RATE,11.111
anim_fistbump_success_02,v1.0-baseline,1.0,678e3a5a74fe,80,2.607,0,0,0,0,0,0,0.139241,4,53835.1,1.14482,0.621944,0.383583,0.346894,0.926312,0.891565,,,,RATE,5.57
anim_fistbump_success_03,v1.0-baseline,1.0,678e3a5a74fe,101,3.3,0,0,0,0,0,0,0.34,4,62561.8,2.03809,0.716663,0.606061,0.429086,0.903096,0.951542,0.906059,,,RATE,13.6
anim_freeplay_reacttoface_identified_01,v1.0-baseline,1.0,678e3a5a74fe,36,1.155,0,0,0,0,0,0,0.0571429,4,23163.2,0.877329,0.825015,1.7316,0.661879,0.982359,0.990278,,,,RATE;FLICKER,12.286
anim_freeplay_reacttoface_identified_01_head_angle_-20,v1.0-baseline,1.0,678e3a5a74fe,36,1.155,0,0,0,0,0,0,0.228571,4,38899.5,0.907463,0.825015,4.329,0.661879,0.990859,0.631878,,,,RATE;FLICKER,19.143
anim_freeplay_reacttoface_identified_01_head_angle_20,v1.0-baseline,1.0,678e3a5a74fe,36,1.155,0,0,0,0,0,0,0.0285714,4,22944.6,0.871973,0.825015,4.329,0.699258,0.976857,0.992509,,,,FLICKER,11.143
anim_freeplay_reacttoface_identified_01_head_angle_40,v1.0-baseline,1.0,678e3a5a74fe,36,1.155,0,0,0,0,0,0,0.0285714,4,20954.6,0.508101,0.825015,3.4632,0.825015,0.679035,0.992509,,,,FLICKER,11.143
anim_freeplay_reacttoface_identified_02,v1.0-baseline,1.0,678e3a5a74fe,46,1.485,0,0,0,0,0,0,0.177778,4,27986.4,0.774864,0.632671,1.3468,0.537951,0.987243,,,,,RATE;FLICKER,17.111
anim_freeplay_reacttoface_identified_02_head_angle_-20,v1.0-baseline,1.0,678e3a5a74fe,46,1.485,0,0,0,0,0,0,0.266667,4,50646.2,0.768298,0.632671,1.3468,0.537951,0.988465,,,,,RATE;FLICKER,20.667
anim_freeplay_reacttoface_identified_02_head_angle_20,v1.0-baseline,1.0,678e3a5a74fe,46,1.485,0,0,0,0,0,0,0.0444444,4,20177.6,0.548129,0.632671,1.3468,0.537951,0.978917,,,,,FLICKER,11.778
anim_freeplay_reacttoface_identified_02_head_angle_40,v1.0-baseline,1.0,678e3a5a74fe,46,1.485,0,0,0,0,0,0,0,1.27131,7384.95,0.242931,0.632671,1.3468,0.537951,0.480813,,,,,FLICKER,10
anim_freeplay_reacttoface_identified_03_head_angle_-20,v1.0-baseline,1.0,678e3a5a74fe,55,1.782,0,0,0,0,0,0,0.12963,4,30610.6,0.890542,0,0,0,0.981858,0.177609,,,,RATE;LOWCORR,20.185
anim_freeplay_reacttoface_identified_03_head_angle_20,v1.0-baseline,1.0,678e3a5a74fe,55,1.782,0,0,0,0,0,0,0.0740741,4,25368.8,0.725547,0,0,0,0.938779,0.969188,,3.78583,12.1954,RATE;DYN,27.963
anim_freeplay_reacttoface_identified_03_head_angle_40,v1.0-baseline,1.0,678e3a5a74fe,55,1.782,0,0,0,0,0,0,0,3.51926,20851.2,0.597653,0,0,0,0.817337,0.969188,,,,,0
anim_freeplay_reacttoface_like_01,v1.0-baseline,1.0,678e3a5a74fe,141,4.62,0,0,0,0,0,0,0.0642857,4,26705.5,1.10053,0.830141,0.649351,0.735422,0.966648,0.917939,,,,RATE,2.571
anim_freeplay_reacttoface_longname_01,v1.0-baseline,1.0,678e3a5a74fe,89,2.904,0,0,0,0,0,0,0,3.35808,11167.7,0.33456,0.600717,0.344353,0.440882,0.965407,,,,,,0
anim_freeplay_reacttoface_sayname_01_head_angle_-20,v1.0-baseline,1.0,678e3a5a74fe,89,2.904,0,0,0,0,0,0,0.159091,4,45281.1,0.776914,0.64168,2.41047,0.58061,0.941763,-0.065227,,,,RATE;LOWCORR;FLICKER,31.364
anim_freeplay_reacttoface_sayname_01_head_angle_20,v1.0-baseline,1.0,678e3a5a74fe,89,2.904,0,0,0,0,0,0,0.0113636,4,20370.1,0.507737,0.64168,2.41047,0.58061,0.973884,0.658057,,,,FLICKER,10.455
anim_freeplay_reacttoface_sayname_01_head_angle_40,v1.0-baseline,1.0,678e3a5a74fe,89,2.904,0,0,0,0,0,0,0,3.64243,16312.8,0.557215,0.64168,2.41047,0.58061,0.970397,0.678597,,,,FLICKER,10
anim_freeplay_reacttoface_sayname_02,v1.0-baseline,1.0,678e3a5a74fe,85,2.772,0,0,0,0,0,0,0.178571,4,45880.8,1.14352,0.64168,1.08225,0.58061,0.758564,0.123138,,,,RATE;LOWCORR;FLICKER,32.143
anim_freeplay_reacttoface_sayname_02_head_angle_-20,v1.0-baseline,1.0,678e3a5a74fe,85,2.772,0,0,0.0588235,0,0,0.0588235,0.142857,4,45127.6,0.977694,0.64168,1.08225,0.58061,0.894653,-0.113196,,,,SAT;RATE;LOWCORR;FLICKER,36.597
anim_freeplay_reacttoface_sayname_02_head_angle_20,v1.0-baseline,1.0,678e3a5a74fe,85,2.772,0,0,0,0,0,0,0.0238095,4,23406.2,0.709958,0.64168,1.08225,0.58061,0.964762,0.316174,,,,FLICKER,10.952
anim_freeplay_reacttoface_sayname_02_head_angle_40,v1.0-baseline,1.0,678e3a5a74fe,85,2.772,0,0,0,0,0,0,0.047619,4,26922.1,0.677799,0.64168,1.08225,0.58061,0.953827,0.355909,,,,FLICKER,11.905
anim_freeplay_reacttoface_sayname_03_head_angle_-20,v1.0-baseline,1.0,678e3a5a74fe,46,1.485,0,0,0,0,0,0,0.288889,4,77477.8,1.16292,0.548983,1.3468,0.485337,0.905188,0.725902,,,,RATE;FLICKER,21.556
anim_freeplay_reacttoface_sayname_03_head_angle_20,v1.0-baseline,1.0,678e3a5a74fe,46,1.485,0,0,0,0,0,0,0.2,4,64820.6,0.827053,0.548983,1.3468,0.485337,0.773444,0.965336,,,,RATE;FLICKER,18
anim_freeplay_reacttoface_sayname_03_head_angle_40,v1.0-baseline,1.0,678e3a5a74fe,46,1.485,0,0,0,0,0,0,0.2,4,63023.5,0.820213,0.548983,1.3468,0.485337,0.0250324,0.965336,,,,RATE;LOWCORR;FLICKER,33
anim_freeplay_reacttoface_wiggle_01,v1.0-baseline,1.0,678e3a5a74fe,73,2.376,0,0,0,0,0,0,0.152778,4,32080.6,1.3774,0.58101,1.6835,0.58061,0.975445,0.98937,0.982247,,,RATE;FLICKER,16.111
anim_gamesetup_getin_01_head_angle_-20,v1.0-baseline,1.0,678e3a5a74fe,15,0.462,0,0,0,0,0,0,0,2.14231,19525.1,0.201889,0,0,0,0.885257,-0.389517,,,,SHORT;LOWCORR,25
anim_gamesetup_getin_01_head_angle_20,v1.0-baseline,1.0,678e3a5a74fe,15,0.462,0,0,0,0,0,0,0.214286,4,40071.1,0.636495,0,0,0,0.995228,0.140444,,,,SHORT;RATE;LOWCORR,33.571
anim_gamesetup_getin_01_head_angle_40,v1.0-baseline,1.0,678e3a5a74fe,15,0.462,0,0,0,0,0,0,0.428571,4,58761.7,0.638889,0,0,0,0.977154,0.179972,,,,SHORT;RATE;LOWCORR,42.143
anim_gamesetup_getout_01,v1.0-baseline,1.0,678e3a5a74fe,76,2.475,0,0,0,0,0,0,0.0533333,4,17516.8,0.843582,0.695208,0.40404,0.639456,0.976984,0.157516,0.956096,3.33904,14.3094,RATE;LOWCORR;DYN,42.133
anim_gamesetup_idle_01,v1.0-baseline,1.0,678e3a5a74fe,116,3.795,0,0,0,0,0,0,0,2.77392,8712.79,0.386146,0.789421,0.790514,0.530549,0.985629,,,,,,0
anim_gamesetup_idle_02,v1.0-baseline,1.0,678e3a5a74fe,89,2.904,0,0,0,0,0,0,0,1.54554,4479.25,0.26192,0.774084,1.03306,0.530549,0.54502,,,,,FLICKER,10
anim_gamesetup_idle_03,v1.0-baseline,1.0,678e3a5a74fe,42,1.353,0,0,0,0,0,0,0,1.18247,5920.98,0.0917637,0.735727,1.4782,0.530549,,,,,,FLICKER,10
anim_gamesetup_reaction_01,v1.0-baseline,1.0,678e3a5a74fe,30,0.957,0,0,0,0,0,0,0.103448,4,39340.2,0.460593,0.124129,0,0.0947196,0.912633,,,,,RATE,4.138
anim_gif_gleeserious_01,v1.0-baseline,1.0,678e3a5a74fe,91,2.97,0,0,0,0,0,0,0.0888889,4,37086.3,0.772555,0.820957,0.3367,0.524162,0.991118,-0.0763177,0.996785,,,RATE;LOWCORR,18.556
anim_gif_idk_01,v1.0-baseline,1.0,678e3a5a74fe,116,3.795,0,0,0,0,0,0,0.026087,4,12383.4,0.644176,0.0797694,0,0.0497302,0.950251,0.798119,,,,,1.043
anim_gif_no_01,v1.0-baseline,1.0,678e3a5a74fe,66,2.145,0,0,0,0,0,0,0.230769,4,22806.4,1.23737,0.254283,0,0.169057,0.99751,,0.979257,,,RATE,9.231
anim_gotosleep_getin_01,v1.0-baseline,1.0,678e3a5a74fe,161,5.28,0,0,0,0,0,0,0,0.963767,1726.02,0.600159,0.827169,0,0.232701,0.994399,,,,,,0
anim_gotosleep_getout_01,v1.0-baseline,1.0,678e3a5a74fe,121,3.96,0,0,0,0,0,0,0,3.24934,11584.2,0.64231,0.816695,0.757576,0.386437,0.993562,,,,,,0
anim_gotosleep_getout_02,v1.0-baseline,1.0,678e3a5a74fe,136,4.455,0,0,0,0,0,0,0,1.79367,7622.39,0.671531,0.793996,0.673401,0.577082,0.987785,0.780074,,,,,0
anim_gotosleep_getout_03,v1.0-baseline,1.0,678e3a5a74fe,103,3.366,0,0,0,0,0,0,0,1.25646,4428.11,0.380521,0.793996,0.297089,0.306326,0.976491,,,,,,0
anim_gotosleep_getout_04,v1.0-baseline,1.0,678e3a5a74fe,96,3.135,0,0,0,0,0,0,0.2,4,54252.9,0.797944,0.888716,1.91388,0.735894,0.904252,0.249476,0.979526,,,RATE;LOWCORR;FLICKER,33
anim_gotosleep_off_01,v1.0-baseline,1.0,678e3a5a74fe,33,1.056,0,0,0,0,0,0,0,0,0,0,0.170928,0,0.170928,,,,,,STATIC,50
anim_gotosleep_sleeping_01,v1.0-baseline,1.0,678e3a5a74fe,445,14.652,0,0,0,0,0,0,0,0.851889,1085.38,0.348782,0.169026,0,0.121017,0.996095,,,,,,0
anim_gotosleep_sleeploop_01,v1.0-baseline,1.0,678e3a5a74fe,445,14.652,0,0,0,0,0,0,0,0.300368,681.631,0.139722,0.169026,0,0.121017,0.978615,,,,,,0
anim_greeting_happy_01,v1.0-baseline,1.0,678e3a5a74fe,136,4.455,0,0,0,0,0,0,0.133333,4,39116.4,2.03116,0.548997,0.673401,0.548997,0.875921,0.63126,0.965213,,,RATE,5.333
anim_greeting_happy_02,v1.0-baseline,1.0,678e3a5a74fe,132,4.323,0,0,0,0,0,0,0.0916031,4,24020.4,1.07855,0.758902,1.61925,0.625932,0.968066,0.980912,0.995527,,,RATE;FLICKER,13.664
anim_greeting_happy_03,v1.0-baseline,1.0,678e3a5a74fe,95,3.102,0,0,0,0,0,0,0.180851,4,60092,1.06908,4.05312e-05,0,2.94447e-05,0.980498,0.713912,0.89986,4.93421,13.8734,RATE;DYN,32.234
anim_greeting_happy_03_head_angle_-20,v1.0-baseline,1.0,678e3a5a74fe,95,3.102,0,0,0,0,0,0,0.191489,4,56082.1,1.06908,4.05312e-05,0,2.94447e-05,0.976742,-0.121141,0.89986,,,RATE;LOWCORR,22.66
anim_greeting_happy_03_head_angle_20,v1.0-baseline,1.0,678e3a5a74fe,95,3.102,0,0,0,0,0,0,0.170213,4,56202.1,1.06908,4.05312e-05,0,2.94447e-05,0.981091,0.852957,0.89986,,,RATE,6.809
anim_greeting_happy_03_head_angle_40,v1.0-baseline,1.0,678e3a5a74fe,95,3.102,0,0,0,0,0,0,0.138298,4,55064.1,1.06908,4.05312e-05,0,2.94447e-05,0.982988,0.852957,0.89986,,,RATE,5.532
anim_guarddog_cubedisconnect_01,v1.0-baseline,1.0,678e3a5a74fe,16,0.495,0,0,0,0,0,0,0,3.12769,30573.9,0.282419,0.528838,6.06061,0.528443,0.936815,0.896777,,,,SHORT;FLICKER,20
anim_guarddog_fakeout_01,v1.0-baseline,1.0,678e3a5a74fe,198,6.501,0,0,0,0,0,0,0.0609137,4,34896.7,0.719314,0.812054,0.922935,0.747695,0.940542,0.0902312,,,,RATE;LOWCORR,17.437
anim_guarddog_fakeout_02,v1.0-baseline,1.0,678e3a5a74fe,133,4.356,0,0,0,0,0,0,0,3.69992,14809.5,0.455825,0.723681,0.459137,0.649319,0.990901,0.94966,,,,,0
anim_guarddog_fakeout_03,v1.0-baseline,1.0,678e3a5a74fe,127,4.158,0,0,0,0,0,0,0.0873016,4,43467.3,0.914566,0.77095,1.443,0.637074,0.766797,0.59967,0.954245,,,RATE;FLICKER,13.492
anim_guarddog_getout_busted_01,v1.0-baseline,1.0,678e3a5a74fe,264,8.679,0,0,0,0,0,0,0.18251,4,57994.1,1.57822,0.773587,0.345662,0.643845,0.885198,0.923148,0.712321,,,RATE,7.3
anim_guarddog_getout_playersucess_01,v1.0-baseline,1.0,678e3a5a74fe,296,9.735,0,0,0,0,0,0,0.0508475,4,30620.2,0.87215,0.846133,0.410889,0.751414,0.938076,0.533872,0.862199,,,RATE,2.034
anim_guarddog_getout_timeout_01,v1.0-baseline,1.0,678e3a5a74fe,171,5.61,0,0,0,0,0,0,0,3.85285,11646.9,0.570705,0.759585,0.356506,0.438582,0.983187,0.963876,,,,,0
anim_guarddog_getout_timeout_02,v1.0-baseline,1.0,678e3a5a74fe,115,3.762,0,0,0,0,0,0,0.0175439,4,18710.9,0.518152,0.841608,0.531632,0.560569,0.925627,0.374071,0.972638,,,,0.702
anim_guarddog_getout_touched_01,v1.0-baseline,1.0,678e3a5a74fe,181,5.94,0,0,0,0,0,0,0.138889,4,35028.7,0.889632,0.638577,1.0101,0.53921,0.894742,0.7406,0.857656,,,RATE;FLICKER,15.556
anim_guarddog_getout_untouched_01,v1.0-baseline,1.0,678e3a5a74fe,26,0.825,0,0,0,0,0,0,0,2.78956,10435.5,0.296532,0.648555,2.42424,0.442921,0.984578,,,,,SHORT;FLICKER,20
anim_guarddog_getout_untouched_02,v1.0-baseline,1.0,678e3a5a74fe,71,2.31,0,0,0,0,0,0,0,2.96561,26041.7,0.454747,0.548983,0.865801,0.527807,0.965819,0.93865,,,,,0
anim_guarddog_interruption_01,v1.0-baseline,1.0,678e3a5a74fe,242,7.953,0,0,0,0,0,0,0.06639,4,44113.8,0.885889,0.779083,0.628694,0.495815,0.950896,0.429289,0.964568,,,RATE,2.656
anim_guarddog_pulse_01,v1.0-baseline,1.0,678e3a5a74fe,10,0.297,0,0,0,0,0,0,0.888889,4,168377,0.66,0,0,0,-0.719973,0.649531,,,,TINY;SHORT;RATE;LOWCORR,70.556
anim_guarddog_settle_01,v1.0-baseline,1.0,678e3a5a74fe,296,9.735,0,0,0,0,0,0,0.0135593,4,7528.11,1.08302,0.650226,0.308166,0.373113,0.914725,0.957545,0.487252,,,,0.542
anim_guarddog_sleeploop_01,v1.0-baseline,1.0,678e3a5a74fe,200,6.567,0,0,0,0,0,0,0,1.58432,2890.49,0.284651,0.33441,0,0.19154,0.976843,,,2.27924,4.12571,,0
anim_guarddog_sleeploop_02,v1.0-baseline,1.0,678e3a5a74fe,351,11.55,0,0,0,0,0,0,0,0.744983,1717.61,0.138585,0.26653,0,0.187457,0.977103,,,,,,0
anim_hiccup_01,v1.0-baseline,1.0,678e3a5a74fe,48,1.551,0,0,0,0,0,0,0.0212766,4,30854.8,0.583476,0.606956,1.28949,0.512237,0.965991,0.30655,,,,FLICKER,10.851
anim_hiccup_02,v1.0-baseline,1.0,678e3a5a74fe,95,3.102,0,0,0,0,0,0,0.0638298,4,30716.8,0.645962,0.0951902,0,0.0951902,0.907627,0.805594,,,,RATE,2.553
anim_hiccup_faceplant_01,v1.0-baseline,1.0,678e3a5a74fe,131,4.29,0,0,0,0,0,0,0.146154,4,44941.9,1.12417,0.672876,1.1655,0.584036,0.903646,0.377722,,,,RATE;FLICKER,15.846
anim_hiccup_faceplant_02,v1.0-baseline,1.0,678e3a5a74fe,71,2.31,0,0,0,0,0,0,0.3,4,56102.6,1.39377,0.584036,1.7316,0.584036,0.829314,0.701876,,,,RATE;FLICKER,22
anim_hiccup_getin,v1.0-baseline,1.0,678e3a5a74fe,46,1.485,0,0,0,0,0,0,0.0666667,4,36295.5,0.628181,0.165727,0,0.152499,0.950159,0.224528,,,,RATE;LOWCORR,17.667
anim_hiccup_playercure_getout,v1.0-baseline,1.0,678e3a5a74fe,166,5.445,0,0,0,0,0,0,0.0181818,4,14934.9,1.01111,0.672438,0.183655,0.30123,0.962913,0.107392,0.995982,,,LOWCORR,15.727
anim_hiccup_playercure_pickupreact,v1.0-baseline,1.0,678e3a5a74fe,92,3.003,0,0,0,0,0,0,0.032967,4,22383.6,0.759532,0.74003,0.333,0.688511,0.988312,0.133329,,,,LOWCORR,16.319
anim_hiccup_selfcure_getout,v1.0-baseline,1.0,678e3a5a74fe,212,6.963,0,0,0,0,0,0,0.0663507,4,29947.4,1.05091,0.51962,0,0.22705,0.984263,-0.0596381,0.996753,,,RATE;LOWCORR,17.654
anim_hiccup_turtleroll_01,v1.0-baseline,1.0,678e3a5a74fe,91,2.97,0,0,0,0,0,0,0.233333,4,44333.7,1.29526,0.536989,0.3367,0.384156,0.978968,-0.0907725,,,,RATE;LOWCORR,24.333
anim_hiccup_withreaction_01,v1.0-baseline,1.0,678e3a5a74fe,86,2.805,0,0,0,0,0,0,0.141176,4,45631.1,0.807011,0.60796,0,0.222661,0.936736,0.0708107,0.97459,,,RATE;LOWCORR,20.647
anim_hiking_driving_end_01,v1.0-baseline,1.0,678e3a5a74fe,11,0.33,0,0,0,0,0,0,0,3.10775,70809.6,0.2464,0.0509815,0,0.0509815,0.898087,,,,,TINY;SHORT,20
anim_hiking_driving_end_02,v1.0-baseline,1.0,678e3a5a74fe,23,0.726,0,0,0,0,0,0,0,3.10942,24058,0.278297,0.0509815,0,0.0509815,0.976023,-0.378772,,,,SHORT;LOWCORR,25
anim_hiking_driving_loop_01,v1.0-baseline,1.0,678e3a5a74fe,58,1.881,0,0,0,0,0,0,0,1.2012,6287.02,0.160687,0.0751697,0,0.0751697,0.791824,,,,,,0
anim_hiking_driving_loop_02,v1.0-baseline,1.0,678e3a5a74fe,75,2.442,0,0,0,0,0,0,0,0.18902,565.109,0.0358895,0.0233164,0,0.0233164,0.986507,,,,,STATIC,50
anim_hiking_driving_loop_03,v1.0-baseline,1.0,678e3a5a74fe,101,3.3,0,0,0,0,0,0,0,2.46326,5903.33,0.286609,0.131519,0,0.0609223,0.97493,,,,,,0
anim_hiking_driving_loop_04,v1.0-baseline,1.0,678e3a5a74fe,94,3.069,0,0,0,0,0,0,0,2.55569,10600.9,0.263799,0.115137,0,0.0751697,0.992365,,,,,,0
anim_hiking_driving_loop_05,v1.0-baseline,1.0,678e3a5a74fe,121,3.96,0,0,0,0,0,0,0,2.90048,9133.63,0.301776,0.536083,0.505051,0.335151,0.968501,,,2.38147,8.56919,,0
anim_hiking_driving_loop_06,v1.0-baseline,1.0,678e3a5a74fe,141,4.62,0,0,0,0,0,0,0,3.31304,8304.85,0.43844,0.574291,0.21645,0.574291,0.911981,,,,,,0
anim_hiking_driving_start_01,v1.0-baseline,1.0,678e3a5a74fe,116,3.795,0,0,0,0,0,0,0,2.34362,7457.53,0.218207,0.763736,2.10804,0.668072,0.95774,,,,,FLICKER,10
anim_hiking_driving_start_02,v1.0-baseline,1.0,678e3a5a74fe,34,1.089,0,0,0,0,0,0,0,2.30302,7304.09,0.201015,0.0837718,0,0.0837718,0.712791,,,,,,0
anim_hiking_driving_start_03,v1.0-baseline,1.0,678e3a5a74fe,88,2.871,0,0,0,0,0,0,0.0229885,4,20444.5,0.503182,0.830141,0.696621,0.696573,0.973965,0.0109143,,,,LOWCORR,15.92
anim_hiking_driving_start_04,v1.0-baseline,1.0,678e3a5a74fe,41,1.32,0,0,0,0,0,0,0,2.2954,8436.62,0.432042,0.426497,1.51515,0.336901,0.987243,,,,,FLICKER,10
anim_hiking_edgesquintgetin_01,v1.0-baseline,1.0,678e3a5a74fe,75,2.442,0,0,0,0,0,0,0,1.48393,3508.76,0.143897,0.626954,0,0.280476,,,,,,,0
anim_hiking_edgesquintgetout_01,v1.0-baseline,1.0,678e3a5a74fe,25,0.792,0,0,0,0,0,0,0,1.283,8243.8,0.137731,0.612878,0,0.113925,,,,,,SHORT,10
anim_hiking_edgesquintloop_01,v1.0-baseline,1.0,678e3a5a74fe,35,1.122,0,0,0,0,0,0,0,0.507407,2493.37,0.0470058,0.0942107,0,0.0942107,,,,,,STATIC,50
anim_hiking_getin_01,v1.0-baseline,1.0,678e3a5a74fe,35,1.122,0,0,0,0,0,0,0,3.24931,18318.1,0.319187,0.0947196,0,0.0947196,0.961443,-0.326981,,,,LOWCORR,15
anim_hiking_getin_02,v1.0-baseline,1.0,678e3a5a74fe,48,1.551,0,0,0,0,0,0,0,3.82645,33590.9,0.355865,0.0947196,0,0.0947196,0.89775,0.580634,0.983618,,,,0
anim_hiking_getin_03,v1.0-baseline,1.0,678e3a5a74fe,37,1.188,0,0,0,0,0,0,0.0277778,4,33953.8,0.63582,0.0947196,0,0.0947196,0.976916,0.0435255,,,,LOWCORR,16.111
anim_hiking_lookaround_01,v1.0-baseline,1.0,678e3a5a74fe,121,3.96,0,0,0,0,0,0,0.025,4,19369.5,0.736489,0.74134,0.505051,0.624748,0.945888,,0.996198,,,,1
anim_hiking_lookaround_02,v1.0-baseline,1.0,678e3a5a74fe,90,2.937,0,0,0,0,0,0,0.011236,4,20525,0.445407,0.0458853,0,0.0458853,0.968502,-0.358079,,,,LOWCORR,15.449
anim_hiking_lookaround_03,v1.0-baseline,1.0,678e3a5a74fe,151,4.95,0,0,0,0,0,0,0,3.47642,13038.1,0.960876,0.1673,0,0.140928,0.94698,,0.913099,,,,0
anim_hiking_observe_01,v1.0-baseline,1.0,678e3a5a74fe,141,4.62,0,0,0,0,0,0,0.0857143,4,23381.2,1.09493,0.692524,0.21645,0.375646,0.952106,0.523364,0.919303,,,RATE,3.429
anim_hiking_react_01,v1.0-baseline,1.0,678e3a5a74fe,35,1.122,0,0,0,0,0,0,0,2.98473,15818,0.532598,0.124129,0,0.124129,0.963228,-0.924823,,,,LOWCORR,15
anim_hiking_react_02,v1.0-baseline,1.0,678e3a5a74fe,178,5.841,0,0,0,0,0,0,0.0282486,4,17973.2,0.75932,0.408912,0,0.272334,0.96125,0.127551,0.889334,,,LOWCORR,16.13
anim_hiking_react_03,v1.0-baseline,1.0,678e3a5a74fe,93,3.036,0,0,0,0,0,0,0.0434783,4,19944.6,0.720367,0.287292,0,0.122382,0.961651,0.291603,0.932817,8.29471,33.6483,LOWCORR;DYN,41.739
anim_hiking_react_04,v1.0-baseline,1.0,678e3a5a74fe,41,1.32,0,0,0,0,0,0,0,3.7387,25693.1,0.448074,0.0947196,0,0.0947196,0.935202,-0.0219547,,,,LOWCORR,15
anim_hiking_react_05,v1.0-baseline,1.0,678e3a5a74fe,74,2.409,0,0,0,0,0,0,0.123288,4,26379.9,0.937957,0.558396,0.41511,0.496944,0.975086,0.149276,0.982898,,,RATE;LOWCORR,19.932
anim_hiking_rtnewarea_01,v1.0-baseline,1.0,678e3a5a74fe,91,2.97,0,0,0,0,0,0,0.0444444,4,32995.7,0.697894,0.716663,1.3468,0.548983,0.990747,0.87172,,,,FLICKER,11.778
anim_hiking_rtnewarea_02,v1.0-baseline,1.0,678e3a5a74fe,86,2.805,0,0,0,0,0,0,0.0941176,4,50678.2,0.947261,0.716663,0.356506,0.549023,0.990041,-0.413809,0.983442,,,RATE;LOWCORR,18.765
anim_hiking_rtnewarea_03,v1.0-baseline,1.0,678e3a5a74fe,73,2.376,0,0,0,0,0,0,0.111111,4,35764.1,0.904341,0.716663,0.841751,0.549023,0.970921,0.73946,,,,RATE,4.444
anim_hiking_rtpmarker_01,v1.0-baseline,1.0,678e3a5a74fe,98,3.201,0,0,0,0,0,0,0.0309278,4,18922.8,0.519715,0.700234,0.312402,0.313653,0.953781,0.724101,,,,,1.237
anim_keepalive_blink_01,v1.0-baseline,1.0,678e3a5a74fe,19,0.594,0,0,0,0,0,0,0,0.862273,6324.37,0.0668427,0,0,0,,,,,,SHORT,10
anim_keepalive_eyes_01_forward,v1.0-baseline,1.0,678e3a5a74fe,161,5.28,0,0,0,0,0,0,0,2.82913,5587.37,0.566523,0.822507,1.13636,0.653361,0.89523,,0.963974,,,FLICKER,10
anim_keepalive_eyes_01_right,v1.0-baseline,1.0,678e3a5a74fe,331,10.89,0,0,0,0,0,0,0,1.78066,4177.72,0.79118,0.758902,0.826446,0.530549,0.933162,,0.987792,,,,0
anim_keepalive_eyes_01_updown,v1.0-baseline,1.0,678e3a5a74fe,211,6.93,0,0,0,0,0,0,0,1.76072,5132.27,0.313633,0.827754,1.1544,0.530549,0.964303,,,,,FLICKER,10
anim_keepalive_eyesonly_loop_02,v1.0-baseline,1.0,678e3a5a74fe,301,9.9,0,0,0,0,0,0,0,1.01095,2646.03,0.101801,0.351077,0,0.282686,,,,,,,0
anim_keepalive_eyesonly_loop_03,v1.0-baseline,1.0,678e3a5a74fe,101,3.3,0,0,0,0,0,0,0,2.46326,5745.68,0.18127,0.131519,0,0.0609223,,,,,,,0
anim_keepaway_fakeout_01,v1.0-baseline,1.0,678e3a5a74fe,121,3.96,0,0,0,0,0,0,0.075,4,39604.9,1.31847,0.810767,1.0101,0.414359,0.923036,0.84782,0.928084,,,RATE;FLICKER,13
anim_keepaway_fakeout_02,v1.0-baseline,1.0,678e3a5a74fe,156,5.115,0,0,0,0,0,0,0.0709677,4,22019,1.70321,0.671801,1.95503,0.671801,0.876461,0.979332,0.852999,,,RATE;FLICKER,12.839
anim_keepaway_fakeout_03,v1.0-baseline,1.0,678e3a5a74fe,47,1.518,0,0,0,0,0,0,0.0217391,4,14904.1,0.45795,0.13951,0,0.13951,0.970096,0.463196,,,,,0.87
anim_keepaway_fakeout_04,v1.0-baseline,1.0,678e3a5a74fe,101,3.3,0,0,0,0,0,0,0,3.84379,28356.8,0.548991,0.735422,0.606061,0.625727,0.943002,-0.400794,,,,LOWCORR,15
anim_keepaway_fakeout_05,v1.0-baseline,1.0,678e3a5a74fe,53,1.716,0,0,0,0,0,0,0,2.06587,9374.99,0.221557,0.710446,0.582751,0.522622,0.887505,0.126168,,,,LOWCORR,15
anim_keepaway_fakeout_06,v1.0-baseline,1.0,678e3a5a74fe,70,2.277,0,0,0,0,0,0,0.115942,4,47943.5,1.30815,0.788205,0.878349,0.788205,0.314223,0.983855,,7.8114,29.2451,RATE;DYN,29.638
anim_keepaway_getin_01,v1.0-baseline,1.0,678e3a5a74fe,81,2.64,0,0,0,0,0,0,0.0125,4,14584,0.731968,0.636056,0.378788,0.489965,0.956531,0.812139,,,,,0.5
anim_keepaway_getin_02,v1.0-baseline,1.0,678e3a5a74fe,59,1.914,0,0,0,0,0,0,0,1.80204,7870,0.823874,0.226646,0,0.0947196,0.906865,,,,,,0
anim_keepaway_getin_03,v1.0-baseline,1.0,678e3a5a74fe,61,1.98,0,0,0,0,0,0,0,2.31794,16419.5,0.276976,0.330153,0.505051,0.330085,0.71779,0.640786,,,,,0
anim_keepaway_getout_01,v1.0-baseline,1.0,678e3a5a74fe,33,1.056,0,0,0,0,0,0,0,3.06689,10546,0.592407,0.735422,1.89394,0.735422,0.978283,,,,,FLICKER,10
anim_keepaway_getout_02,v1.0-baseline,1.0,678e3a5a74fe,24,0.759,0,0,0,0,0,0,0,1.99293,10188.2,0.638243,0.735422,2.63505,0.735422,0.995837,,0.995303,,,SHORT;FLICKER,20
anim_keepaway_getout_03,v1.0-baseline,1.0,678e3a5a74fe,44,1.419,0,0,0,0,0,0,0.0465116,4,10717.6,0.773277,0.129602,0,0.129602,0.985338,,,,,,1.86
anim_keepaway_getready_01,v1.0-baseline,1.0,678e3a5a74fe,57,1.848,0,0,0,0,0,0,0.0357143,4,36801,0.356046,0.622496,1.62338,0.558396,0.959528,,0.919609,,,FLICKER,11.429
anim_keepaway_getready_02,v1.0-baseline,1.0,678e3a5a74fe,44,1.419,0,0,0,0,0,0,0,2.43372,14157.5,0.38391,0.788205,1.40944,0.788205,0.768116,-0.447736,,,,LOWCORR;FLICKER,25
anim_keepaway_getready_03,v1.0-baseline,1.0,678e3a5a74fe,38,1.221,0,0,0,0,0,0,0,1.97573,8700.68,0.342087,0.513095,0.819001,0.37703,0.99587,,,,,,0
anim_keepaway_idle_01,v1.0-baseline,1.0,678e3a5a74fe,127,4.158,0,0,0,0,0,0,0,1.82842,4196.53,0.349762,0.735422,0.962001,0.367712,0.947613,0.376023,0.999927,,,,0
anim_keepaway_idle_02,v1.0-baseline,1.0,678e3a5a74fe,133,4.356,0,0,0,0,0,0,0,2.30072,10039,0.286839,0.735422,0.459137,0.490511,0.888157,0.164184,,,,LOWCORR,15
anim_keepaway_idle_03,v1.0-baseline,1.0,678e3a5a74fe,161,5.28,0,0,0,0,0,0,0,2.21429,4307.99,0.322715,0.758902,0.94697,0.530549,0.986256,,,,,,0
anim_keepaway_losegame_01,v1.0-baseline,1.0,678e3a5a74fe,202,6.633,0,0,0,0,0,0,0.039801,4,18359.8,1.01761,0.93922,0.301523,0.542075,0.965888,0.363275,0.993152,,,,1.592
anim_keepaway_losegame_02,v1.0-baseline,1.0,678e3a5a74fe,178,5.841,0,0,0,0,0,0,0.0112994,4,10757.8,1.01684,0.853426,0.684814,0.576236,0.989504,0.0117445,0.999761,,,LOWCORR,15.452
anim_keepaway_losegame_03,v1.0-baseline,1.0,678e3a5a74fe,179,5.874,0,0,0,0,0,0,0.101124,4,30626.2,1.33721,0.805677,0.680967,0.77844,0.946625,0.684674,0.972085,,,RATE,4.045
anim_keepaway_losehand_01,v1.0-baseline,1.0,678e3a5a74fe,68,2.211,0,0,0,0,0,0,0.0895522,4,35080.3,0.604109,0.819263,0.452284,0.419079,0.976633,,0.843014,,,RATE,3.582
anim_keepaway_losehand_02,v1.0-baseline,1.0,678e3a5a74fe,99,3.234,0,0,0,0,0,0,0.142857,4,34447.9,1.0672,0.837513,1.23686,0.742794,0.801468,0.845177,,,,RATE;FLICKER,15.714
anim_keepaway_losehand_03,v1.0-baseline,1.0,678e3a5a74fe,75,2.442,0,0,0,0,0,0,0.0405405,4,18291.1,0.614501,0.742794,2.457,0.742794,0.98798,,,4.42857,16.4935,FLICKER;DYN,36.622
anim_keepaway_pounce_01,v1.0-baseline,1.0,678e3a5a74fe,50,1.617,0,0,0,0,0,0,0.367347,4,40124.5,1.38049,0.528024,1.23686,0.512516,,0.767788,,,,RATE;FLICKER,24.694
anim_keepaway_pounce_02,v1.0-baseline,1.0,678e3a5a74fe,77,2.508,0,0,0,0,0,0,0.184211,4,49906.9,1.20282,0.710446,2.39234,0.528024,,0.889291,,,,RATE;FLICKER,17.368
anim_keepaway_pounce_03,v1.0-baseline,1.0,678e3a5a74fe,23,0.726,0,0,0,0,0,0,0.0909091,4,11657.9,0.585233,0.513095,1.37741,0.433854,,0.789585,,,,SHORT;RATE;FLICKER,23.636
anim_keepaway_pounce_04,v1.0-baseline,1.0,678e3a5a74fe,20,0.627,0,0,0,0,0,0,0.263158,4,24082,0.924558,0.513095,1.5949,0.433854,,0.394821,,,,SHORT;RATE;FLICKER,30.526
anim_keepaway_wingame_01,v1.0-baseline,1.0,678e3a5a74fe,121,3.96,0,0,0,0,0,0,0.366667,4,52273.7,1.81861,0.862758,1.26263,0.802016,0.922867,0.943602,0.975849,,,RATE;FLICKER,24.667
anim_keepaway_wingame_02,v1.0-baseline,1.0,678e3a5a74fe,91,2.97,0,0,0,0,0,0,0.255556,4,56105.9,1.0459,0.579686,1.3468,0.521709,0.884059,0.962317,0.814946,,,RATE;FLICKER,20.222
anim_keepaway_wingame_03,v1.0-baseline,1.0,678e3a5a74fe,99,3.234,0,0,0,0,0,0,0.0306122,4,15695.9,0.689659,0.872812,0.927644,0.862545,0.992771,-0.0139982,,,,LOWCORR,16.224
anim_keepaway_winhand_01,v1.0-baseline,1.0,678e3a5a74fe,67,2.178,0,0,0,0,0,0,0.0909091,4,24892.5,0.999687,0.569998,0.918274,0.414104,0.973742,0.460029,,,,RATE,3.636
anim_keepaway_winhand_02,v1.0-baseline,1.0,678e3a5a74fe,68,2.211,0,0,0,0,0,0,0.0298507,4,21033.9,0.501718,0.548983,0.904568,0.530793,0.934203,,,,,,1.194
anim_keepaway_winhand_03,v1.0-baseline,1.0,678e3a5a74fe,70,2.277,0,0,0,0,0,0,0.173913,4,22806.1,1.15932,0.828807,1.31752,0.427595,0.939891,0.425566,,,,RATE;FLICKER,16.957
anim_laser_drive_01,v1.0-baseline,1.0,678e3a5a74fe,36,1.155,0,0,0,0,0,0,0,0.995326,2799.43,0.0568017,0.231023,0,0.231023,,,,,,,0
anim_laser_drive_02,v1.0-baseline,1.0,678e3a5a74fe,46,1.485,0,0,0,0,0,0,0,1.98467,6456.7,0.118052,0.658883,1.3468,0.658883,,,,,,FLICKER,10
anim_laser_drive_03,v1.0-baseline,1.0,678e3a5a74fe,31,0.99,0,0,0,0,0,0,0,0.302421,1259.73,0.0214708,0.130895,0,0.104316,,,,,,STATIC,50
anim_launch_altwakeup_01,v1.0-baseline,1.0,678e3a5a74fe,148,4.851,0,0,0,0,0,0,0.0816327,4,21964.9,1.4351,0.888716,0.206143,0.888716,0.97668,0.0316812,0.993365,,,RATE;LOWCORR,18.265
anim_launch_backpackidle,v1.0-baseline,1.0,678e3a5a74fe,46,1.485,0,0,0,0,0,0,0,0,0,0,0,0,0,,,,,,STATIC,50
anim_launch_blankscreen,v1.0-baseline,1.0,678e3a5a74fe,21,0.66,0,0,0,0,0,0,0,0,0,0,0,0,0,,,,,,SHORT;STATIC,60
anim_launch_cubediscovery,v1.0-baseline,1.0,678e3a5a74fe,26,0.825,0,0,0,0,0,0,0.16,4,27276,0.916756,0,0,0,0.900579,0.699509,,,,SHORT;RATE,16.4
anim_launch_drivingloop_01,v1.0-baseline,1.0,678e3a5a74fe,71,2.31,0,0,0,0,0,0,0,1.06189,3345.38,0.107697,0.172253,0,0.172253,0.978926,,,2.12911,2.81773,,0
anim_launch_drivingloop_02,v1.0-baseline,1.0,678e3a5a74fe,171,5.61,0,0,0,0,0,0,0,1.69743,4288.49,0.221438,0.391094,0,0.191214,0.721921,,,,,,0
anim_launch_drivingloop_03,v1.0-baseline,1.0,678e3a5a74fe,111,3.63,0,0,0,0,0,0,0,1.78724,5338.56,0.369903,0.647999,0.826446,0.491215,0.880092,,,,,,0
anim_launch_enddriving_01,v1.0-baseline,1.0,678e3a5a74fe,51,1.65,0,0,0,0,0,0,0,3.0482,10513.3,0.433065,0.711793,0.606061,0.617073,0.934551,,,,,,0
anim_launch_eyeson_01,v1.0-baseline,1.0,678e3a5a74fe,16,0.495,0,0,0,0,0,0,0,0.898352,2386.84,0.142731,0.0210702,0,0.0210702,0.999076,,,,,SHORT,10
anim_launch_firsttimewakeup,v1.0-baseline,1.0,678e3a5a74fe,749,24.684,0,0,0,0,0,0,0,3.56254,7608.43,1.27618,0.992001,0.121536,0.705482,0.968815,-0.443974,0.97377,,,LOWCORR,15
anim_launch_firsttimewakeup_helloplayer_head_angle_-20,v1.0-baseline,1.0,678e3a5a74fe,481,15.84,0,0,0,0,0,0,0.00833333,4,9346.59,0.901625,0.601138,0.0631313,0.386403,0.987942,0.0478972,,,,LOWCORR,15.333
anim_launch_firsttimewakeup_helloplayer_head_angle_20,v1.0-baseline,1.0,678e3a5a74fe,481,15.84,0,0,0,0,0,0,0.00416667,4,9181.39,0.681705,0.601138,0.0631313,0.386403,0.974299,0.978314,,,,,0.167
anim_launch_firsttimewakeup_helloplayer_head_angle_40,v1.0-baseline,1.0,678e3a5a74fe,481,15.84,0,0,0,0,0,0,0,3.4914,8343.48,0.495195,0.601138,0.0631313,0.386403,0.900002,0.978314,,,,,0
anim_launch_firsttimewakeup_helloworld,v1.0-baseline,1.0,678e3a5a74fe,302,9.933,0,0,0,0,0,0,0,3.38028,11108.3,0.620004,0.689757,0.100675,0.563315,0.971738,0.592576,,,,,0
anim_launch_idle_01,v1.0-baseline,1.0,678e3a5a74fe,117,3.828,0,0,0,0,0,0,0,1.53517,6702.12,0.312229,0.827754,2.08986,0.530549,0.933728,,,,,FLICKER,10
anim_launch_idle_02,v1.0-baseline,1.0,678e3a5a74fe,106,3.465,0,0,0,0,0,0,0,0.87686,3761.29,0.188461,0.758902,1.443,0.530549,0.954336,,,,,FLICKER,10
anim_launch_idle_03,v1.0-baseline,1.0,678e3a5a74fe,61,1.98,0,0,0,0,0,0,0,0.704097,4017.34,0.12689,0.735422,1.0101,0.444973,0.895502,,,,,FLICKER,10
anim_launch_lifteffortpickup_01,v1.0-baseline,1.0,678e3a5a74fe,31,0.99,0,0,0,0,0,0,0,2.18931,12387.9,0.225588,0.564169,1.0101,0.374253,,,,,,FLICKER,10
anim_launch_lifteffortplacehigh_01,v1.0-baseline,1.0,678e3a5a74fe,21,0.66,0,0,0,0,0,0,0,1.03098,5532.4,0.125405,0.679642,3.0303,0.553294,,,,,,SHORT;FLICKER,20
anim_launch_lifteffortplacelow_01,v1.0-baseline,1.0,678e3a5a74fe,23,0.726,0,0,0,0,0,0,0,1.97296,11162,0.203192,0,0,0,,,,,,SHORT,10
anim_launch_reacttocubepickup,v1.0-baseline,1.0,678e3a5a74fe,165,5.412,0,0,0,0,0,0,0.128049,4,24144.5,1.88944,0.103881,0,0.074471,0.970678,0.315439,0.9727,,,RATE,5.122
anim_launch_reacttoputdown,v1.0-baseline,1.0,678e3a5a74fe,119,3.894,0,0,0,0,0,0,0.177966,4,41769.4,1.28657,0.832855,2.05444,0.819263,0.955864,0.858763,0.832117,,,RATE;FLICKER,17.119
anim_launch_search_head_angle_-20,v1.0-baseline,1.0,678e3a5a74fe,23,0.726,0,0,0,0,0,0,0,1.88839,13134,0.287478,0.229843,0,0.210639,0.959605,,,4.24744,8.57192,SHORT;DYN,35
anim_launch_search_head_angle_20,v1.0-baseline,1.0,678e3a5a74fe,23,0.726,0,0,0,0,0,0,0,1.72892,13600.3,0.199351,0.229843,0,0.210639,0.913498,,,,,SHORT,10
anim_launch_search_head_angle_40,v1.0-baseline,1.0,678e3a5a74fe,23,0.726,0,0,0,0,0,0,0,1.61188,13483.7,0.182738,0.229843,0,0.210639,0.890399,,,,,SHORT,10
anim_launch_sleeping_01,v1.0-baseline,1.0,678e3a5a74fe,395,13.002,0,0,0,0,0,0,0.00253807,4,6073.65,0.43144,0.329495,0,0.166465,0.993827,,,,,,0.102
anim_launch_startdriving_01,v1.0-baseline,1.0,678e3a5a74fe,29,0.924,0,0,0,0,0,0,0,1.88552,4933.18,0.289227,0.404808,0,0.208563,0.998851,,,,,SHORT,10
anim_launch_startsleeping_01,v1.0-baseline,1.0,678e3a5a74fe,11,0.33,0,0,0,0,0,0,0,0,0,0,0,0,0,,,,,,TINY;SHORT;STATIC,70
anim_launch_wakeup_01,v1.0-baseline,1.0,678e3a5a74fe,231,7.59,0,0,0,0,0,0,0,2.76348,7204.32,0.707098,0.895547,0.658762,0.77813,0.98394,,0.679647,,,,0
anim_launch_wakeup_02,v1.0-baseline,1.0,678e3a5a74fe,121,3.96,0,0,0,0,0,0,0,2.16518,8402.05,0.569723,0.793996,0.252525,0.561718,0.986798,,,,,,0
anim_launch_wakeup_03,v1.0-baseline,1.0,678e3a5a74fe,136,4.455,0,0,0,0,0,0,0,2.4659,8820.62,0.672391,0.855642,0.673401,0.695956,0.992316,0.747597,,,,,0
anim_launch_wakeup_04,v1.0-baseline,1.0,678e3a5a74fe,106,3.465,0,0,0,0,0,0,0,2.66508,10272.7,0.569651,0.81323,0.2886,0.520854,0.992104,,,,,,0
anim_launch_wakeup_05,v1.0-baseline,1.0,678e3a5a74fe,96,3.135,0,0,0,0,0,0,0.2,4,59863.8,0.75655,0.888716,1.91388,0.735894,0.881118,0.411082,0.979568,,,RATE;FLICKER,18
anim_launch_wakeup_drivingloop_01,v1.0-baseline,1.0,678e3a5a74fe,58,1.881,0,0,0,0,0,0,0,1.22071,6390.9,0.213212,0.0751697,0,0.0751697,0.815438,,,,,,0
anim_launch_wakeup_drivingloop_02,v1.0-baseline,1.0,678e3a5a74fe,75,2.442,0,0,0,0,0,0,0,0.18902,518.296,0.0180497,0.0233164,0,0.0233164,0.969893,,,,,STATIC,50
anim_launch_wakeup_enddriving_01,v1.0-baseline,1.0,678e3a5a74fe,14,0.429,0,0,0,0,0,0,0,2.85339,62799.6,0.119691,0.0509815,0,0.0509815,,,,,,TINY;SHORT,20
anim_launch_wakeup_startdriving_01,v1.0-baseline,1.0,678e3a5a74fe,123,4.026,0,0,0.170732,0,0,0.170732,0.0245902,4,13282.1,0.977242,0.763736,1.98708,0.668072,0.996756,,,,,SAT;FLICKER,28.057
anim_loco_driving01_end_01,v1.0-baseline,1.0,678e3a5a74fe,17,0.528,0,0,0,0,0,0,0,1.44578,8112.91,0.203846,0.0509815,0,0.0509815,0.839602,,,,,SHORT,10
anim_loco_driving01_loop_01,v1.0-baseline,1.0,678e3a5a74fe,58,1.881,0,0,0,0,0,0,0,1.2012,6291.92,0.143068,0.0751697,0,0.0751697,0.853135,,,,,,0
anim_loco_driving01_loop_02,v1.0-baseline,1.0,678e3a5a74fe,75,2.442,0,0,0,0,0,0,0,0.320328,711.076,0.0717789,0.0233164,0,0.0233164,0.996506,,,,,,0
anim_loco_driving01_loop_03,v1.0-baseline,1.0,678e3a5a74fe,101,3.3,0,0,0,0,0,0,0,2.46326,5727.35,0.250534,0.131519,0,0.0609223,0.975808,,,2.17384,5.5847,,0
anim_loco_driving01_start_01,v1.0-baseline,1.0,678e3a5a74fe,116,3.795,0,0,0,0,0,0,0,2.34362,7457.53,0.218207,0.763736,2.10804,0.668072,0.95774,,,,,FLICKER,10
anim_loco_driving01_start_02,v1.0-baseline,1.0,678e3a5a74fe,34,1.089,0,0,0,0,0,0,0,2.30302,7304.09,0.201015,0.0837718,0,0.0837718,0.712791,,,,,,0
anim_lookinplaceforfaces_keepalive_long_head_angle_-20,v1.0-baseline,1.0,678e3a5a74fe,61,1.98,0,0,0,0,0,0,0,1.66212,6530.04,0.298139,0.758902,1.51515,0.530549,0.98057,,,,,FLICKER,10
anim_lookinplaceforfaces_keepalive_long_head_angle_20,v1.0-baseline,1.0,678e3a5a74fe,61,1.98,0,0,0,0,0,0,0,1.31294,4675.98,0.298139,0.758902,1.51515,0.530549,0.96548,,,,,FLICKER,10
anim_lookinplaceforfaces_keepalive_long_head_angle_40,v1.0-baseline,1.0,678e3a5a74fe,61,1.98,0,0,0,0,0,0,0,1.31294,4738.73,0.298139,0.758902,1.51515,0.530549,0.952727,,,,,FLICKER,10
anim_lookinplaceforfaces_keepalive_medium_head_angle_-20,v1.0-baseline,1.0,678e3a5a74fe,31,0.99,0,0,0,0,0,0,0,2.70184,15340.7,0.358365,0.735422,2.0202,0.490511,0.992164,,,,,FLICKER,10
anim_lookinplaceforfaces_keepalive_medium_head_angle_20,v1.0-baseline,1.0,678e3a5a74fe,31,0.99,0,0,0,0,0,0,0,1.38365,8467.6,0.227605,0.735422,2.0202,0.490511,0.987819,,,,,FLICKER,10
anim_lookinplaceforfaces_keepalive_medium_head_angle_40,v1.0-baseline,1.0,678e3a5a74fe,31,0.99,0,0,0,0,0,0,0,1.38465,8436.25,0.226547,0.735422,2.0202,0.490511,0.987534,,,,,FLICKER,10
anim_lookinplaceforfaces_keepalive_short_head_angle_-20,v1.0-baseline,1.0,678e3a5a74fe,11,0.33,0,0,0,0,0,0,0,0,0,0,0,0,0,,,,,,TINY;SHORT;STATIC,70
anim_lookinplaceforfaces_keepalive_short_head_angle_20,v1.0-baseline,1.0,678e3a5a74fe,11,0.33,0,0,0,0,0,0,0,0,0,0,0,0,0,,,,,,TINY;SHORT;STATIC,70
anim_lookinplaceforfaces_keepalive_short_head_angle_40,v1.0-baseline,1.0,678e3a5a74fe,11,0.33,0,0,0,0,0,0,0,0,0,0,0,0,0,,,,,,TINY;SHORT;STATIC,70
anim_majorfail,v1.0-baseline,1.0,678e3a5a74fe,264,8.679,0,0,0,0,0,0,0.18251,4,57994.1,1.57822,0.773587,0.345662,0.643845,0.885198,0.923148,0.712321,,,RATE,7.3
anim_majorwin,v1.0-baseline,1.0,678e3a5a74fe,65,2.112,0,0,0,0,0,0,0,3.64672,30082.1,0.436421,0.698078,1.42045,0.586916,0.98157,0.51014,,,,FLICKER,10
anim_meetcozmo_celebration,v1.0-baseline,1.0,678e3a5a74fe,313,10.296,0,0,0,0,0,0,0.160256,4,34244.7,1.45002,0.888716,0.582751,0.888716,0.875948,0.904055,0.746456,,,RATE,6.41
anim_meetcozmo_celebration_02,v1.0-baseline,1.0,678e3a5a74fe,89,2.904,0,0,0,0,0,0,0.159091,4,39406.1,1.33017,0.618386,0,0.278893,0.879335,0.966613,,,,RATE,6.364
anim_meetcozmo_celebration_02_head_angle_-20,v1.0-baseline,1.0,678e3a5a74fe,89,2.904,0,0,0,0,0,0,0.238636,4,44692.1,1.29294,0.618386,0,0.278893,0.850102,0.803866,,,,RATE,9.545
anim_meetcozmo_celebration_02_head_angle_20,v1.0-baseline,1.0,678e3a5a74fe,89,2.904,0,0,0,0,0,0,0.147727,4,38225.6,1.29212,0.618386,0,0.278893,0.904779,0.962037,,,,RATE,5.909
anim_meetcozmo_celebration_02_head_angle_40,v1.0-baseline,1.0,678e3a5a74fe,89,2.904,0,0,0,0,0,0,0.193182,4,40876.7,1.23899,0.618386,0.688705,0.373217,0.912592,0.963904,,7.09413,22.826,RATE;DYN,32.727
anim_meetcozmo_getin_head_angle_-20,v1.0-baseline,1.0,678e3a5a74fe,21,0.66,0,0,0,0,0,0,0,1.75025,13598.9,0.21378,0.0294096,0,0.0294096,0.969931,,,,,SHORT,10
anim_meetcozmo_getin_head_angle_20,v1.0-baseline,1.0,678e3a5a74fe,21,0.66,0,0,0,0,0,0,0,2.35164,16761.3,0.224995,0.0294096,0,0.0294096,0.955529,,,,,SHORT,10
anim_meetcozmo_getin_head_angle_40,v1.0-baseline,1.0,678e3a5a74fe,21,0.66,0,0,0,0,0,0,0,2.35164,16761.2,0.224995,0.0294096,0,0.0294096,0.955529,,,,,SHORT,10
anim_meetcozmo_lookface,v1.0-baseline,1.0,678e3a5a74fe,116,3.795,0,0,0,0,0,0,0,1.122,4897.58,0.153207,0.0890954,0,0.0542082,0.988079,0.69544,,,,,0
anim_meetcozmo_lookface_02,v1.0-baseline,1.0,678e3a5a74fe,163,5.346,0,0,0,0,0,0,0,0.621517,1670.52,0.0548502,0.466276,0,0.29494,,,,,,,0
anim_meetcozmo_lookface_getin_head_angle_-20,v1.0-baseline,1.0,678e3a5a74fe,35,1.122,0,0,0,0,0,0,0.0882353,4,25950.8,0.530069,0.578812,0.891266,0.500737,0.937421,0.212888,,,,RATE;LOWCORR,18.529
anim_meetcozmo_lookface_getin_head_angle_20,v1.0-baseline,1.0,678e3a5a74fe,35,1.122,0,0,0,0,0,0,0,3.93724,21704.5,0.355489,0.578812,0.891266,0.500737,0.908386,0.762105,,,,,0
anim_meetcozmo_lookface_getin_head_angle_40,v1.0-baseline,1.0,678e3a5a74fe,35,1.122,0,0,0,0,0,0,0,2.57372,18516.1,0.213681,0.578812,2.6738,0.554665,0.823384,0.762105,,,,FLICKER,10
anim_meetcozmo_lookface_getout_head_angle_-20,v1.0-baseline,1.0,678e3a5a74fe,13,0.396,0,0,0,0,0,0,0.416667,4,183568,0.316375,0.580284,2.52525,0.363075,0.419393,0.247545,,,,TINY;SHORT;RATE;LOWCORR;FLICKER,61.667
anim_meetcozmo_lookface_getout_head_angle_20,v1.0-baseline,1.0,678e3a5a74fe,13,0.396,0,0,0,0,0,0,0.416667,4,209222,0.385255,0.580284,2.52525,0.363075,0.565266,0.647407,,,,TINY;SHORT;RATE;FLICKER,46.667
anim_meetcozmo_lookface_getout_head_angle_40,v1.0-baseline,1.0,678e3a5a74fe,13,0.396,0,0,0,0,0,0,0.416667,4,208421,0.385255,0.580284,2.52525,0.363075,0.288331,0.647407,,,,TINY;SHORT;RATE;LOWCORR;FLICKER,61.667
anim_meetcozmo_lookface_head_angle_-20,v1.0-baseline,1.0,678e3a5a74fe,116,3.795,0,0,0,0,0,0,0,0.943755,4895.86,0.212407,0.0890954,0,0.0542082,0.993247,0.110114,,,,LOWCORR,15
anim_meetcozmo_lookface_head_angle_20,v1.0-baseline,1.0,678e3a5a74fe,116,3.795,0,0,0,0,0,0,0,1.122,4897.59,0.153207,0.0890954,0,0.0542082,0.988079,0.69544,,,,,0
anim_meetcozmo_lookface_head_angle_40,v1.0-baseline,1.0,678e3a5a74fe,116,3.795,0,0,0,0,0,0,0,1.02618,4893.58,0.075225,0.0890954,0,0.0542082,,0.69544,,,,,0
anim_meetcozmo_lookface_interrupt,v1.0-baseline,1.0,678e3a5a74fe,13,0.396,0,0,0,0,0,0,0.416667,4,203629,0.385255,0.580284,2.52525,0.363075,0.286022,0.647407,,,,TINY;SHORT;RATE;LOWCORR;FLICKER,61.667
anim_meetcozmo_reenrollment_sayname_01,v1.0-baseline,1.0,678e3a5a74fe,81,2.64,0,0,0,0,0,0,0.0625,4,23849.9,0.860092,0.632253,1.89394,0.571182,0.988612,0.677938,,,,RATE;FLICKER,12.5
anim_meetcozmo_reenrollment_sayname_02,v1.0-baseline,1.0,678e3a5a74fe,83,2.706,0,0,0,0,0,0,0.0853659,4,25091.9,1.05653,0.661048,2.21729,0.544605,0.993345,0.343714,,,,RATE;FLICKER,13.415
anim_meetcozmo_reenrollment_sayname_03,v1.0-baseline,1.0,678e3a5a74fe,48,1.551,0,0,0,0,0,0,0.234043,4,65170.6,0.979016,0.599415,1.28949,0.485337,0.93523,0.926733,,6.05089,19.2814,RATE;FLICKER;DYN,44.362
anim_meetcozmo_sayname_01_head_angle_-20,v1.0-baseline,1.0,678e3a5a74fe,109,3.564,0,0,0,0,0,0,0,3.17853,10636,0.629038,0.598685,0.561167,0.412558,0.983862,-0.0312352,0.824498,,,LOWCORR,15
anim_meetcozmo_sayname_01_head_angle_20,v1.0-baseline,1.0,678e3a5a74fe,109,3.564,0,0,0,0,0,0,0.0277778,4,24053.4,0.629038,0.598685,0.561167,0.412558,0.996481,-0.123728,0.824498,,,LOWCORR,16.111
anim_meetcozmo_sayname_01_head_angle_40,v1.0-baseline,1.0,678e3a5a74fe,109,3.564,0,0,0,0,0,0,0,3.43213,8458.78,0.758216,0.598685,0.561167,0.412558,0.996707,0.694594,0.824498,,,,0
anim_meetcozmo_sayname_02_head_angle_-20,v1.0-baseline,1.0,678e3a5a74fe,75,2.442,0,0,0,0,0,0,0.0540541,4,25491.4,1.07808,0.548983,0.819001,0.458461,0.98132,0.0782314,,,,RATE;LOWCORR,17.162
anim_meetcozmo_sayname_02_head_angle_20,v1.0-baseline,1.0,678e3a5a74fe,75,2.442,0,0,0,0,0,0,0.027027,4,21801.2,0.544288,0.548983,0.819001,0.458584,0.982445,0.433742,,,,,1.081
anim_meetcozmo_sayname_02_head_angle_40,v1.0-baseline,1.0,678e3a5a74fe,75,2.442,0,0,0,0,0,0,0.0405405,4,19152.9,0.62885,0.548983,0,0.229011,0.982669,0.742258,,,,,1.622
anim_memorymatch_failgame_cozmo_01,v1.0-baseline,1.0,678e3a5a74fe,151,4.95,0,0,0,0,0,0,0.2,4,55636.5,1.22161,0.743618,0.40404,0.648899,0.893924,0.856339,0.817445,,,RATE,8
anim_memorymatch_failgame_cozmo_02,v1.0-baseline,1.0,678e3a5a74fe,136,4.455,0,0,0,0,0,0,0.155556,4,54362.9,1.01189,0.837513,0.897868,0.742794,0.745126,0.910424,0.946481,,,RATE,6.222
anim_memorymatch_failgame_cozmo_03,v1.0-baseline,1.0,678e3a5a74fe,177,5.808,0,0,0,0,0,0,0,3.73502,11830,0.440453,0.735422,0.860882,0.651128,0.901723,,,,,,0
anim_memorymatch_failgame_player_01,v1.0-baseline,1.0,678e3a5a74fe,31,0.99,0,0,0,0,0,0,0,2.2368,8795.28,0.307117,0.60369,2.0202,0.60369,0.985718,,,,,FLICKER,10
anim_memorymatch_failgame_player_02,v1.0-baseline,1.0,678e3a5a74fe,94,3.069,0,0,0,0,0,0,0.376344,4,95798,1.03914,0.548983,1.6292,0.472952,0.825278,0.944712,0.727073,,,RATE;FLICKER,25.054
anim_memorymatch_failgame_player_03,v1.0-baseline,1.0,678e3a5a74fe,81,2.64,0,0,0,0,0,0,0.0375,4,28785.6,0.817452,0.651234,0,0.258308,0.937627,0.536436,,,,,1.5
anim_memorymatch_failhand_01,v1.0-baseline,1.0,678e3a5a74fe,34,1.089,0,0,0,0,0,0,0.0909091,4,30575.7,0.528119,0.473626,0,0.257721,0.910271,0.269452,0.886738,,,RATE;LOWCORR,18.636
anim_memorymatch_failhand_02,v1.0-baseline,1.0,678e3a5a74fe,41,1.32,0,0,0,0,0,0,0,3.98883,31079.6,0.427354,0.483692,0.757576,0.381007,0.961961,0.691242,,,,,0
anim_memorymatch_failhand_03,v1.0-baseline,1.0,678e3a5a74fe,34,1.089,0,0,0,0,0,0,0.151515,4,31604.6,0.811838,0.258766,0,0.199036,0.926631,,,,,RATE,6.061
anim_memorymatch_failhand_player_01,v1.0-baseline,1.0,678e3a5a74fe,57,1.848,0,0,0,0,0,0,0.107143,4,29815,0.790245,0.648001,1.08225,0.549023,0.955857,0.785138,,,,RATE;FLICKER,14.286
anim_memorymatch_failhand_player_02,v1.0-baseline,1.0,678e3a5a74fe,56,1.815,0,0,0,0,0,0,0,3.75674,33542.1,0.503501,0.549383,1.10193,0.549023,0.967885,0.822672,0.976405,,,FLICKER,10
anim_memorymatch_failhand_player_03,v1.0-baseline,1.0,678e3a5a74fe,59,1.914,0,0,0,0,0,0,0.137931,4,42841,0.79952,0.664928,1.04493,0.664528,0.973179,0.928816,0.991157,5.01236,16.9184,RATE;FLICKER;DYN,40.517
anim_memorymatch_getout_01,v1.0-baseline,1.0,678e3a5a74fe,15,0.462,0,0,0.0666667,0,0,0.0666667,0.214286,4,51013.1,0.387071,0.137326,0,0.0947196,0.990052,-0.599451,,,,SHORT;SAT;RATE;LOWCORR,40.238
anim_memorymatch_idle_01,v1.0-baseline,1.0,678e3a5a74fe,117,3.828,0,0,0,0,0,0,0,2.54422,6710.76,0.467978,0.827754,2.08986,0.530549,0.948011,,0.982403,,,FLICKER,10
anim_memorymatch_idle_02,v1.0-baseline,1.0,678e3a5a74fe,106,3.465,0,0,0,0,0,0,0,1.43122,4323.96,0.283911,0.758902,1.443,0.530549,0.960647,,,,,FLICKER,10
anim_memorymatch_idle_03,v1.0-baseline,1.0,678e3a5a74fe,61,1.98,0,0,0,0,0,0,0,2.20342,7320.9,0.277185,0.735422,1.0101,0.444973,0.742576,0.992789,,,,FLICKER,10
anim_memorymatch_point_player_audio,v1.0-baseline,1.0,678e3a5a74fe,1,0,0,0,0,0,0,0,0,0,0,0,0,0,0,,,,,,DEGENERATE;TINY;SHORT;STATIC,170
anim_memorymatch_pointbigleft_01,v1.0-baseline,1.0,678e3a5a74fe,21,0.66,0,0,0,0,0,0,0.5,4,71653.4,0.711079,0.550818,0,0.272195,0.962686,0.219963,0.995783,,,SHORT;RATE;LOWCORR,45
anim_memorymatch_pointbigleft_02,v1.0-baseline,1.0,678e3a5a74fe,21,0.66,0,0,0,0,0,0,0.5,4,71653.4,0.711079,0.550818,0,0.272195,0.962686,0.219963,0.995783,,,SHORT;RATE;LOWCORR,45
anim_memorymatch_pointbigleft_fast_01,v1.0-baseline,1.0,678e3a5a74fe,9,0.264,0,0,0,0,0,0,0.75,4,234519,0.591728,0.550818,7.57576,0.525919,0.792654,-0.140062,0.986477,,,TINY;SHORT;RATE;LOWCORR;FLICKER,75
anim_memorymatch_pointbigleft_fast_02,v1.0-baseline,1.0,678e3a5a74fe,13,0.396,0,0,0,0,0,0,1,4,159170,0.754248,0.550818,0,0.272195,0.941871,0.0311544,0.976652,,,TINY;SHORT;RATE;LOWCORR,75
anim_memorymatch_pointbigright_01,v1.0-baseline,1.0,678e3a5a74fe,21,0.66,0,0,0,0,0,0,0,3.24087,22578,0.635185,0.20408,0,0.182663,0.982626,-0.251426,0.992782,,,SHORT;LOWCORR,25
anim_memorymatch_pointbigright_02,v1.0-baseline,1.0,678e3a5a74fe,21,0.66,0,0,0,0,0,0,0,3.24087,22578,0.635185,0.20408,0,0.182663,0.982626,-0.251426,0.992782,,,SHORT;LOWCORR,25
anim_memorymatch_pointbigright_fast_01,v1.0-baseline,1.0,678e3a5a74fe,11,0.33,0,0,0,0,0,0,0.6,4,211846,0.632122,0.20408,0,0.182663,0.962053,-0.465302,0.996621,,,TINY;SHORT;RATE;LOWCORR,59
anim_memorymatch_pointbigright_fast_02,v1.0-baseline,1.0,678e3a5a74fe,11,0.33,0,0,0,0,0,0,0.9,4,149392,0.66,0.193864,0,0.182663,0.771598,0.60756,0.996187,,,TINY;SHORT;RATE,56
anim_memorymatch_pointcenter_01,v1.0-baseline,1.0,678e3a5a74fe,19,0.594,0,0,0,0,0,0,0.166667,4,45374.8,0.572761,0.0947196,0,0.0947196,0.96534,0.966846,,,,SHORT;RATE,16.667
anim_memorymatch_pointcenter_02,v1.0-baseline,1.0,678e3a5a74fe,19,0.594,0,0,0,0,0,0,0.277778,4,80918.8,0.621556,0.0947196,0,0.0947196,0.920923,-0.176072,,,,SHORT;RATE;LOWCORR,36.111
anim_memorymatch_pointcenter_03,v1.0-baseline,1.0,678e3a5a74fe,21,0.66,0,0,0,0,0,0,0.15,4,60886.2,0.543514,0.0369061,0,0.0369061,0.862008,0.875174,,,,SHORT;RATE,16
anim_memorymatch_pointcenter_fast_01,v1.0-baseline,1.0,678e3a5a74fe,12,0.363,0,0,0,0,0,0,0.545455,4,198032,0.566801,0.0947196,0,0.0947196,0.807,0.824207,,,,TINY;SHORT;RATE,41.818
anim_memorymatch_pointcenter_fast_02,v1.0-baseline,1.0,678e3a5a74fe,11,0.33,0,0,0,0,0,0,0.7,4,237988,0.528,0.0947196,0,0.0947196,0.777665,-0.336128,,13.2298,26.2951,TINY;SHORT;RATE;LOWCORR;DYN,88
anim_memorymatch_pointcenter_fast_03,v1.0-baseline,1.0,678e3a5a74fe,12,0.363,0,0,0,0,0,0,0.818182,4,223192,0.66,0.0369061,0,0.0369061,0.204398,0.602875,,,,TINY;SHORT;RATE;LOWCORR,67.727
anim_memorymatch_pointsmallleft_01,v1.0-baseline,1.0,678e3a5a74fe,21,0.66,0,0,0,0,0,0,0.45,4,60802.6,0.824658,0.525919,0,0.272195,0.97134,0.303403,0.997939,,,SHORT;RATE,28
anim_memorymatch_pointsmallleft_02,v1.0-baseline,1.0,678e3a5a74fe,21,0.66,0,0,0,0,0,0,0.45,4,60802.6,0.824658,0.525919,0,0.272195,0.97134,0.303403,0.997939,,,SHORT;RATE,28
anim_memorymatch_pointsmallleft_fast_01,v1.0-baseline,1.0,678e3a5a74fe,11,0.33,0,0,0,0,0,0,0.7,4,173209,0.670996,0.45452,0,0.293117,0.914782,0.844982,0.960766,,,TINY;SHORT;RATE,48
anim_memorymatch_pointsmallleft_fast_02,v1.0-baseline,1.0,678e3a5a74fe,10,0.297,0,0,0,0,0,0,0.666667,4,194771,0.644048,0.525919,6.73401,0.525919,0.929044,0.646573,0.962668,,,TINY;SHORT;RATE;FLICKER,56.667
anim_memorymatch_pointsmallright_01,v1.0-baseline,1.0,678e3a5a74fe,26,0.825,0,0,0,0,0,0,0.32,4,53077.3,0.799152,0.21898,0,0.182663,0.933093,0.279119,0.969328,,,SHORT;RATE;LOWCORR,37.8
anim_memorymatch_pointsmallright_02,v1.0-baseline,1.0,678e3a5a74fe,26,0.825,0,0,0,0,0,0,0.32,4,53196.1,0.799152,0.210718,0,0.182663,0.945947,0.279119,0.969328,,,SHORT;RATE;LOWCORR,37.8
anim_memorymatch_pointsmallright_fast_01,v1.0-baseline,1.0,678e3a5a74fe,16,0.495,0,0,0,0,0,0,0.466667,4,77124,0.767691,0.21898,0,0.182663,0.922742,0.455137,0.980664,,,SHORT;RATE,28.667
anim_memorymatch_pointsmallright_fast_02,v1.0-baseline,1.0,678e3a5a74fe,13,0.396,0,0,0,0,0,0,0.583333,4,159779,0.47278,0.199817,0,0.188908,0.931566,0.23571,0.974358,,,TINY;SHORT;RATE;LOWCORR,58.333
anim_memorymatch_reacttopattern_01,v1.0-baseline,1.0,678e3a5a74fe,12,0.363,0,0,0,0,0,0,0,2.38688,73519.9,0.1848,0.0954667,0,0.0936947,0.992486,-0.451387,,,,TINY;SHORT;LOWCORR,35
anim_memorymatch_reacttopattern_02,v1.0-baseline,1.0,678e3a5a74fe,15,0.462,0,0,0,0,0,0,0,1.23209,4966.84,0.162566,0.211317,0,0.211317,0.998636,,,,,SHORT,10
anim_memorymatch_reacttopattern_standard_01,v1.0-baseline,1.0,678e3a5a74fe,99,3.234,0,0,0,0,0,0,0.0306122,4,23473.5,0.515262,0,0,0,0.950721,0.872298,,,,,1.224
anim_memorymatch_reacttopattern_struggle_01,v1.0-baseline,1.0,678e3a5a74fe,130,4.257,0,0,0,0,0,0,0.0310078,4,21145.5,0.950135,0.638368,1.17454,0.53921,0.808706,0.981237,0.713075,,,FLICKER,11.24
anim_memorymatch_reacttopattern_struggle_02,v1.0-baseline,1.0,678e3a5a74fe,211,6.93,0,0,0,0,0,0,0.0238095,4,22043.8,0.679063,0.442584,0,0.296261,0.937061,-0.022498,0.724858,,,LOWCORR,15.952
anim_memorymatch_reacttopattern_struggle_03,v1.0-baseline,1.0,678e3a5a74fe,40,1.287,0,0,0,0,0,0,0.282051,4,51798,0.752043,0.577291,1.554,0.577291,0.976347,0.654797,0.911886,,,RATE;FLICKER,21.282
anim_memorymatch_solo_failhand_player_01,v1.0-baseline,1.0,678e3a5a74fe,71,2.31,0,0,0,0,0,0,0,3.52778,25185.8,0.43766,0.735821,0.865801,0.735422,0.970879,0.319512,,,,,0
anim_memorymatch_solo_failhand_player_02,v1.0-baseline,1.0,678e3a5a74fe,71,2.31,0,0,0,0,0,0,0,3.52778,25185.8,0.43766,0.735821,0.865801,0.735422,0.970879,0.319512,,,,,0
anim_memorymatch_solo_failhand_player_03,v1.0-baseline,1.0,678e3a5a74fe,71,2.31,0,0,0,0,0,0,0,3.52778,25185.8,0.43766,0.735821,0.865801,0.735422,0.970879,0.319512,,5.40666,19.1606,DYN,25
anim_memorymatch_solo_reacttopattern_01,v1.0-baseline,1.0,678e3a5a74fe,96,3.135,0,0,0,0,0,0,0,3.70434,16461.7,0.372708,0.617115,0.637959,0.517553,0.785119,-0.345831,,,,LOWCORR,15
anim_memorymatch_solo_reacttopattern_02,v1.0-baseline,1.0,678e3a5a74fe,22,0.693,0,0,0,0,0,0,0,2.69417,23700.8,0.194558,0,0,0,0.817845,0.0592645,,,,SHORT;LOWCORR,25
anim_memorymatch_solo_reacttopattern_03,v1.0-baseline,1.0,678e3a5a74fe,31,0.99,0,0,0,0,0,0,0,2.08238,11590.1,0.223123,0.540998,1.0101,0.52039,0.874611,-0.900265,,,,LOWCORR;FLICKER,25
anim_memorymatch_solo_successgame_player_01,v1.0-baseline,1.0,678e3a5a74fe,47,1.518,0,0,0,0,0,0,0.326087,4,67633.1,1.05668,0.551921,0,0.276177,0.977444,0.878436,0.88093,,,RATE,13.043
anim_memorymatch_solo_successgame_player_02,v1.0-baseline,1.0,678e3a5a74fe,43,1.386,0,0,0,0,0,0,0.357143,4,70885.9,1.05672,0.551921,0,0.276177,0.976642,0.874955,0.871441,,,RATE,14.286
anim_memorymatch_solo_successgame_player_03,v1.0-baseline,1.0,678e3a5a74fe,43,1.386,0,0,0,0,0,0,0.357143,4,70885.9,1.05672,0.551921,0,0.276177,0.976642,0.874955,0.871441,,,RATE,14.286
anim_memorymatch_successhand_cozmo_01,v1.0-baseline,1.0,678e3a5a74fe,34,1.089,0,0,0,0,0,0,0.030303,4,25644.6,0.403406,0.548983,3.67309,0.532248,0.96248,-0.113542,,,,LOWCORR;FLICKER,26.212
anim_memorymatch_successhand_cozmo_02,v1.0-baseline,1.0,678e3a5a74fe,51,1.65,0,0,0,0,0,0,0.24,4,33709.4,1.13973,0.621983,0.606061,0.549023,0.994089,-0.339563,,,,RATE;LOWCORR,24.6
anim_memorymatch_successhand_cozmo_03,v1.0-baseline,1.0,678e3a5a74fe,94,3.069,0,0,0,0,0,0,0.376344,4,95798,1.03914,0.548983,1.6292,0.472952,0.825278,0.944712,0.727073,,,RATE;FLICKER,25.054
anim_memorymatch_successhand_cozmo_04,v1.0-baseline,1.0,678e3a5a74fe,189,6.204,0,0,0,0,0,0,0.111702,4,47907.8,1.8887,0.548983,1.45068,0.548983,0.77861,0.944026,0.7431,,,RATE;FLICKER,14.468
anim_memorymatch_successhand_player_01,v1.0-baseline,1.0,678e3a5a74fe,69,2.244,0,0,0,0,0,0,0,3.33402,18614.3,0.416308,0.104007,0,0.104007,0.878841,0.53308,,,,,0
anim_memorymatch_successhand_player_02,v1.0-baseline,1.0,678e3a5a74fe,96,3.135,0,0,0,0,0,0,0.0736842,4,26456.2,0.741562,0.771429,1.91388,0.552481,0.991779,0.934439,0.983978,,,RATE;FLICKER,12.947
anim_memorymatch_successhand_player_03,v1.0-baseline,1.0,678e3a5a74fe,111,3.63,0,0,0,0,0,0,0.209091,4,36044.3,1.04316,0.194104,0,0.0994066,0.947865,0.750673,0.916386,,,RATE,8.364
anim_mm_newidea,v1.0-baseline,1.0,678e3a5a74fe,41,1.32,0,0,0,0,0,0,0,1.07345,4762.81,0.0864025,0.830141,1.51515,0.830141,,,,,,FLICKER,10
anim_mm_thinking,v1.0-baseline,1.0,678e3a5a74fe,11,0.33,0,0,0,0,0,0,0,0,0,0,0,0,0,,,,,,TINY;SHORT;STATIC,70
anim_motiontrack_turnsmall,v1.0-baseline,1.0,678e3a5a74fe,6,0.165,0,0,0,0,0,0,0,0,0,0,0,0,0,,,,,,TINY;SHORT;STATIC,70
anim_neutral_eyes_01,v1.0-baseline,1.0,678e3a5a74fe,1,0,0,0,0,0,0,0,0,0,0,0,0,0,0,,,,,,DEGENERATE;TINY;SHORT;STATIC,170
anim_pause_idle_01,v1.0-baseline,1.0,678e3a5a74fe,171,5.61,0,0,0,0,0,0,0,2.2582,6425.71,0.321156,0.192217,0,0.12834,0.98766,,0.99447,2.31025,7.54519,,0
anim_pause_idle_02,v1.0-baseline,1.0,678e3a5a74fe,116,3.795,0,0,0,0,0,0,0,1.42376,4919.49,0.272218,0.758902,1.31752,0.540415,0.951329,,,,,FLICKER,10
anim_pause_idle_03,v1.0-baseline,1.0,678e3a5a74fe,101,3.3,0,0,0,0,0,0,0,2.29416,8462.92,0.274194,0.735422,0.606061,0.496432,0.970618,,,,,,0
anim_peekaboo_fail_01,v1.0-baseline,1.0,678e3a5a74fe,116,3.795,0,0,0,0,0,0,0.026087,4,24547.2,0.570992,0.601982,0.263505,0.526506,0.996261,0.142051,,,,LOWCORR,16.043
anim_peekaboo_failgetout_01,v1.0-baseline,1.0,678e3a5a74fe,206,6.765,0,0,0,0,0,0,0.0926829,4,20914,1.55869,0.752556,0.591279,0.550569,0.985134,,0.980158,,,RATE,3.707
anim_peekaboo_getin_01,v1.0-baseline,1.0,678e3a5a74fe,71,2.31,0,0,0,0,0,0,0.0714286,4,24096.4,0.523285,0.0898155,0,0.0898155,0.978402,-0.0161553,,,,RATE;LOWCORR,17.857
anim_peekaboo_idle_01,v1.0-baseline,1.0,678e3a5a74fe,141,4.62,0,0,0,0,0,0,0,2.57474,4959.1,0.34054,0.354695,0,0.243558,0.993918,,,,,,0
anim_peekaboo_idle_02,v1.0-baseline,1.0,678e3a5a74fe,126,4.125,0,0,0,0,0,0,0,1.14643,3599.23,0.243162,0.758902,1.21212,0.530549,0.883859,,,,,FLICKER,10
anim_peekaboo_idle_03,v1.0-baseline,1.0,678e3a5a74fe,151,4.95,0,0,0,0,0,0,0,1.48065,4241.7,0.288818,0.758902,0.808081,0.540415,0.953187,,,,,,0
anim_peekaboo_requestonce_01,v1.0-baseline,1.0,678e3a5a74fe,93,3.036,0,0,0.0215054,0,0,0.0215054,0.26087,4,60998.2,1.68237,0.651374,0,0.296137,0.959556,0.851574,,,,SAT;RATE,12.585
anim_peekaboo_requestshorts_01,v1.0-baseline,1.0,678e3a5a74fe,53,1.716,0,0,0,0,0,0,0.365385,4,55685.5,1.312,0.603258,0.582751,0.356453,0.834727,0.636999,,,,RATE,14.615
anim_peekaboo_requestthrice_01,v1.0-baseline,1.0,678e3a5a74fe,134,4.389,0,0,0,0,0,0,0.406015,4,64149.4,1.55342,0.617915,0.911369,0.56458,0.895729,0.814834,0.933702,,,RATE,16.241
anim_peekaboo_requesttwice_01,v1.0-baseline,1.0,678e3a5a74fe,129,4.224,0,0,0,0,0,0,0.265625,4,56505.6,1.88485,0.577589,0,0.281451,0.84392,0.778296,0.948196,,,RATE,10.625
anim_peekaboo_success_01,v1.0-baseline,1.0,678e3a5a74fe,73,2.376,0,0,0,0,0,0,0.347222,4,56038.7,1.91794,0.626822,0.420875,0.359619,0.990531,-0.135508,0.983468,,,RATE;LOWCORR,28.889
anim_peekaboo_success_02,v1.0-baseline,1.0,678e3a5a74fe,86,2.805,0,0,0,0,0,0,0.541176,4,84697.5,1.54424,0.621944,0.713012,0.553282,0.947943,0.855892,0.948111,,,RATE,21.647
anim_peekaboo_success_03,v1.0-baseline,1.0,678e3a5a74fe,101,3.3,0,0,0,0,0,0,0.21,4,47868.8,0.976706,0.701442,0.606061,0.600511,0.884944,0.535156,0.98864,,,RATE,8.4
anim_peekaboo_successgetout_01,v1.0-baseline,1.0,678e3a5a74fe,161,5.28,0,0,0,0,0,0,0.19375,4,51468.6,1.28187,0.733874,0.757576,0.631421,0.986813,0.554963,0.92681,,,RATE,7.75
anim_petdetection_cat_01,v1.0-baseline,1.0,678e3a5a74fe,264,8.679,0,0,0,0,0,0,0.148289,4,33646.7,1.43094,0.716663,0.345662,0.554529,0.975206,0.810619,0.983156,,,RATE,5.932
anim_petdetection_cat_01_head_angle_-20,v1.0-baseline,1.0,678e3a5a74fe,264,8.679,0,0,0.0189394,0,0,0.0189394,0.171103,4,31556,1.52004,0.716663,0.345662,0.554529,0.927961,0.737283,0.983156,8.81205,34.3602,SAT;RATE;DYN,33.738
anim_petdetection_cat_01_head_angle_20,v1.0-baseline,1.0,678e3a5a74fe,264,8.679,0,0,0,0,0,0,0.110266,4,26878.6,1.32096,0.716663,0.345662,0.554529,0.9848,0.967104,0.983156,,,RATE,4.411
anim_petdetection_cat_01_head_angle_40,v1.0-baseline,1.0,678e3a5a74fe,264,8.679,0,0,0,0,0,0,0.110266,4,26875.7,1.32096,0.716663,0.345662,0.554529,0.986079,0.967104,0.983156,,,RATE,4.411
anim_petdetection_cat_02_head_angle_-20,v1.0-baseline,1.0,678e3a5a74fe,321,10.56,0,0,0,0,0,0,0.134375,4,39293.2,1.08215,0.719202,0.378788,0.366639,0.978937,-0.15404,0.669537,,,RATE;LOWCORR,20.375
anim_petdetection_cat_02_head_angle_20,v1.0-baseline,1.0,678e3a5a74fe,321,10.56,0,0,0,0,0,0,0.125,4,36778.4,1.1141,0.719202,0.378788,0.366639,0.985056,0.116991,0.669537,,,RATE;LOWCORR,20
anim_petdetection_cat_02_head_angle_40,v1.0-baseline,1.0,678e3a5a74fe,321,10.56,0,0,0,0,0,0,0.125,4,36906.7,1.1141,0.719202,0.378788,0.366639,0.984584,0.186642,0.669537,,,RATE;LOWCORR,20
anim_petdetection_dog_01,v1.0-baseline,1.0,678e3a5a74fe,178,5.841,0,0,0,0,0,0,0.0564972,4,31319,1.21014,0.716663,0.856018,0.551583,0.957695,0.589486,,,,RATE,2.26
anim_petdetection_dog_01_head_angle_-20,v1.0-baseline,1.0,678e3a5a74fe,178,5.841,0,0,0.00561798,0,0,0.00561798,0.0960452,4,36880.3,1.48124,0.716663,0.856018,0.551583,0.96107,0.467646,,,,RATE,4.404
anim_petdetection_dog_01_head_angle_20,v1.0-baseline,1.0,678e3a5a74fe,178,5.841,0,0,0,0,0,0,0.0734463,4,30071.3,1.15893,0.716663,0.856018,0.551583,0.960065,0.898296,,,,RATE,2.938
anim_petdetection_dog_01_head_angle_40,v1.0-baseline,1.0,678e3a5a74fe,178,5.841,0,0,0,0,0,0,0.0734463,4,30071.3,1.15893,0.716663,0.856018,0.551583,0.960065,0.898296,,,,RATE,2.938
anim_petdetection_dog_02_head_angle_-20,v1.0-baseline,1.0,678e3a5a74fe,401,13.2,0,0,0,0,0,0,0.2075,4,43542.3,2.04993,0.716663,0.151515,0.553282,0.938148,0.586077,0.957736,,,RATE,8.3
anim_petdetection_dog_02_head_angle_20,v1.0-baseline,1.0,678e3a5a74fe,401,13.2,0,0,0,0,0,0,0.1325,4,38219.8,2.04993,0.716663,0.151515,0.553282,0.95358,0.658826,0.957736,,,RATE,5.3
anim_petdetection_dog_02_head_angle_40,v1.0-baseline,1.0,678e3a5a74fe,401,13.2,0,0,0,0,0,0,0.125,4,38144,2.04993,0.716663,0.151515,0.553282,0.954589,0.658826,0.957736,,,RATE,5
anim_petdetection_dog_03,v1.0-baseline,1.0,678e3a5a74fe,257,8.448,0,0,0,0,0,0,0.140625,4,46995.7,1.03188,0.719202,0.710227,0.554053,0.972354,0.148125,0.866194,,,RATE;LOWCORR,20.625
anim_petdetection_dog_03_head_angle_-20,v1.0-baseline,1.0,678e3a5a74fe,257,8.448,0,0,0,0,0,0,0.160156,4,40852.7,1.03188,0.719202,0.710227,0.554053,0.965391,-0.0797954,0.866194,,,RATE;LOWCORR,21.406
anim_petdetection_dog_03_head_angle_20,v1.0-baseline,1.0,678e3a5a74fe,257,8.448,0,0,0,0,0,0,0.125,4,37009.7,1.03188,0.719202,0.710227,0.554053,0.983217,0.271515,0.866194,,,RATE;LOWCORR,20
anim_petdetection_dog_03_head_angle_40,v1.0-baseline,1.0,678e3a5a74fe,257,8.448,0,0,0,0,0,0,0.113281,4,36887.1,1.03188,0.719202,0.710227,0.554053,0.983865,0.271515,0.866194,,,RATE;LOWCORR,19.531
anim_petdetection_misc_01_head_angle_-20,v1.0-baseline,1.0,678e3a5a74fe,311,10.23,0,0,0,0,0,0,0.132258,4,46683.3,1.35432,0.709572,0.0977517,0.319913,0.974525,0.530094,0.98697,,,RATE,5.29
anim_petdetection_misc_01_head_angle_20,v1.0-baseline,1.0,678e3a5a74fe,311,10.23,0,0,0,0,0,0,0.0870968,4,41143,1.35432,0.709572,0.0977517,0.319913,0.984714,0.816668,0.98697,5.7871,28.8251,RATE;DYN,28.484
anim_petdetection_misc_01_head_angle_40,v1.0-baseline,1.0,678e3a5a74fe,311,10.23,0,0,0,0,0,0,0.0774194,4,41020.9,1.35432,0.709572,0.0977517,0.319913,0.984932,0.816668,0.98697,,,RATE,3.097
anim_petdetection_shortreaction_01,v1.0-baseline,1.0,678e3a5a74fe,77,2.508,0,0,0,0,0,0,0.105263,4,28836.7,0.796632,0.478836,1.19617,0.428063,0.983044,0.844061,,,,RATE;FLICKER,14.211
anim_petdetection_shortreaction_01_head_angle_-20,v1.0-baseline,1.0,678e3a5a74fe,77,2.508,0,0,0,0,0,0,0.184211,4,43190.4,0.827168,0.478836,1.19617,0.428063,0.965587,0.49902,,,,RATE;FLICKER,17.368
anim_petdetection_shortreaction_01_head_angle_20,v1.0-baseline,1.0,678e3a5a74fe,77,2.508,0,0,0,0,0,0,0.105263,4,32348.9,0.873916,0.478836,1.19617,0.428063,0.982532,0.891522,,,,RATE;FLICKER,14.211
anim_petdetection_shortreaction_01_head_angle_40,v1.0-baseline,1.0,678e3a5a74fe,77,2.508,0,0,0,0,0,0,0.105263,4,32348.9,0.873916,0.478836,1.19617,0.428063,0.982532,0.891522,,,,RATE;FLICKER,14.211
anim_petdetection_shortreaction_02_head_angle_-20,v1.0-baseline,1.0,678e3a5a74fe,77,2.508,0,0,0,0,0,0,0.171053,4,42242,0.840291,0.478836,1.19617,0.428063,0.963898,0.496546,,,,RATE;FLICKER,16.842
anim_petdetection_shortreaction_02_head_angle_20,v1.0-baseline,1.0,678e3a5a74fe,77,2.508,0,0,0,0,0,0,0.118421,4,30230.8,0.867564,0.478836,1.19617,0.428063,0.978074,0.888738,,,,RATE;FLICKER,14.737
anim_petdetection_shortreaction_02_head_angle_40,v1.0-baseline,1.0,678e3a5a74fe,77,2.508,0,0,0,0,0,0,0.118421,4,30230.8,0.867564,0.478836,1.19617,0.428063,0.978074,0.888738,,,,RATE;FLICKER,14.737
anim_play_driving_end_01,v1.0-baseline,1.0,678e3a5a74fe,23,0.726,0,0,0,0,0,0,0,1.69367,9098.1,0.220954,0.261503,0,0.121311,0.993016,,,,,SHORT,10
anim_play_driving_loop_01,v1.0-baseline,1.0,678e3a5a74fe,56,1.815,0,0,0,0,0,0,0,1.71708,6240.4,0.184753,0.0497007,0,0.0402727,0.996642,,,,,,0
anim_play_driving_loop_02,v1.0-baseline,1.0,678e3a5a74fe,62,2.013,0,0,0,0,0,0,0,1.37366,4700.78,0.147802,0.0212343,0,0.0193888,0.996876,,,,,,0
anim_play_driving_loop_03,v1.0-baseline,1.0,678e3a5a74fe,74,2.409,0,0,0,0,0,0,0,2.13435,7426.17,0.256873,0.0346975,0,0.0346975,0.982794,,,,,,0
anim_play_driving_start_01,v1.0-baseline,1.0,678e3a5a74fe,41,1.32,0,0,0,0,0,0,0,1.71707,6995.68,0.184805,0.25288,0,0.25288,0.99715,,,,,,0
anim_play_getin_01,v1.0-baseline,1.0,678e3a5a74fe,186,6.105,0,0,0,0,0,0,0.0486486,4,29430.6,0.920419,0.770774,0.4914,0.637664,0.98869,0.792087,0.998457,,,,1.946
anim_play_getout_01,v1.0-baseline,1.0,678e3a5a74fe,59,1.914,0,0,0,0,0,0,0.0517241,4,17830.6,0.563454,0.560947,0.522466,0.323902,0.959287,0.00696583,0.914797,,,RATE;LOWCORR,17.069
anim_play_idle_01,v1.0-baseline,1.0,678e3a5a74fe,73,2.376,0,0,0,0,0,0,0,1.8919,12468.4,0.219335,0.0423201,0,0.031346,0.995458,0.317403,,,,,0
anim_play_idle_02,v1.0-baseline,1.0,678e3a5a74fe,60,1.947,0,0,0,0,0,0,0.0169492,4,27073.4,0.389102,0.0846761,0,0.0763401,0.986655,0.481714,,,,,0.678
anim_play_idle_03,v1.0-baseline,1.0,678e3a5a74fe,56,1.815,0,0,0,0,0,0,0,3.67298,17906.2,0.337831,0.0498074,0,0.0380424,0.834334,0.384018,,3.34667,13.0331,DYN,25
anim_play_requestplay_level1_01,v1.0-baseline,1.0,678e3a5a74fe,135,4.422,0,0,0,0,0,0,0.104478,4,44837.1,0.844273,0.614352,0.452284,0.40677,0.977278,0.612633,0.857855,,,RATE,4.179
anim_play_requestplay_level1_02,v1.0-baseline,1.0,678e3a5a74fe,141,4.62,0,0,0,0,0,0,0.128571,4,34295.9,1.1286,0.699754,0.4329,0.594767,0.970879,0.659796,0.868145,,,RATE,5.143
anim_play_requestplay_level2_01,v1.0-baseline,1.0,678e3a5a74fe,171,5.61,0,0,0,0,0,0,0.0705882,4,43383.4,0.845583,0.591326,0.713012,0.56098,0.99217,0.544958,0.972473,,,RATE,2.824
anim_play_requestplay_level2_02,v1.0-baseline,1.0,678e3a5a74fe,87,2.838,0,0,0,0,0,0,0.127907,4,34035,1.13097,0.636416,0.704722,0.600038,0.980921,0.968347,0.944733,,,RATE,5.116
anim_poked_01,v1.0-baseline,1.0,678e3a5a74fe,32,1.023,0,0,0,0,0,0,0,2.55886,11139.6,0.230096,0.8864,0.977517,0.565,,,,,,,0
anim_poked_02,v1.0-baseline,1.0,678e3a5a74fe,62,2.013,0,0,0,0,0,0,0,3.03892,26037.8,0.489481,0.8864,0.496771,0.565,,0.988696,,,,,0
anim_poked_giggle,v1.0-baseline,1.0,678e3a5a74fe,28,0.891,0,0,0.107143,0,0,0.107143,0.111111,4,35259.8,0.819245,0.697535,2.24467,0.625727,0.535744,,,,,SHORT;SAT;RATE;FLICKER,35.159
anim_pokedreaction_01,v1.0-baseline,1.0,678e3a5a74fe,23,0.726,0,0,0,0,0,0,0.0909091,4,25384,0.445876,0.819514,2.75482,0.666624,0.956585,,,,,SHORT;RATE;FLICKER,23.636
anim_pounce_01,v1.0-baseline,1.0,678e3a5a74fe,20,0.627,0,0,0,0,0,0,0.210526,4,58053.5,0.508131,0.549269,1.5949,0.548983,0.876605,0.354036,,,,SHORT;RATE;FLICKER,28.421
anim_pounce_02,v1.0-baseline,1.0,678e3a5a74fe,76,2.475,0,0,0,0,0,0,0.266667,4,66886.6,0.869692,0.797915,1.21212,0.773242,0.897916,0.515742,,,,RATE;FLICKER,20.667
anim_pounce_03,v1.0-baseline,1.0,678e3a5a74fe,117,3.828,0,0,0,0,0,0,0.137931,4,48489.8,1.32786,0.0628236,0,0.0348275,0.879671,0.414742,,,,RATE,5.517
anim_pounce_04,v1.0-baseline,1.0,678e3a5a74fe,66,2.145,0,0,0,0,0,0,0.353846,4,77209.8,0.957537,0.624062,0.932401,0.60474,0.850681,0.541667,0.995013,,,RATE,14.154
anim_pounce_drive_01,v1.0-baseline,1.0,678e3a5a74fe,36,1.155,0,0,0,0,0,0,0,0.995326,2799.43,0.0568017,0.231023,0,0.231023,,,,,,,0
anim_pounce_drive_02,v1.0-baseline,1.0,678e3a5a74fe,46,1.485,0,0,0,0,0,0,0,1.98467,6456.7,0.118052,0.658883,1.3468,0.658883,,,,,,FLICKER,10
anim_pounce_drive_03,v1.0-baseline,1.0,678e3a5a74fe,31,0.99,0,0,0,0,0,0,0,0.302421,1259.73,0.0214708,0.130895,0,0.104316,,,,,,STATIC,50
anim_pounce_fail_01,v1.0-baseline,1.0,678e3a5a74fe,101,3.3,0,0,0,0,0,0,0.08,4,23633.3,1.14316,0.671801,0.606061,0.577121,0.889612,0.830643,0.99507,,,RATE,3.2
anim_pounce_fail_02,v1.0-baseline,1.0,678e3a5a74fe,89,2.904,0,0,0,0,0,0,0.113636,4,40512.2,0.783496,0.830287,1.37741,0.733148,0.978952,0.807459,,,,RATE;FLICKER,14.545
anim_pounce_fail_03,v1.0-baseline,1.0,678e3a5a74fe,124,4.059,0,0,0,0,0,0,0.195122,4,54612.8,1.2767,0.554143,0.985464,0.456748,0.944773,0.532442,0.932948,6.59093,19.5504,RATE;DYN,32.805
anim_pounce_fail_04,v1.0-baseline,1.0,678e3a5a74fe,99,3.234,0,0,0.050505,0,0,0.050505,0.132653,4,56383.1,1.05771,0.581355,0,0.26608,0.936297,0.66516,0.955363,,,SAT;RATE,10.357
anim_pounce_long_01,v1.0-baseline,1.0,678e3a5a74fe,25,0.792,0,0,0,0,0,0,0.416667,4,80011.1,0.914585,0.657967,1.26263,0.548983,0.991018,0.823758,,,,SHORT;RATE;FLICKER,36.667
anim_pounce_lookgetout_01,v1.0-baseline,1.0,678e3a5a74fe,16,0.495,0,0,0,0,0,0,0.0666667,4,32452.1,0.603572,0.725837,6.06061,0.725837,0.909533,,,,,SHORT;RATE;FLICKER,22.667
anim_pounce_lookloop_01,v1.0-baseline,1.0,678e3a5a74fe,36,1.155,0,0,0,0,0,0,0,0.995326,2799.44,0.0568017,0.231023,0,0.231023,,,,,,,0
anim_pounce_lookloop_02,v1.0-baseline,1.0,678e3a5a74fe,46,1.485,0,0,0,0,0,0,0,1.98467,6456.7,0.118052,0.658883,1.3468,0.658883,,,,,,FLICKER,10
anim_pounce_lookloop_03,v1.0-baseline,1.0,678e3a5a74fe,31,0.99,0,0,0,0,0,0,0,0.302421,1259.73,0.0214708,0.130895,0,0.104316,,,,,,STATIC,50
anim_pounce_reacttoobj_01_shorter,v1.0-baseline,1.0,678e3a5a74fe,53,1.716,0,0,0,0,0,0,0,3.74401,17725.7,0.473587,0.671801,1.74825,0.502897,0.915871,0.980103,,,,FLICKER,10
anim_pounce_success_01,v1.0-baseline,1.0,678e3a5a74fe,54,1.749,0,0,0,0,0,0,0.207547,4,49013.6,1.0774,0.564478,1.14351,0.555996,0.958471,0.214603,,,,RATE;LOWCORR;FLICKER,33.302
anim_pounce_success_02,v1.0-baseline,1.0,678e3a5a74fe,54,1.749,0,0,0,0,0,0,0.320755,4,47091.5,1.63962,0.564478,1.14351,0.555996,0.956118,0.242196,0.974228,,,RATE;LOWCORR;FLICKER,37.83
anim_pounce_success_03,v1.0-baseline,1.0,678e3a5a74fe,73,2.376,0,0,0,0,0,0,0.458333,4,72740.4,0.902275,0.643415,0,0.255442,0.970768,0.934629,0.932422,,,RATE,18.333
anim_pounce_success_04,v1.0-baseline,1.0,678e3a5a74fe,85,2.772,0,0,0,0,0,0,0.369048,4,64266.8,1.15743,0.322022,0,0.26413,0.903413,0.884202,0.894362,,,RATE,14.762
anim_pyramid_lookinplaceforfaces_long_head_angle_-20,v1.0-baseline,1.0,678e3a5a74fe,61,1.98,0,0,0,0,0,0,0,1.67322,6491,0.246401,0.758902,1.51515,0.530549,0.978091,,,,,FLICKER,10
anim_pyramid_lookinplaceforfaces_long_head_angle_20,v1.0-baseline,1.0,678e3a5a74fe,61,1.98,0,0,0,0,0,0,0,1.31294,4407.14,0.216274,0.758902,1.51515,0.530549,0.961621,,,,,FLICKER,10
anim_pyramid_lookinplaceforfaces_long_head_angle_40,v1.0-baseline,1.0,678e3a5a74fe,61,1.98,0,0,0,0,0,0,0,1.31294,4475.82,0.198827,0.758902,1.51515,0.530549,0.946248,,,,,FLICKER,10
anim_pyramid_lookinplaceforfaces_medium,v1.0-baseline,1.0,678e3a5a74fe,31,0.99,0,0,0,0,0,0,0,1.4221,12765.6,0.135866,0.735422,2.0202,0.490511,0.980765,,,,,FLICKER,10
anim_pyramid_lookinplaceforfaces_medium_head_angle_-20,v1.0-baseline,1.0,678e3a5a74fe,31,0.99,0,0,0,0,0,0,0,2.70184,16392.3,0.330383,0.735422,2.0202,0.490511,0.985918,,,,,FLICKER,10
anim_pyramid_lookinplaceforfaces_medium_head_angle_20,v1.0-baseline,1.0,678e3a5a74fe,31,0.99,0,0,0,0,0,0,0,1.38365,9144.31,0.202631,0.735422,2.0202,0.490511,0.978146,,,,,FLICKER,10
anim_pyramid_lookinplaceforfaces_medium_head_angle_40,v1.0-baseline,1.0,678e3a5a74fe,31,0.99,0,0,0,0,0,0,0,1.38465,9115.41,0.187702,0.735422,2.0202,0.490511,0.977239,,,2.20767,3.4696,FLICKER,10
anim_pyramid_lookinplaceforfaces_short_head_angle_-20,v1.0-baseline,1.0,678e3a5a74fe,11,0.33,0,0,0,0,0,0,0,1.0343,25519.5,0.0341319,0,0,0,,,,,,TINY;SHORT;STATIC,70
anim_pyramid_lookinplaceforfaces_short_head_angle_20,v1.0-baseline,1.0,678e3a5a74fe,11,0.33,0,0,0,0,0,0,0,1.0343,25519.5,0.0341319,0,0,0,,,,,,TINY;SHORT;STATIC,70
anim_pyramid_lookinplaceforfaces_short_head_angle_40,v1.0-baseline,1.0,678e3a5a74fe,11,0.33,0,0,0,0,0,0,0,1.0343,25519.6,0.034132,0,0,0,,,,,,TINY;SHORT;STATIC,70
anim_pyramid_reacttocube_frustrated_high_01,v1.0-baseline,1.0,678e3a5a74fe,175,5.742,0,0,0,0,0,0,0.0862069,4,40324.7,0.969628,0.577034,0.348311,0.543496,0.954899,0.132787,0.998553,,,RATE;LOWCORR,18.448
anim_pyramid_reacttocube_frustrated_low_01,v1.0-baseline,1.0,678e3a5a74fe,47,1.518,0,0,0,0,0,0,0,3.64169,23259.5,0.471289,0.788994,1.31752,0.694274,0.960381,0.608821,,,,FLICKER,10
anim_pyramid_reacttocube_frustrated_mid_01,v1.0-baseline,1.0,678e3a5a74fe,171,5.61,0,0,0,0,0,0,0.0941176,4,46913,1.35228,0.710197,0.178253,0.360779,0.960166,0.141624,0.969475,,,RATE;LOWCORR,18.765
anim_pyramid_reacttocube_happy_high_02,v1.0-baseline,1.0,678e3a5a74fe,41,1.32,0,0,0,0,0,0,0,2.48748,37657.3,0.26674,0,0,0,0.876685,0.369483,,,,,0
anim_pyramid_reacttocube_happy_mid_01,v1.0-baseline,1.0,678e3a5a74fe,38,1.221,0,0,0,0,0,0,0.162162,4,51020.9,0.452777,0.114646,0,0.0953687,0.88796,0.178687,,,,RATE;LOWCORR,21.486
anim_pyramid_success_01,v1.0-baseline,1.0,678e3a5a74fe,111,3.63,0,0,0,0,0,0,0.172727,4,41136.2,1.25711,0.19377,0,0.144026,0.798053,0.972512,0.932457,,,RATE,6.909
anim_pyramid_thankyou_01_head_angle_20,v1.0-baseline,1.0,678e3a5a74fe,27,0.858,0,0,0,0,0,0,0,2.30765,18256.7,0.21368,0,0,0,0.953457,0.67744,,,,SHORT,10
anim_react2block_02,v1.0-baseline,1.0,678e3a5a74fe,48,1.551,0,0,0,0,0,0,0,0.765098,3765.98,0.143995,0.761499,2.57898,0.695358,0.880777,,,,,FLICKER,10
anim_reacttoblock_admirecubetower_01,v1.0-baseline,1.0,678e3a5a74fe,135,4.422,0,0,0,0,0,0,0,3.70763,11162.5,0.640192,0.548983,1.35685,0.472952,0.888744,0.842799,,,,FLICKER,10
anim_reacttoblock_ask_01_0,v1.0-baseline,1.0,678e3a5a74fe,77,2.508,0,0,0,0,0,0,0.368421,4,62104.3,1.73852,0.742259,0.797448,0.505861,0.854614,0.818993,,,,RATE,14.737
anim_reacttoblock_ask_01_head_angle_-20,v1.0-baseline,1.0,678e3a5a74fe,81,2.64,0,0,0.0617284,0,0,0.0617284,0.2625,4,57313.9,1.64223,0.742259,0.757576,0.505861,0.847339,0.892569,,,,SAT;RATE,16.673
anim_reacttoblock_ask_01_head_angle_20,v1.0-baseline,1.0,678e3a5a74fe,77,2.508,0,0,0,0,0,0,0.0921053,4,46717.8,1.03209,0.742259,0.797448,0.505861,0.927013,0.947197,,,,RATE,3.684
anim_reacttoblock_ask_01_head_angle_40,v1.0-baseline,1.0,678e3a5a74fe,77,2.508,0,0,0,0,0,0,0.0921053,4,47164,0.889207,0.742259,0.797448,0.505861,0.955815,0.968741,,,,RATE,3.684
anim_reacttoblock_audioblockcrash,v1.0-baseline,1.0,678e3a5a74fe,2,0.033,0,0,0,0,0,0,0,0,0,0,0,0,0,,,,,,TINY;SHORT;STATIC,70
anim_reacttoblock_focusedeyes_01,v1.0-baseline,1.0,678e3a5a74fe,26,0.825,0,0,0,0,0,0,0,2.18002,11830.8,0.215749,0.51324,1.21212,0.50442,0.971114,,,2.34947,4.79807,SHORT;FLICKER,20
anim_reacttoblock_frustrated_01,v1.0-baseline,1.0,678e3a5a74fe,23,0.726,0,0,0,0,0,0,0,2.57511,25702.5,0.197734,0.502354,0,0.238411,0.851756,0.865501,,,,SHORT,10
anim_reacttoblock_frustrated_int1_01,v1.0-baseline,1.0,678e3a5a74fe,23,0.726,0,0,0,0,0,0,0,2.57511,25702.5,0.197734,0.502354,0,0.238411,0.851756,0.865501,,,,SHORT,10
anim_reacttoblock_frustrated_int2_01,v1.0-baseline,1.0,678e3a5a74fe,23,0.726,0,0,0,0,0,0,0,2.57511,25702.5,0.197734,0.502354,0,0.238411,0.851756,0.865501,,,,SHORT,10
anim_reacttoblock_happydetermined_01,v1.0-baseline,1.0,678e3a5a74fe,36,1.155,0,0,0,0,0,0,0,3.63524,32571.6,0.269528,0.548983,1.7316,0.530793,0.926395,-0.0705171,,,,LOWCORR;FLICKER,25
anim_reacttoblock_happydetermined_02,v1.0-baseline,1.0,678e3a5a74fe,36,1.155,0,0,0,0,0,0,0,3.3461,25036.9,0.297091,0.548983,1.7316,0.530793,0.929462,,,,,FLICKER,10
anim_reacttoblock_lifteffortpickup_01,v1.0-baseline,1.0,678e3a5a74fe,31,0.99,0,0,0,0,0,0,0,2.19211,12814.4,0.226465,0.564169,1.0101,0.381638,,,,,,FLICKER,10
anim_reacttoblock_lifteffortplacehigh_01,v1.0-baseline,1.0,678e3a5a74fe,21,0.66,0,0,0,0,0,0,0,1.03098,5532.4,0.125405,0.679642,3.0303,0.553294,,,,,,SHORT;FLICKER,20
anim_reacttoblock_lifteffortplacelow_01,v1.0-baseline,1.0,678e3a5a74fe,23,0.726,0,0,0,0,0,0,0,1.97051,11162,0.203916,0,0,0,,,,,,SHORT,10
anim_reacttoblock_lifteffortroll_01,v1.0-baseline,1.0,678e3a5a74fe,25,0.792,0,0,0,0,0,0,0,1.93378,7526.83,0.220788,0.661819,2.52525,0.577082,,,,,,SHORT;FLICKER,20
anim_reacttoblock_placeblock_01,v1.0-baseline,1.0,678e3a5a74fe,170,5.577,0,0,0,0,0,0,0.0650888,4,20325.1,0.998915,0.652606,0.717231,0.634927,0.981573,0.0673738,0.839419,,,RATE;LOWCORR,17.604
anim_reacttoblock_putdown2nd_01,v1.0-baseline,1.0,678e3a5a74fe,47,1.518,0,0,0,0,0,0,0.326087,4,38908,1.06241,0.689277,1.31752,0.586731,0.71565,0.990662,0.998884,,,RATE;FLICKER,23.043
anim_reacttoblock_react_01,v1.0-baseline,1.0,678e3a5a74fe,99,3.234,0,0,0,0,0,0,0.0306122,4,22889.4,0.661826,0,0,0,0.950671,0.875779,,,,,1.224
anim_reacttoblock_react_01_0,v1.0-baseline,1.0,678e3a5a74fe,99,3.234,0,0,0,0,0,0,0.0306122,4,22092.5,0.670954,0,0,0,0.976436,0.863348,,,,,1.224
anim_reacttoblock_react_01_head_angle_-20,v1.0-baseline,1.0,678e3a5a74fe,99,3.234,0,0,0.040404,0,0,0.040404,0.0408163,4,16962.2,0.978419,0,0,0,0.97829,0.950358,,,,SAT,5.673
anim_reacttoblock_react_01_head_angle_20,v1.0-baseline,1.0,678e3a5a74fe,99,3.234,0,0,0,0,0,0,0,3.5266,17968.5,0.389006,0,0,0,0.981303,0.994209,,,,,0
anim_reacttoblock_react_01_head_angle_40,v1.0-baseline,1.0,678e3a5a74fe,99,3.234,0,0,0,0,0,0,0.0918367,4,31443,0.980731,0,0,0,0.982763,0.899061,,,,RATE,3.673
anim_reacttoblock_react_short_01_head_angle_-20,v1.0-baseline,1.0,678e3a5a74fe,35,1.122,0,0,0,0,0,0,0,3.89265,21635.8,0.338434,0,0,0,0.890889,0.942047,,,,,0
anim_reacttoblock_react_short_01_head_angle_20,v1.0-baseline,1.0,678e3a5a74fe,35,1.122,0,0,0,0,0,0,0.0882353,4,20534.4,0.690503,0,0,0,0.949154,0.989956,,3.02481,9.5358,RATE;DYN,28.529
anim_reacttoblock_react_short_01_head_angle_40,v1.0-baseline,1.0,678e3a5a74fe,35,1.122,0,0,0,0,0,0,0.0882353,4,20534.4,0.690503,0,0,0,0.949154,0.989956,,,,RATE,3.529
anim_reacttoblock_react_short_02_head_angle_-20,v1.0-baseline,1.0,678e3a5a74fe,35,1.122,0,0,0,0,0,0,0.0588235,4,14536.1,0.62014,0.0163063,0,0.0105292,0.997903,,,,,RATE,2.353
anim_reacttoblock_react_short_02_head_angle_20,v1.0-baseline,1.0,678e3a5a74fe,35,1.122,0,0,0,0,0,0,0,2.07925,5682.09,0.268632,0.0163063,0,0.0105292,0.999107,,,,,,0
anim_reacttoblock_react_short_02_head_angle_40,v1.0-baseline,1.0,678e3a5a74fe,35,1.122,0,0,0,0,0,0,0,0.546766,1875.16,0.111982,0.0163063,0,0.0105292,0.998892,,,,,,0
anim_reacttoblock_reacttotopple_01,v1.0-baseline,1.0,678e3a5a74fe,87,2.838,0,0,0,0,0,0,0.267442,4,57760.8,1.065,0.548983,1.7618,0.472952,0.283393,0.976754,0.799808,,,RATE;LOWCORR;FLICKER,35.698
anim_reacttoblock_stuckonblock_01,v1.0-baseline,1.0,678e3a5a74fe,149,4.884,0,0,0,0,0,0,0.222973,4,33017.6,1.65504,0.253642,0,0.187921,0.942134,0.632244,0.990922,,,RATE,8.919
anim_reacttoblock_success_01,v1.0-baseline,1.0,678e3a5a74fe,35,1.122,0,0,0,0,0,0,0.205882,4,42477.8,0.762937,0.643703,1.78253,0.549023,0.889846,0.68966,,,,RATE;FLICKER,18.235
anim_reacttoblock_success_01_0,v1.0-baseline,1.0,678e3a5a74fe,35,1.122,0,0,0,0,0,0,0.176471,4,36114.8,0.793536,0.643703,1.78253,0.549023,0.391244,-0.483539,,,,RATE;LOWCORR;FLICKER,32.059
anim_reacttoblock_success_01_head_angle_-20,v1.0-baseline,1.0,678e3a5a74fe,35,1.122,0,0,0,0,0,0,0.235294,4,31067.7,1.40239,0.643703,1.78253,0.549023,0.872215,0.701312,,,,RATE;FLICKER,19.412
anim_reacttoblock_success_01_head_angle_20,v1.0-baseline,1.0,678e3a5a74fe,38,1.221,0,0,0,0,0,0,0.162162,4,43877.2,1.07729,0.643703,1.638,0.549023,0.883132,0.426621,,,,RATE;FLICKER,16.486
anim_reacttoblock_success_01_head_angle_40,v1.0-baseline,1.0,678e3a5a74fe,35,1.122,0,0,0,0,0,0,0.205882,4,51984.6,0.774276,0.643703,1.78253,0.549023,0.831893,0.929195,,,,RATE;FLICKER,18.235
anim_reacttoblock_triestoreach_01,v1.0-baseline,1.0,678e3a5a74fe,121,3.96,0,0,0,0,0,0,0.158333,4,44397,1.47385,0.653056,0.757576,0.603699,0.968506,0.949968,,,,RATE,6.333
anim_reacttocliff_edge_01,v1.0-baseline,1.0,678e3a5a74fe,41,1.32,0,0,0,0,0,0,0.15,4,46978.8,0.695239,0.0947196,0,0.0632524,0.980455,0.187214,0.969488,,,RATE;LOWCORR,21
anim_reacttocliff_edgeliftup_01,v1.0-baseline,1.0,678e3a5a74fe,213,6.996,0,0,0,0,0,0,0.0613208,4,25948.4,1.49259,0.194104,0,0.0994066,0.926946,0.548132,,,,RATE,2.453
anim_reacttocliff_faceplantroll_01,v1.0-baseline,1.0,678e3a5a74fe,131,4.29,0,0,0,0,0,0,0.123077,4,33790.7,1.46461,0.578156,0.4662,0.558396,0.589938,0.925267,,,,RATE,4.923
anim_reacttocliff_faceplantroll_02,v1.0-baseline,1.0,678e3a5a74fe,70,2.277,0,0,0,0,0,0,0.173913,4,53819.6,1.16378,0.369826,0.439174,0.329557,0.778735,0.880219,,,,RATE,6.957
anim_reacttocliff_faceplantroll_armup_01,v1.0-baseline,1.0,678e3a5a74fe,61,1.98,0,0,0,0,0,0,0.216667,4,49907.9,1.19126,0.0391279,0,0.0391279,0.761466,0.804894,,,,RATE,8.667
anim_reacttocliff_faceplantroll_armup_02,v1.0-baseline,1.0,678e3a5a74fe,101,3.3,0,0,0,0,0,0,0.25,4,46765.1,1.38406,0.558396,0.606061,0.557207,0.43007,0.931798,0.996972,6.41618,19.5894,RATE;DYN,35
anim_reacttocliff_huh_01,v1.0-baseline,1.0,678e3a5a74fe,15,0.462,0,0,0,0,0,0,0.357143,4,43575.4,0.886582,0.137326,0,0.0947196,0.870284,0.0182167,,,,SHORT;RATE;LOWCORR,39.286
anim_reacttocliff_pickup_01,v1.0-baseline,1.0,678e3a5a74fe,80,2.607,0,0,0,0,0,0,0.113924,4,40009.3,0.782761,0.548983,0.767165,0.548983,0.981831,0.286596,,,,RATE;LOWCORR,19.557
anim_reacttocliff_pickup_02,v1.0-baseline,1.0,678e3a5a74fe,80,2.607,0,0,0,0,0,0,0.113924,4,36401.5,0.675989,0.495815,0.767165,0.495815,0.987366,0.265707,,,,RATE;LOWCORR,19.557
anim_reacttocliff_pickup_03,v1.0-baseline,1.0,678e3a5a74fe,100,3.267,0,0,0,0,0,0,0.0505051,4,40169.7,0.82399,0.514564,1.22436,0.514564,0.905739,0.677818,0.945893,,,RATE;FLICKER,12.02
anim_reacttocliff_pickup_04,v1.0-baseline,1.0,678e3a5a74fe,51,1.65,0,0,0,0,0,0,0.16,4,30236.2,1.02742,0.621983,0.606061,0.549023,0.993328,-0.360915,,,,RATE;LOWCORR,21.4
anim_reacttocliff_pickup_05,v1.0-baseline,1.0,678e3a5a74fe,81,2.64,0,0,0,0,0,0,0.075,4,21119.3,0.729183,0.771429,0.757576,0.414378,0.991809,0.905615,,,,RATE,3
anim_reacttocliff_pickup_06,v1.0-baseline,1.0,678e3a5a74fe,91,2.97,0,0,0,0,0,0,0.0555556,4,20819.3,0.759532,0.724508,0.3367,0.688511,0.989252,0.361444,,,,RATE,2.222
anim_reacttocliff_stuckleftside_01,v1.0-baseline,1.0,678e3a5a74fe,110,3.597,0,0,0,0,0,0,0.550459,4,134434,1.38722,0.532962,0.556019,0.513101,0.307884,0.786752,0.797751,,,RATE,22.018
anim_reacttocliff_stuckleftside_02,v1.0-baseline,1.0,678e3a5a74fe,121,3.96,0,0,0,0,0,0,0.333333,4,118539,1.36839,0.0617862,0,0.0610307,0.634034,0.740529,,,,RATE,13.333
anim_reacttocliff_stuckleftside_03,v1.0-baseline,1.0,678e3a5a74fe,114,3.729,0,0,0,0,0,0,0.115044,4,35376.5,1.09331,0.612522,0.536337,0.528666,0.683699,0.855702,,,,RATE,4.602
anim_reacttocliff_stuckrightside_01,v1.0-baseline,1.0,678e3a5a74fe,161,5.28,0,0,0,0,0,0,0.3125,4,76312.7,1.4972,0.462881,0.378788,0.462521,0.269793,0.931037,,,,RATE;LOWCORR,27.5
anim_reacttocliff_stuckrightside_02,v1.0-baseline,1.0,678e3a5a74fe,126,4.125,0,0,0,0,0,0,0.088,4,50893.5,1.25992,0.541833,0.727273,0.480447,0.974999,0.917605,0.89357,,,RATE,3.52
anim_reacttocliff_stuckrightside_03,v1.0-baseline,1.0,678e3a5a74fe,162,5.313,0,0,0,0,0,0,0.186335,4,66067,1.5266,0.820741,0.376435,0.751414,0.895031,0.754031,0.973924,,,RATE,7.453
anim_reacttocliff_turtleroll_01,v1.0-baseline,1.0,678e3a5a74fe,201,6.6,0,0,0.0149254,0,0,0.0149254,0.235,4,59899.8,1.24655,0.410354,0.151515,0.329828,0.961646,0.263165,0.992704,,,SAT;RATE;LOWCORR,25.893
anim_reacttocliff_turtleroll_02,v1.0-baseline,1.0,678e3a5a74fe,201,6.6,0,0,0.0149254,0,0,0.0149254,0.33,4,75278.9,1.26578,0.514025,0.30303,0.329828,0.965252,0.193196,0.918933,,,SAT;RATE;LOWCORR,29.693
anim_reacttocliff_turtleroll_03,v1.0-baseline,1.0,678e3a5a74fe,90,2.937,0,0,0.0333333,0,0,0.0333333,0.224719,4,51361.6,1.25828,0.326041,0,0.290418,0.959797,0.949607,,,,SAT;RATE,12.322
anim_reacttocliff_turtleroll_04,v1.0-baseline,1.0,678e3a5a74fe,381,12.54,0,0,0.00262467,0,0,0.00262467,0.244737,4,50255.6,1.55262,0.81402,0.558214,0.801273,0.931832,0.674209,0.555171,,,RATE,10.052
anim_reacttocliff_turtleroll_05,v1.0-baseline,1.0,678e3a5a74fe,291,9.57,0,0,0,0,0,0,0.317241,4,63326.8,1.6275,0.917198,0.522466,0.742115,0.969865,0.56837,0.868125,11.0198,31.2931,RATE;DYN,37.69
anim_reacttocliff_turtleroll_06,v1.0-baseline,1.0,678e3a5a74fe,376,12.375,0,0,0.0159574,0,0,0.0159574,0.0666667,4,24355.6,1.68309,0.793996,0.40404,0.793996,0.962068,0.790435,,,,SAT;RATE,4.262
anim_reacttocliff_turtlerollfail_01,v1.0-baseline,1.0,678e3a5a74fe,198,6.501,0,0,0,0,0,0,0.340102,4,73522.8,1.36126,0.591904,0.769112,0.591544,0.948714,0.898323,,,,RATE,13.604
anim_reacttocliff_turtlerollfail_02,v1.0-baseline,1.0,678e3a5a74fe,186,6.105,0,0,0,0,0,0,0.167568,4,37112.1,2.10126,0.849537,1.3104,0.751414,0.95762,0.964516,0.274764,,,RATE;LOWCORR;FLICKER,31.703
anim_reacttocliff_turtlerollfail_03,v1.0-baseline,1.0,678e3a5a74fe,166,5.445,0,0,0,0,0,0,0.230303,4,66637.8,1.68104,0.820741,0.367309,0.751414,0.958739,0.823702,0.988622,,,RATE,9.212
anim_reacttocliff_wheely_01,v1.0-baseline,1.0,678e3a5a74fe,201,6.6,0,0,0.0149254,0,0,0.0149254,0.385,4,92979.6,1.72789,0.643703,1.06061,0.628434,0.918849,0.906596,0.817524,,,SAT;RATE;FLICKER,26.893
anim_reacttocliff_wheely_02,v1.0-baseline,1.0,678e3a5a74fe,103,3.366,0,0,0.0194175,0,0,0.0194175,0.215686,4,61931.8,1.1978,0.643703,1.48544,0.555472,0.879744,0.882998,0.927411,,,SAT;RATE;FLICKER,20.569
anim_reacttocliff_wheely_03,v1.0-baseline,1.0,678e3a5a74fe,138,4.521,0,0,0,0,0,0,0.29927,4,47185.6,2.01111,0.643703,1.10595,0.555472,0.93613,0.799538,0.982315,,,RATE;FLICKER,21.971
anim_reacttoface_unidentified_01_head_angle_-20,v1.0-baseline,1.0,678e3a5a74fe,52,1.683,0,0,0,0,0,0,0.117647,4,32377.4,0.675291,0.246904,0,0.24587,0.964765,0.315558,,,,RATE,4.706
anim_reacttoface_unidentified_01_head_angle_20,v1.0-baseline,1.0,678e3a5a74fe,52,1.683,0,0,0,0,0,0,0,2.63976,14642.9,0.709488,0.246904,0,0.24587,0.955385,0.992204,,,,,0
anim_reacttoface_unidentified_01_head_angle_40,v1.0-baseline,1.0,678e3a5a74fe,52,1.683,0,0,0,0,0,0,0,2.16117,10877,0.469363,0.246904,0,0.24587,0.869434,0.992204,,,,,0
anim_reacttoface_unidentified_02_head_angle_-20,v1.0-baseline,1.0,678e3a5a74fe,51,1.65,0,0,0,0,0,0,0.08,4,19288.5,0.751873,0.0883809,0,0.087981,0.983665,0.424847,,,,RATE,3.2
anim_reacttoface_unidentified_02_head_angle_20,v1.0-baseline,1.0,678e3a5a74fe,51,1.65,0,0,0,0,0,0,0,3.0909,12624.4,0.479454,0.0883809,0,0.087981,0.981073,0.986478,,,,,0
anim_reacttoface_unidentified_02_head_angle_40,v1.0-baseline,1.0,678e3a5a74fe,51,1.65,0,0,0,0,0,0,0,2.16904,11072.4,0.228915,0.0883809,0,0.087981,,0.986478,,,,,0
anim_reacttoface_unidentified_03_head_angle_-20,v1.0-baseline,1.0,678e3a5a74fe,71,2.31,0,0,0,0,0,0,0.114286,4,17708,0.889452,0.735422,0.865801,0.624748,0.959553,,,,,RATE,4.571
anim_reacttoface_unidentified_03_head_angle_20,v1.0-baseline,1.0,678e3a5a74fe,71,2.31,0,0,0,0,0,0,0.0285714,4,10415.5,0.658142,0.735422,0.865801,0.624748,0.969891,,,,,,1.143
anim_reacttoface_unidentified_03_head_angle_40,v1.0-baseline,1.0,678e3a5a74fe,71,2.31,0,0,0,0,0,0,0,3.03139,7162.04,0.433934,0.735422,0.865801,0.624748,0.972126,,,,,,0
anim_reacttppl_surprise,v1.0-baseline,1.0,678e3a5a74fe,274,9.009,0,0,0,0,0,0,0.010989,4,11084.9,0.550044,0.845,1.221,0.79,0.99761,,0.937755,,,FLICKER,10.44
anim_repair_fix_getin_01,v1.0-baseline,1.0,678e3a5a74fe,31,0.99,0,0,0,0,0,0,0.133333,4,40294.2,0.58795,0,0,0,0.982018,0.530677,,6.08415,15.8208,RATE;DYN,30.333
anim_repair_fix_getout_01,v1.0-baseline,1.0,678e3a5a74fe,149,4.884,0,0,0,0,0,0,0.0743243,4,22167.3,1.16585,0.670113,0.4095,0.62732,0.867258,0.828768,0.979497,,,RATE,2.973
anim_repair_fix_getout_02,v1.0-baseline,1.0,678e3a5a74fe,88,2.871,0,0,0,0,0,0,0.206897,4,30800.4,1.57327,0.5689,0.348311,0.548983,0.939343,-0.199078,0.981835,,,RATE;LOWCORR,23.276
anim_repair_fix_getout_03,v1.0-baseline,1.0,678e3a5a74fe,87,2.838,0,0,0,0,0,0,0.0581395,4,26791.5,1.04849,0.636614,0.352361,0.348887,0.952174,0.887403,0.807792,,,RATE,2.326
anim_repair_fix_getready_01,v1.0-baseline,1.0,678e3a5a74fe,35,1.122,0,0,0,0,0,0,0.147059,4,26690.5,0.914098,0.178717,0,0.0839974,0.895606,,0.937958,,,RATE,5.882
anim_repair_fix_head_down_01,v1.0-baseline,1.0,678e3a5a74fe,20,0.627,0,0,0,0,0,0,0.473684,4,64689,0.76289,0,0,0,0.841808,,,,,SHORT;RATE,28.947
anim_repair_fix_head_up_01,v1.0-baseline,1.0,678e3a5a74fe,14,0.429,0,0,0,0,0,0,0.384615,4,197405,0.389086,0,0,0,0.92379,,,,,TINY;SHORT;RATE,35.385
anim_repair_fix_idle_01,v1.0-baseline,1.0,678e3a5a74fe,201,6.6,0,0,0,0,0,0,0.035,4,9945.44,1.08823,0.21154,0,0.160846,0.979335,,0.927179,,,,1.4
anim_repair_fix_idle_02,v1.0-baseline,1.0,678e3a5a74fe,156,5.115,0,0,0,0,0,0,0.00645161,4,11680.9,1.05324,0.212022,0,0.0984963,0.992867,,0.983631,,,,0.258
anim_repair_fix_idle_03,v1.0-baseline,1.0,678e3a5a74fe,201,6.6,0,0,0,0,0,0,0,2.56707,5019.08,0.553147,0.217152,0,0.217152,0.993253,,0.996025,,,,0
anim_repair_fix_idle_fullyfull_01,v1.0-baseline,1.0,678e3a5a74fe,141,4.62,0,0,0,0,0,0,0,2.35427,3122.65,0.743126,0.680162,0.21645,0.409949,0.942154,,,,,,0
anim_repair_fix_idle_fullyfull_02,v1.0-baseline,1.0,678e3a5a74fe,201,6.6,0,0,0,0,0,0,0,2.91864,8492.79,0.79097,0.608964,0.30303,0.587032,0.987769,,0.976391,,,,0
anim_repair_fix_idle_fullyfull_03,v1.0-baseline,1.0,678e3a5a74fe,201,6.6,0,0,0,0,0,0,0,3.15587,4893.46,1.00227,0.211317,0,0.211317,0.969918,,0.77594,,,,0
anim_repair_fix_lift_down_01,v1.0-baseline,1.0,678e3a5a74fe,20,0.627,0,0,0,0,0,0,0,2.21596,20255.4,0.251579,0.162897,0,0.0916458,0.747798,0.865618,,,,SHORT,10
anim_repair_fix_lift_up_01,v1.0-baseline,1.0,678e3a5a74fe,20,0.627,0,0,0,0,0,0,0,2.93748,27371.9,0.353676,0.181454,0,0.0916458,0.680691,0.924164,,,,SHORT,10
anim_repair_fix_lowerlift_01,v1.0-baseline,1.0,678e3a5a74fe,32,1.023,0,0,0,0,0,0,0.193548,4,39327,0.65613,0,0,0,0.964596,0.355895,,,,RATE,7.742
anim_repair_fix_raiselift_01,v1.0-baseline,1.0,678e3a5a74fe,32,1.023,0,0,0,0,0,0,0.129032,4,41875.8,0.868968,0,0,0,0.98099,0.879883,,,,RATE,5.161
anim_repair_fix_roundreact_01,v1.0-baseline,1.0,678e3a5a74fe,51,1.65,0,0,0,0,0,0,0.04,4,29762.3,0.777478,0.0414249,0,0.0306721,0.950795,,,,,,1.6
anim_repair_fix_wheels_back_01,v1.0-baseline,1.0,678e3a5a74fe,15,0.462,0,0,0,0,0,0,0,2.06547,18401,0.293476,0,0,0,0.989487,,,3.74248,8.31539,SHORT;DYN,35
anim_repair_fix_wheels_forward_01,v1.0-baseline,1.0,678e3a5a74fe,20,0.627,0,0,0,0,0,0,0,1.46695,11495.1,0.163687,0,0,0,0.991747,,,,,SHORT,10
anim_repair_mild_fix_fail_01,v1.0-baseline,1.0,678e3a5a74fe,65,2.112,0,0,0,0,0,0,0.15625,4,47281.6,0.838523,0.772968,1.42045,0.72496,0.907498,0.435102,0.99358,,,RATE;FLICKER,16.25
anim_repair_mild_fix_head_01,v1.0-baseline,1.0,678e3a5a74fe,98,3.201,0,0,0,0,0,0,0.134021,4,35640.5,1.02769,0.553567,0,0.267178,0.98654,-0.244658,,,,RATE;LOWCORR,20.361
anim_repair_mild_fix_head_02,v1.0-baseline,1.0,678e3a5a74fe,75,2.442,0,0,0,0,0,0,0.189189,4,39312.9,0.846334,0.648001,4.095,0.578941,0.943631,0.814943,,,,RATE;FLICKER,17.568
anim_repair_mild_fix_lift_01,v1.0-baseline,1.0,678e3a5a74fe,101,3.3,0,0,0,0,0,0,0.1,4,39810.2,1.15146,0.617442,0.606061,0.460939,0.960137,0.542022,0.975015,,,RATE,4
anim_repair_mild_fix_lift_02,v1.0-baseline,1.0,678e3a5a74fe,105,3.432,0,0,0,0,0,0,0.201923,4,32125.5,1.69578,0.62765,0.291375,0.548983,0.945276,0.870601,0.957592,,,RATE,8.077
anim_repair_mild_fix_tread_01,v1.0-baseline,1.0,678e3a5a74fe,88,2.871,0,0,0,0,0,0,0.103448,4,29327.1,0.816725,0.2028,0,0.108081,0.98028,0.355492,0.991572,,,RATE,4.138
anim_repair_mild_fix_tread_02,v1.0-baseline,1.0,678e3a5a74fe,105,3.432,0,0,0,0,0,0,0.0384615,4,22551.2,1.02059,0.0603933,0,0.0603933,0.984517,,0.940096,,,,1.538
anim_repair_mild_reaction_02,v1.0-baseline,1.0,678e3a5a74fe,39,1.254,0,0,0,0,0,0,0.0789474,4,39379.8,0.714428,0.203394,0,0.106803,0.806571,0.00135232,0.941768,,,RATE;LOWCORR,18.158
anim_repair_react_fall_01,v1.0-baseline,1.0,678e3a5a74fe,11,0.33,0,0,0,0,0,0,0.4,4,170810,0.528,0.652031,9.09091,0.591483,0.578842,0.0721675,,,,TINY;SHORT;RATE;LOWCORR;FLICKER,61
anim_repair_react_hit_01,v1.0-baseline,1.0,678e3a5a74fe,135,4.422,0,0,0,0,0,0,0.0970149,4,39536.4,0.995358,0.620881,1.13071,0.591483,0.98062,0.769256,0.805046,,,RATE;FLICKER,13.881
anim_repair_react_stop_01,v1.0-baseline,1.0,678e3a5a74fe,136,4.455,0,0,0,0,0,0,0.0222222,4,13160.1,0.573569,0.386521,0.224467,0.303963,0.961708,0.264585,,,,LOWCORR,15.889
anim_repair_reaction_01,v1.0-baseline,1.0,678e3a5a74fe,231,7.59,0,0,0.025974,0,0,0.025974,0.13913,4,37196.9,1.23326,0.727611,0.395257,0.540815,0.925017,-0.0687513,0.948158,,,SAT;RATE;LOWCORR,23.163
anim_repair_severe_driving_end_01,v1.0-baseline,1.0,678e3a5a74fe,17,0.528,0,0,0,0,0,0,0,0.852502,4377.94,0.176449,0.583066,1.89394,0.56115,0.971466,,,,,SHORT;FLICKER,20
anim_repair_severe_driving_loop_01,v1.0-baseline,1.0,678e3a5a74fe,91,2.97,0,0,0,0,0,0,0,0.60615,2000.29,0.064221,0.554984,0.3367,0.374167,,,,,,,0
anim_repair_severe_driving_loop_02,v1.0-baseline,1.0,678e3a5a74fe,76,2.475,0,0,0,0,0,0,0,0.162135,389.737,0.0226262,0.168636,0,0.165759,,,,,,STATIC,50
anim_repair_severe_driving_loop_03,v1.0-baseline,1.0,678e3a5a74fe,101,3.3,0,0,0,0,0,0,0,1.00501,3320.35,0.284359,0.274541,0,0.165558,0.96567,,,,,,0
anim_repair_severe_driving_start_01,v1.0-baseline,1.0,678e3a5a74fe,53,1.716,0,0,0,0,0,0,0,0.846249,5131.07,0.229583,0.304856,0,0.146331,0.992842,,,2.16106,3.76981,,0
anim_repair_severe_fix_fail_01,v1.0-baseline,1.0,678e3a5a74fe,92,3.003,0,0,0,0,0,0,0.120879,4,36125.2,0.866172,0.772968,0.666001,0.661543,0.917177,0.184143,0.9961,,,RATE;LOWCORR,19.835
anim_repair_severe_fix_getin_01,v1.0-baseline,1.0,678e3a5a74fe,176,5.775,0,0,0,0,0,0,0,1.04634,2123.66,0.525181,0.433677,0,0.228659,0.987929,-0.439262,,,,LOWCORR,15
anim_repair_severe_fix_getout_01,v1.0-baseline,1.0,678e3a5a74fe,231,7.59,0,0,0,0,0,0,0.0652174,4,22997.2,1.28939,0.786974,0.131752,0.305264,0.985549,0.682226,0.928457,,,RATE,2.609
anim_repair_severe_fix_getout_02,v1.0-baseline,1.0,678e3a5a74fe,206,6.765,0,0,0,0,0,0,0.126829,4,43361.7,1.43363,0.677825,0.443459,0.420353,0.95093,0.350244,0.924047,,,RATE,5.073
anim_repair_severe_fix_getout_03,v1.0-baseline,1.0,678e3a5a74fe,101,3.3,0,0,0.0792079,0,0,0.0792079,0.09,4,25509.2,1.28761,0.657576,0.909091,0.583105,0.972175,0.0684384,,,,SAT;RATE;LOWCORR,26.521
anim_repair_severe_fix_getready_01,v1.0-baseline,1.0,678e3a5a74fe,52,1.683,0,0,0,0,0,0,0,2.24586,3795.61,0.502419,0.225051,0,0.190437,0.959959,,,,,,0
anim_repair_severe_fix_head_down_01,v1.0-baseline,1.0,678e3a5a74fe,20,0.627,0,0,0,0,0,0,0.473684,4,65389,0.76289,0.319367,3.18979,0.319367,0.767102,,,,,SHORT;RATE;FLICKER,38.947
anim_repair_severe_fix_lift_down_01,v1.0-baseline,1.0,678e3a5a74fe,17,0.528,0,0,0,0,0,0,0,2.28171,23849.7,0.243926,0.129369,0,0.129369,0.723572,0.862739,,,,SHORT,10
anim_repair_severe_fix_lift_up_01,v1.0-baseline,1.0,678e3a5a74fe,20,0.627,0,0,0,0,0,0,0,3.5442,28006.6,0.375833,0.129369,0,0.129369,0.874049,0.924164,,,,SHORT,10
anim_repair_severe_fix_lowerlift_01,v1.0-baseline,1.0,678e3a5a74fe,31,0.99,0,0,0,0,0,0,0,1.83074,5479.99,0.282136,0.3939,1.0101,0.306068,-0.100405,,,,,LOWCORR;FLICKER,25
anim_repair_severe_fix_raiselift_01,v1.0-baseline,1.0,678e3a5a74fe,31,0.99,0,0,0,0,0,0,0,2.02075,7048.64,0.720614,0.3939,1.0101,0.306068,-0.300601,0.99845,,,,LOWCORR;FLICKER,25
anim_repair_severe_fix_roundreaction_01,v1.0-baseline,1.0,678e3a5a74fe,111,3.63,0,0,0.108108,0,0,0.108108,0.0363636,4,10417.4,1.25952,0.772204,0.275482,0.484195,0.943241,0.0503612,,,,SAT;LOWCORR,27.265
anim_repair_severe_fix_wheels_back_01,v1.0-baseline,1.0,678e3a5a74fe,11,0.33,0,0,0.0909091,0,0,0.0909091,0.7,4,129388,0.426748,0.207579,0,0.207579,0.901304,,,,,TINY;SHORT;SAT;RATE,57.091
anim_repair_severe_fix_wheels_forward_01,v1.0-baseline,1.0,678e3a5a74fe,20,0.627,0,0,0,0,0,0,0,1.39236,11469.1,0.160121,0.156783,0,0.131645,0.994569,,,,,SHORT,10
anim_repair_severe_getin_01,v1.0-baseline,1.0,678e3a5a74fe,217,7.128,0,0,0.00921659,0,0,0.00921659,0.0509259,4,20316.2,1.59386,0.882842,0,0.261891,0.897914,0.495091,0.974903,,,RATE,2.959
anim_repair_severe_getout_01,v1.0-baseline,1.0,678e3a5a74fe,18,0.561,0,0,0,0,0,0,0,3.24648,8302.74,0.457927,0.758479,1.78253,0.684237,0.994401,-0.910868,,,,SHORT;LOWCORR;FLICKER,35
anim_repair_severe_idle_01,v1.0-baseline,1.0,678e3a5a74fe,101,3.3,0,0,0,0,0,0,0,1.37149,2928.81,0.379454,0.151966,0,0.09966,0.999391,,0.998231,,,,0
anim_repair_severe_idle_02,v1.0-baseline,1.0,678e3a5a74fe,75,2.442,0,0,0,0,0,0,0,1.69349,4094.43,0.196488,0.22769,0,0.22769,0.997218,,,2.34526,7.28662,,0
anim_repair_severe_idle_03,v1.0-baseline,1.0,678e3a5a74fe,111,3.63,0,0,0.018018,0,0,0.018018,0.0727273,4,14178.2,1.40455,0.423058,0,0.203348,0.982582,,0.997239,,,SAT;RATE,4.711
anim_repair_severe_interruption_edge_01,v1.0-baseline,1.0,678e3a5a74fe,85,2.772,0,0,0.0235294,0,0,0.0235294,0.25,4,44687.1,1.09483,0.345747,0,0.0995613,0.9484,-0.534212,0.949769,,,SAT;RATE;LOWCORR,27.353
anim_repair_severe_interruption_offcube_01,v1.0-baseline,1.0,678e3a5a74fe,146,4.785,0,0,0,0,0,0,0.131034,4,32384.4,1.30571,0.322318,0,0.113566,0.969726,0.485374,0.994987,,,RATE,5.241
anim_repair_severe_reaction_01,v1.0-baseline,1.0,678e3a5a74fe,231,7.59,0,0,0,0,0,0,0.0304348,4,28569.1,0.877437,0.840332,0.790514,0.701875,0.962732,0.52167,,,,,1.217
anim_repair_severe_reaction_02,v1.0-baseline,1.0,678e3a5a74fe,36,1.155,0,0,0,0,0,0,0.0571429,4,37152.9,0.770848,0.65063,1.7316,0.65063,0.915436,-0.719889,0.95991,,,RATE;LOWCORR;FLICKER,27.286
anim_repair_severe_wakeup_01,v1.0-baseline,1.0,678e3a5a74fe,191,6.27,0,0,0,0,0,0,0.0473684,4,38175.8,0.83817,0.793996,0.478469,0.793996,0.834807,0.690392,,,,,1.895
anim_rollblock_fail_01,v1.0-baseline,1.0,678e3a5a74fe,46,1.485,0,0,0,0,0,0,0,1.32726,6426.02,0.463304,0.722313,3.367,0.697535,0.988574,,,,,FLICKER,10
anim_rtc_react_01,v1.0-baseline,1.0,678e3a5a74fe,28,0.891,0,0,0,0,0,0,0,2.8855,17676.9,0.274868,0.0947196,0,0.0947196,0.93441,0.188291,,,,SHORT;LOWCORR,25
anim_rtpkeepaway_askforgame_01,v1.0-baseline,1.0,678e3a5a74fe,106,3.465,0,0,0,0,0,0,0.171429,4,30323.6,1.28073,0.113656,0,0.0947196,0.939526,0.916475,,,,RATE,6.857
anim_rtpkeepaway_askforgame_02,v1.0-baseline,1.0,678e3a5a74fe,86,2.805,0,0,0,0,0,0,0.2,4,31971.2,1.43138,0.113656,0,0.0947196,0.945725,0.886071,,,,RATE,8
anim_rtpkeepaway_ideatoplay_01,v1.0-baseline,1.0,678e3a5a74fe,81,2.64,0,0,0,0,0,0,0.0375,4,18283.4,0.665336,0.801364,0.378788,0.615602,0.976453,,0.998362,,,,1.5
anim_rtpkeepaway_ideatoplay_02,v1.0-baseline,1.0,678e3a5a74fe,97,3.168,0,0,0,0,0,0,0.0416667,4,24616,0.640185,0.883623,0.631313,0.806914,0.98564,-0.111597,,,,LOWCORR,16.667
anim_rtpkeepaway_ideatoplay_03,v1.0-baseline,1.0,678e3a5a74fe,75,2.442,0,0,0,0,0,0,0.108108,4,33562.7,0.737907,0.794,0.819001,0.794,0.980312,-0.0788153,,,,RATE;LOWCORR,19.324
anim_rtpkeepaway_idle_01,v1.0-baseline,1.0,678e3a5a74fe,161,5.28,0,0,0,0,0,0,0,2.38671,7196.41,0.34906,0.19561,0,0.19561,0.978954,,0.991082,,,,0
anim_rtpkeepaway_idle_02,v1.0-baseline,1.0,678e3a5a74fe,106,3.465,0,0,0,0,0,0,0,1.40653,4426.23,0.282333,0.758902,1.443,0.530549,0.950901,,,,,FLICKER,10
anim_rtpkeepaway_idle_03,v1.0-baseline,1.0,678e3a5a74fe,76,2.475,0,0,0,0,0,0,0,2.2861,9407.54,0.27327,0.735422,1.21212,0.496432,0.972223,,,,,FLICKER,10
anim_rtpkeepaway_playerno_01,v1.0-baseline,1.0,678e3a5a74fe,101,3.3,0,0,0,0,0,0,0.04,4,26012.7,1.05497,0.731908,0.30303,0.451806,0.978458,0.851447,0.979103,,,,1.6
anim_rtpkeepaway_playerno_02,v1.0-baseline,1.0,678e3a5a74fe,141,4.62,0,0,0,0,0,0,0,2.82942,12393.4,0.466754,0.735821,1.08225,0.651128,0.945615,,,3.75219,13.9544,FLICKER;DYN,35
anim_rtpkeepaway_playerno_03,v1.0-baseline,1.0,678e3a5a74fe,127,4.158,0,0,0.173228,0,0,0.173228,0.047619,4,18084.3,1.03587,0.735422,0.962001,0.735422,0.860283,0.302552,,,,SAT,19.228
anim_rtpkeepaway_playeryes_01,v1.0-baseline,1.0,678e3a5a74fe,72,2.343,0,0,0,0,0,0,0,3.61085,20840.4,0.719129,0.774508,0.853606,0.449425,0.993496,0.444588,,,,,0
anim_rtpkeepaway_playeryes_02,v1.0-baseline,1.0,678e3a5a74fe,87,2.838,0,0,0,0,0,0,0.0348837,4,35570.9,0.859741,0.661396,0.704722,0.517236,0.993494,0.59174,,,,,1.395
anim_rtpkeepaway_playeryes_03,v1.0-baseline,1.0,678e3a5a74fe,86,2.805,0,0,0,0,0,0,0.0117647,4,24814.9,0.582376,0.667802,0.713012,0.453301,0.953509,0.217118,,,,LOWCORR,15.471
anim_rtpkeepaway_reacttocube_01,v1.0-baseline,1.0,678e3a5a74fe,21,0.66,0,0,0,0,0,0,0.1,4,33336,0.558713,0.148913,0,0.0933187,0.988365,-0.115078,,,,SHORT;RATE;LOWCORR,29
anim_rtpkeepaway_reacttocube_02,v1.0-baseline,1.0,678e3a5a74fe,35,1.122,0,0,0,0,0,0,0,3.3687,28351.5,0.269002,0,0,0,0.996123,-0.576203,,,,LOWCORR,15
anim_rtpkeepaway_reacttocube_03,v1.0-baseline,1.0,678e3a5a74fe,28,0.891,0,0,0,0,0,0,0,2.11946,8048.32,0.24507,0.0163063,0,0.0105292,0.998439,,,,,SHORT,10
anim_rtpmemorymatch_no_01,v1.0-baseline,1.0,678e3a5a74fe,71,2.31,0,0,0.408451,0,0,0.408451,0.0714286,4,13125.8,1.13631,0.742794,1.7316,0.742794,0.929679,,,,,SAT;RATE;FLICKER,53.702
anim_rtpmemorymatch_no_02,v1.0-baseline,1.0,678e3a5a74fe,136,4.455,0,0,0,0,0,0,0.0814815,4,32552.1,1.24288,0.820741,0.897868,0.751414,0.981797,0.441134,0.976662,,,RATE,3.259
anim_rtpmemorymatch_request_01,v1.0-baseline,1.0,678e3a5a74fe,66,2.145,0,0,0,0,0,0,0.338462,4,30166.8,1.84519,0.548715,1.3986,0.548687,0.976651,0.607303,0.992992,,,RATE;FLICKER,23.538
anim_rtpmemorymatch_request_02,v1.0-baseline,1.0,678e3a5a74fe,71,2.31,0,0,0,0,0,0,0.214286,4,49923,1.39477,0.188928,0,0.097212,0.836644,0.973602,,,,RATE,8.571
anim_rtpmemorymatch_request_03,v1.0-baseline,1.0,678e3a5a74fe,71,2.31,0,0,0,0,0,0,0.214286,4,49923,1.39477,0.188928,0,0.097212,0.836644,0.973602,,,,RATE,8.571
anim_rtpmemorymatch_yes_01,v1.0-baseline,1.0,678e3a5a74fe,36,1.155,0,0,0,0,0,0,0.0285714,4,22498.8,0.8759,0.825015,1.7316,0.661879,0.985682,0.990278,,,,FLICKER,11.143
anim_rtpmemorymatch_yes_02,v1.0-baseline,1.0,678e3a5a74fe,46,1.485,0,0,0,0,0,0,0.177778,4,36464.6,0.774921,0.825015,2.0202,0.72187,0.977739,0.85483,,,,RATE;FLICKER,17.111
anim_rtpmemorymatch_yes_03,v1.0-baseline,1.0,678e3a5a74fe,26,0.825,0,0,0,0,0,0,0.08,4,19248.3,0.502172,0.648555,2.42424,0.442921,0.994654,,,,,SHORT;RATE;FLICKER,23.2
anim_rtpmemorymatch_yes_04,v1.0-baseline,1.0,678e3a5a74fe,71,2.31,0,0,0,0,0,0,0.0285714,4,30123,0.914308,0.548983,0.865801,0.527807,0.987198,0.838016,,,,,1.143
anim_sdk_speak_01,v1.0-baseline,1.0,678e3a5a74fe,31,0.99,0,0,0,0,0,0,0,0.72153,4840.26,0.0619557,0.402243,1.0101,0.323392,,,,,,FLICKER,10
anim_sparking_driving_loop_01,v1.0-baseline,1.0,678e3a5a74fe,99,3.234,0,0,0,0,0,0,0,1.82633,5360.79,0.221547,0.143315,0,0.128331,0.997199,,,2.26221,7.20205,,0
anim_sparking_driving_loop_02,v1.0-baseline,1.0,678e3a5a74fe,100,3.267,0,0,0,0,0,0,0,1.42528,4453.94,0.439478,0.61977,1.22436,0.533293,0.914031,,,,,FLICKER,10
anim_sparking_driving_loop_03,v1.0-baseline,1.0,678e3a5a74fe,100,3.267,0,0,0,0,0,0,0,1.14765,1665.78,0.215992,0.204002,0,0.114825,0.99888,,,,,,0
anim_sparking_driving_start_01,v1.0-baseline,1.0,678e3a5a74fe,25,0.792,0,0,0,0,0,0,0,2.2229,9169.45,0.28211,0.617406,1.26263,0.569467,0.994165,,,,,SHORT;FLICKER,20
anim_sparking_driving_stop_01,v1.0-baseline,1.0,678e3a5a74fe,32,1.023,0,0,0,0,0,0,0,1.8351,12137.1,0.220046,0.603651,0.977517,0.509162,0.891284,,,,,,0
anim_sparking_earnsparks_01,v1.0-baseline,1.0,678e3a5a74fe,106,3.465,0,0,0,0,0,0,0.142857,4,34743.3,1.24295,0.24039,0,0.145459,0.981608,0.466146,0.914216,,,RATE,5.714
anim_sparking_fail_01,v1.0-baseline,1.0,678e3a5a74fe,81,2.64,0,0,0,0,0,0,0.0375,4,14718.9,0.785205,0.481531,0.757576,0.439544,0.883528,-0.662328,0.995905,,,LOWCORR,16.5
anim_sparking_getin_01,v1.0-baseline,1.0,678e3a5a74fe,81,2.64,0,0,0,0,0,0,0.0125,4,14420,0.951616,0.706619,0.757576,0.388504,0.983076,-0.147022,0.966107,,,LOWCORR,15.5
anim_sparking_getout_01,v1.0-baseline,1.0,678e3a5a74fe,31,0.99,0,0,0,0,0,0,0.166667,4,17052.9,0.804068,1.37687e-05,0,1.10865e-05,0.983331,-0.801428,0.982563,,,RATE;LOWCORR,21.667
anim_sparking_idle_01,v1.0-baseline,1.0,678e3a5a74fe,100,3.267,0,0,0,0,0,0,0.030303,4,5245.96,0.77663,0.211317,0,0.211317,0.999775,,0.995162,,,,1.212
anim_sparking_idle_02,v1.0-baseline,1.0,678e3a5a74fe,100,3.267,0,0,0,0,0,0,0.040404,4,10204.2,0.898847,0.211317,0,0.211317,0.996608,,0.991263,,,,1.616
anim_sparking_idle_03,v1.0-baseline,1.0,678e3a5a74fe,196,6.435,0,0,0,0,0,0,0.025641,4,13376.4,0.930855,0.567421,0.3108,0.526354,0.933302,,0.986563,,,,1.026
anim_sparking_success_01,v1.0-baseline,1.0,678e3a5a74fe,47,1.518,0,0,0,0,0,0,0,3.34843,20231.7,0.51048,0.637088,1.31752,0.610053,0.944075,0.690424,,,,FLICKER,10
anim_sparking_success_02,v1.0-baseline,1.0,678e3a5a74fe,119,3.894,0,0,0,0,0,0,0.152542,4,41525.5,1.22114,0.646383,0.770416,0.610053,0.897859,0.916074,0.94885,,,RATE,6.102
anim_speedtap_ask2play_01,v1.0-baseline,1.0,678e3a5a74fe,28,0.891,0,0,0,0,0,0,0,2.61277,46337.5,0.248791,0.825015,4.48934,0.673004,0.985692,0.666419,,,,SHORT;FLICKER,20
anim_speedtap_drivingloop_01,v1.0-baseline,1.0,678e3a5a74fe,46,1.485,0,0,0,0,0,0,0,0.16202,733.167,0.0358894,0.0233164,0,0.0233164,0.990758,,,,,STATIC,50
anim_speedtap_drivingloop_02,v1.0-baseline,1.0,678e3a5a74fe,75,2.442,0,0,0,0,0,0,0,0.300657,1152.5,0.0358894,0.0233164,0,0.0233164,0.775179,,,,,STATIC,50
anim_speedtap_enddriving_01,v1.0-baseline,1.0,678e3a5a74fe,21,0.66,0,0,0,0,0,0,0,0.633429,3025.63,0.057317,0.000399888,0,0.000399888,,,,,,SHORT,10
anim_speedtap_findsplayer_01,v1.0-baseline,1.0,678e3a5a74fe,44,1.419,0,0,0,0,0,0,0,1.38773,9562.11,0.107135,0.830141,2.81889,0.735422,,,,2.30585,4.00364,FLICKER,10
anim_speedtap_foundblock_01,v1.0-baseline,1.0,678e3a5a74fe,21,0.66,0,0,0,0,0,0,0.3,4,34212.5,0.891106,0.314558,0,0.285469,0.929944,,,,,SHORT;RATE,22
anim_speedtap_getout_01,v1.0-baseline,1.0,678e3a5a74fe,21,0.66,0,0,0,0,0,0,0,0.970833,9409.38,0.133464,0.830141,4.54545,0.733728,,,,,,SHORT;FLICKER,20
anim_speedtap_idle_01,v1.0-baseline,1.0,678e3a5a74fe,17,0.528,0,0,0,0,0,0,0,1.66429,11140.4,0.175622,0.532676,1.89394,0.319235,0.95281,0.926216,,,,SHORT;FLICKER,20
anim_speedtap_idle_02,v1.0-baseline,1.0,678e3a5a74fe,21,0.66,0,0,0,0,0,0,0,2.55704,16632.8,0.265034,0.550314,1.51515,0.499688,0.949071,,,,,SHORT;FLICKER,20
anim_speedtap_look4block_01,v1.0-baseline,1.0,678e3a5a74fe,40,1.287,0,0,0,0,0,0,0.128205,4,18618.1,0.951798,0.800645,2.331,0.758418,0.959169,0.124761,0.993973,,,RATE;LOWCORR;FLICKER,30.128
anim_speedtap_lookatplayer,v1.0-baseline,1.0,678e3a5a74fe,41,1.32,0,0,0,0,0,0,0,2.21455,10159.8,0.253074,0.47001,0,0.267265,0.948817,,,,,,0
anim_speedtap_losegame_intensity02_01,v1.0-baseline,1.0,678e3a5a74fe,243,7.986,0,0,0,0,0,0,0,2.66234,3992.46,1.52832,0.4466,0,0.283966,0.835109,0.78392,0.995598,,,,0
anim_speedtap_losegame_intensity02_02,v1.0-baseline,1.0,678e3a5a74fe,231,7.59,0,0,0,0,0,0,0.165217,4,32734.1,1.88449,0.652803,0.131752,0.625533,0.919404,0.659725,0.822209,,,RATE,6.609
anim_speedtap_losegame_intensity02_03,v1.0-baseline,1.0,678e3a5a74fe,351,11.55,0,0,0,0,0,0,0.0742857,4,27935.3,1.95367,0.743903,0.17316,0.590595,0.887365,0.879654,0.958436,,,RATE,2.971
anim_speedtap_losegame_intensity03_01,v1.0-baseline,1.0,678e3a5a74fe,144,4.719,0,0,0.0902778,0,0,0.0902778,0.237762,4,49581.1,1.56233,0.884904,1.27146,0.790184,0.865049,0.682921,0.999693,,,SAT;RATE;FLICKER,28.538
anim_speedtap_losegame_intensity03_02,v1.0-baseline,1.0,678e3a5a74fe,351,11.55,0,0,0,0,0,0,0.165714,4,41241.3,2.37398,0.678955,0.25974,0.653116,0.855868,0.807058,0.976803,,,RATE,6.629
anim_speedtap_losegame_intensity03_03,v1.0-baseline,1.0,678e3a5a74fe,301,9.9,0,0,0.013289,0,0,0.013289,0.173333,4,48725,1.87936,0.577911,0.40404,0.518595,0.621981,0.784514,0.98603,,,SAT;RATE,8.262
anim_speedtap_losehand_01,v1.0-baseline,1.0,678e3a5a74fe,15,0.462,0,0,0,0,0,0,0,1.30809,8281.58,0.184926,0.386193,0,0.281535,0.835817,0.831823,,,,SHORT,10
anim_speedtap_losehand_02,v1.0-baseline,1.0,678e3a5a74fe,21,0.66,0,0,0,0,0,0,0,3.8342,25946.1,0.458739,0.830141,7.57576,0.464853,0.984572,0.587446,,,,SHORT;FLICKER,20
anim_speedtap_losehand_03,v1.0-baseline,1.0,678e3a5a74fe,11,0.33,0,0,0,0,0,0,0.2,4,266580,0.132,0.477331,6.06061,0.429597,0.935288,0.941599,,,,TINY;SHORT;RATE;FLICKER,38
anim_speedtap_loseround_intensity01_01,v1.0-baseline,1.0,678e3a5a74fe,70,2.277,0,0,0,0,0,0,0,3.36346,13541,1.24377,0.797007,1.7567,0.659714,0.978635,0.693769,,,,FLICKER,10
anim_speedtap_loseround_intensity02_01,v1.0-baseline,1.0,678e3a5a74fe,70,2.277,0,0,0,0,0,0,0,3.36346,13541,1.24377,0.797007,1.7567,0.659714,0.978635,0.693769,,,,FLICKER,10
anim_speedtap_loseround_intensity02_02,v1.0-baseline,1.0,678e3a5a74fe,70,2.277,0,0,0,0,0,0,0,3.36346,13541,1.24377,0.797007,1.7567,0.659714,0.978635,0.693769,,3.6291,10.1883,FLICKER;DYN,35
anim_speedtap_player_idle_01,v1.0-baseline,1.0,678e3a5a74fe,60,1.947,0,0,0,0,0,0,0,1.32971,5257.17,0.215237,0.740502,1.02722,0.740502,0.993915,,,,,FLICKER,10
anim_speedtap_playerno_01,v1.0-baseline,1.0,678e3a5a74fe,45,1.452,0,0,0.755556,0,0,0.755556,0.113636,4,11029.4,1.03828,0.273166,0,0.14607,0.953931,,,,,SAT;RATE,80.101
anim_speedtap_playeryes_01,v1.0-baseline,1.0,678e3a5a74fe,21,0.66,0,0,0,0,0,0,0,3.142,16090.4,0.410717,0.787732,4.54545,0.606258,0.971908,,,,,SHORT;FLICKER,20
anim_speedtap_startdriving_01,v1.0-baseline,1.0,678e3a5a74fe,15,0.462,0,0,0,0,0,0,0,1.45949,8108.22,0.152571,0.202745,0,0.091863,,,,,,SHORT,10
anim_speedtap_tap_01,v1.0-baseline,1.0,678e3a5a74fe,21,0.66,0,0,0,0,0,0,0.1,4,27220.3,0.576276,0.830141,4.54545,0.524244,0.911002,0.946719,,,,SHORT;RATE;FLICKER,24
anim_speedtap_tap_02,v1.0-baseline,1.0,678e3a5a74fe,11,0.33,0,0,0,0,0,0,0.5,4,116165,0.465334,0.532676,3.0303,0.305897,0.872146,0.616028,,,,TINY;SHORT;RATE;FLICKER,50
anim_speedtap_tap_03,v1.0-baseline,1.0,678e3a5a74fe,11,0.33,0,0,0,0,0,0,0.3,4,78297.5,0.529467,0.532676,3.0303,0.305897,0.971012,0.96725,,,,TINY;SHORT;RATE;FLICKER,42
anim_speedtap_wait_long,v1.0-baseline,1.0,678e3a5a74fe,61,1.98,0,0,0,0,0,0,0,1.43122,4621.01,0.340108,0.758902,1.51515,0.530549,,,,,,FLICKER,10
anim_speedtap_wait_medium_02,v1.0-baseline,1.0,678e3a5a74fe,31,0.99,0,0,0,0,0,0,0,1.16396,10103.9,0.187873,0.14606,0,0.121026,,,,,,,0
anim_speedtap_wait_medium_03,v1.0-baseline,1.0,678e3a5a74fe,31,0.99,0,0,0,0,0,0,0,2.03664,7154.48,0.248653,0.0580998,0,0.0580998,0.912751,,,,,,0
anim_speedtap_wait_short,v1.0-baseline,1.0,678e3a5a74fe,11,0.33,0,0,0,0,0,0,0,0.688379,13801.6,0.0375974,0.735422,6.06061,0.496432,,,,,,TINY;SHORT;STATIC;FLICKER,80
anim_speedtap_wingame_intensity02_01,v1.0-baseline,1.0,678e3a5a74fe,211,6.93,0,0,0,0,0,0,0.27619,4,40675.3,2.12338,0.823721,0.865801,0.691996,0.778453,0.615448,0.910738,,,RATE,11.048
anim_speedtap_wingame_intensity02_02,v1.0-baseline,1.0,678e3a5a74fe,46,1.485,0,0,0,0,0,0,0.2,4,32462.6,1.36787,0.735422,2.6936,0.691996,0.924165,0.663976,,,,RATE;FLICKER,18
anim_speedtap_wingame_intensity02_03,v1.0-baseline,1.0,678e3a5a74fe,111,3.63,0,0,0,0,0,0,0.0909091,4,35280.2,1.41203,0.63193,0.550964,0.548983,0.857472,0.882288,0.997476,,,RATE,3.636
anim_speedtap_wingame_intensity02_04,v1.0-baseline,1.0,678e3a5a74fe,141,4.62,0,0,0,0,0,0,0.335714,4,55660.6,1.54539,0.643703,0.4329,0.50149,0.969667,0.79068,0.993812,,,RATE,13.429
anim_speedtap_wingame_intensity03_01,v1.0-baseline,1.0,678e3a5a74fe,46,1.485,0,0,0,0,0,0,0.2,4,32462.6,1.36787,0.735422,2.6936,0.691996,0.924165,0.663976,,,,RATE;FLICKER,18
anim_speedtap_wingame_intensity03_02,v1.0-baseline,1.0,678e3a5a74fe,126,4.125,0,0,0,0,0,0,0.36,4,60995.5,1.83156,0.549383,0.969697,0.537668,0.866296,0.841953,0.975147,,,RATE,14.4
anim_speedtap_wingame_intensity03_03,v1.0-baseline,1.0,678e3a5a74fe,116,3.795,0,0,0,0,0,0,0.208696,4,39509.3,1.63588,0.549383,0.527009,0.424567,0.965742,0.800983,0.843906,10.4089,40.2374,RATE;DYN,33.348
anim_speedtap_winhand_01,v1.0-baseline,1.0,678e3a5a74fe,18,0.561,0,0,0,0,0,0,0,2.83154,22685.2,0.272846,0.543977,3.56506,0.543977,0.928733,-0.773201,,,,SHORT;LOWCORR;FLICKER,35
anim_speedtap_winhand_02,v1.0-baseline,1.0,678e3a5a74fe,18,0.561,0,0,0,0,0,0,0,2.18169,16884.1,0.248904,0.773053,3.56506,0.773053,0.847277,0.796305,,,,SHORT;FLICKER,20
anim_speedtap_winhand_03,v1.0-baseline,1.0,678e3a5a74fe,12,0.363,0,0,0,0,0,0,0,3.07071,71634.5,0.272333,0.574278,2.75482,0.574278,0.954093,-0.850653,,,,TINY;SHORT;LOWCORR;FLICKER,45
anim_speedtap_winround_intensity01_01,v1.0-baseline,1.0,678e3a5a74fe,21,0.66,0,0,0,0,0,0,0.25,4,36757.4,0.65428,0.565238,3.0303,0.442043,0.962712,0.309128,,,,SHORT;RATE;FLICKER,30
anim_speedtap_winround_intensity02_01,v1.0-baseline,1.0,678e3a5a74fe,100,3.267,0,0,0,0,0,0,0.111111,4,47330.9,1.61901,0.813286,2.44873,0.781639,0.858048,0.77531,,,,RATE;FLICKER,14.444
anim_speedtap_winround_intensity02_02,v1.0-baseline,1.0,678e3a5a74fe,93,3.036,0,0,0,0,0,0,0.0326087,4,21671.8,1.47462,0.861788,1.6469,0.781639,0.93217,0.849694,,,,FLICKER,11.304
anim_test_shiver,v1.0-baseline,1.0,678e3a5a74fe,7,0.198,0,0,0,0,0,0,1,4,566994,0.264,0,0,0,,,,,,TINY;SHORT;RATE,60
anim_upgrade_reaction_lift_01,v1.0-baseline,1.0,678e3a5a74fe,171,5.61,0,0,0,0,0,0,0.0176471,4,16160.9,0.754395,0.525301,0.356506,0.449057,0.939452,0.45457,0.995354,,,,0.706
anim_upgrade_reaction_tracks_01,v1.0-baseline,1.0,678e3a5a74fe,101,3.3,0,0,0,0,0,0,0.16,4,33488.7,0.950897,0.774411,0.606061,0.774411,0.944022,,0.998229,,,RATE,6.4
anim_vc_alrighty_01,v1.0-baseline,1.0,678e3a5a74fe,45,1.452,0,0,0,0,0,0,0.136364,4,46018.1,0.70717,0.628504,0.688705,0.529881,0.953057,,,,,RATE,5.455
anim_vc_laser_lookdown_01,v1.0-baseline,1.0,678e3a5a74fe,22,0.693,0,0,0,0,0,0,0.238095,4,38595.4,0.805642,0,0,0,0.962979,,,,,SHORT;RATE,19.524
anim_vc_listening_01,v1.0-baseline,1.0,678e3a5a74fe,201,6.6,0,0,0,0,0,0,0.05,4,29961.6,0.941797,0.0947196,0,0.0947196,0.962314,0.753095,0.937933,,,,2
anim_vc_reaction_alreadyhere_01_head_angle_-20,v1.0-baseline,1.0,678e3a5a74fe,116,3.795,0,0,0,0,0,0,0.156522,4,32373.9,1.07039,0.636076,1.05402,0.505162,0.974001,0.0738086,0.969571,,,RATE;LOWCORR;FLICKER,31.261
anim_vc_reaction_alreadyhere_01_head_angle_20,v1.0-baseline,1.0,678e3a5a74fe,116,3.795,0,0,0,0,0,0,0.0782609,4,20903.1,1.07039,0.636076,1.05402,0.505162,0.98,0.848983,0.969571,,,RATE;FLICKER,13.13
anim_vc_reaction_alreadyhere_01_head_angle_40,v1.0-baseline,1.0,678e3a5a74fe,116,3.795,0,0,0,0,0,0,0.0782609,4,22387.3,1.07039,0.636076,1.05402,0.505162,0.980073,0.8868,0.969571,,,RATE;FLICKER,13.13
anim_vc_reaction_nofaceheardyou_01,v1.0-baseline,1.0,678e3a5a74fe,289,9.504,0,0,0,0,0,0,0.0729167,4,24317.4,1.15557,0.616974,0.210438,0.344529,0.968497,0.947117,0.192423,,,RATE;LOWCORR,17.917
anim_vc_reaction_nofaceheardyou_getout_01,v1.0-baseline,1.0,678e3a5a74fe,24,0.759,0,0,0,0,0,0,0.0434783,4,27811.5,0.526505,0.0947196,0,0.0947196,0.958396,,,,,SHORT,11.739
anim_vc_reaction_whatwasthat_01,v1.0-baseline,1.0,678e3a5a74fe,84,2.739,0,0,0,0,0,0,0.0481928,4,22753.5,0.721636,0.542183,0,0.282991,0.990555,0.841584,0.904288,,,,1.928
anim_vc_reaction_yesfaceheardyou_01_head_angle_-20,v1.0-baseline,1.0,678e3a5a74fe,131,4.29,0,0,0.0152672,0,0,0.0152672,0.0846154,4,20788.5,1.05604,0.599496,0.4662,0.367776,0.975307,-0.0252914,0.964947,,,SAT;RATE;LOWCORR,19.911
anim_vc_reaction_yesfaceheardyou_01_head_angle_20,v1.0-baseline,1.0,678e3a5a74fe,131,4.29,0,0,0,0,0,0,0.0692308,4,19912.3,0.94031,0.599496,0.4662,0.367776,0.987413,0.380861,0.964947,,,RATE,2.769
anim_vc_reaction_yesfaceheardyou_01_head_angle_40,v1.0-baseline,1.0,678e3a5a74fe,131,4.29,0,0,0,0,0,0,0.0846154,4,18549.7,0.94031,0.599496,0.4662,0.367776,0.982239,0.879099,0.964947,,,RATE,3.385
anim_vc_refuse_energy_01,v1.0-baseline,1.0,678e3a5a74fe,136,4.455,0,0,0.0735294,0,0,0.0735294,0.0666667,4,27997.2,1.19669,0.77593,0.897868,0.746183,0.987575,,0.984987,,,SAT;RATE,10.02
anim_vc_refuse_nosparks_01,v1.0-baseline,1.0,678e3a5a74fe,101,3.3,0,0,0,0,0,0,0.08,4,19080.8,0.988265,0.786842,0.606061,0.635381,0.987313,0.369316,0.99124,,,RATE,3.2
anim_vc_refuse_repair_01,v1.0-baseline,1.0,678e3a5a74fe,193,6.336,0,0,0,0,0,0,0.03125,4,24656,0.806373,0.818687,0.315657,0.66575,0.957207,0.423807,0.94987,,,,1.25
anim_workout_highenergy_getin_01,v1.0-baseline,1.0,678e3a5a74fe,54,1.749,0,0,0,0,0,0,0.150943,4,28907.4,0.893613,0.584856,0.571755,0.351355,0.972797,-0.306432,,,,RATE;LOWCORR,21.038
anim_workout_highenergy_getout_01,v1.0-baseline,1.0,678e3a5a74fe,197,6.468,0,0,0.0456853,0,0,0.0456853,0.22449,4,50024.5,1.69621,0.888716,0.463822,0.677597,0.897126,0.727342,0.90785,,,SAT;RATE,13.548
anim_workout_highenergy_getready_01,v1.0-baseline,1.0,678e3a5a74fe,122,3.993,0,0,0,0,0,0,0,2.97152,7316.19,1.39074,0.690912,0,0.279199,0.965925,0.800785,,,,,0
anim_workout_highenergy_strong_01,v1.0-baseline,1.0,678e3a5a74fe,41,1.32,0,0,0,0,0,0,0.025,4,29740.9,0.946097,0.497123,0,0.219813,0.984548,0.490145,,,,,1
anim_workout_highenergy_trans_01,v1.0-baseline,1.0,678e3a5a74fe,59,1.914,0,0,0,0,0,0,0.0689655,4,17668.9,1.0044,0.230772,0,0.126244,0.988313,0.893314,,,,RATE,2.759
anim_workout_highenergy_weak_01,v1.0-baseline,1.0,678e3a5a74fe,55,1.782,0,0,0,0,0,0,0.0185185,4,16986.2,0.644176,0.488482,0,0.180027,0.987404,0.658753,,,,,0.741
anim_workout_lowenergy_getin_01,v1.0-baseline,1.0,678e3a5a74fe,62,2.013,0,0,0,0,0,0,0,3.8138,15994,0.933443,0.854122,0,0.171534,0.963014,0.125864,,,,LOWCORR,15
anim_workout_lowenergy_getout_01,v1.0-baseline,1.0,678e3a5a74fe,331,10.89,0,0,0,0,0,0,0.0121212,4,18758.6,0.891559,0.81684,0,0.227373,0.987307,0.962264,0.990808,,,,0.485
anim_workout_lowenergy_getout_02,v1.0-baseline,1.0,678e3a5a74fe,180,5.907,0,0,0,0,0,0,0.0391061,4,21824.8,0.768161,0.794282,1.01574,0.77844,0.931946,0.504621,,,,FLICKER,11.564
anim_workout_lowenergy_getready_01,v1.0-baseline,1.0,678e3a5a74fe,127,4.158,0,0,0,0,0,0,0,3.06871,6951.93,1.10746,0.179963,0,0.110125,0.966347,0.335608,,,,,0
anim_workout_lowenergy_strong_01,v1.0-baseline,1.0,678e3a5a74fe,158,5.181,0,0,0,0,0,0,0,3.62044,17265,0.768017,0.793996,0.772052,0.77844,0.971062,0.456213,,,,,0
anim_workout_lowenergy_trans_01,v1.0-baseline,1.0,678e3a5a74fe,66,2.145,0,0,0,0,0,0,0,2.57456,11575.4,0.513571,0.584867,0,0.236023,0.99306,0.319138,,,,,0
anim_workout_lowenergy_weak_01,v1.0-baseline,1.0,678e3a5a74fe,146,4.785,0,0,0,0,0,0,0.0137931,4,17866.8,0.755376,0.793996,1.04493,0.77844,0.986364,0.229005,,,,LOWCORR;FLICKER,25.552
anim_workout_mediumenergy_getin_01,v1.0-baseline,1.0,678e3a5a74fe,42,1.353,0,0,0,0,0,0,0,2.35478,17389.7,0.244362,0.0418267,0,0.0218056,0.981426,0.341601,,,,,0
anim_workout_mediumenergy_getout_01,v1.0-baseline,1.0,678e3a5a74fe,131,4.29,0,0,0,0,0,0,0.0461538,4,13780,1.09088,0.558396,0.2331,0.553282,0.909472,0.988709,0.99639,,,,1.846
anim_workout_mediumenergy_getready_01,v1.0-baseline,1.0,678e3a5a74fe,51,1.65,0,0,0,0,0,0,0,3.914,12490.4,0.964887,0.6682,0.606061,0.481885,0.621469,0.94603,,,,,0
anim_workout_mediumenergy_strong_01,v1.0-baseline,1.0,678e3a5a74fe,71,2.31,0,0,0,0,0,0,0.0428571,4,10216.7,1.1035,0.646608,1.2987,0.53051,0.930144,0.759689,,,,FLICKER,11.714
anim_workout_mediumenergy_trans_01,v1.0-baseline,1.0,678e3a5a74fe,71,2.31,0,0,0,0,0,0,0.0285714,4,24333.2,0.839473,0.417791,0.4329,0.412097,0.990856,0.654,,,,,1.143
anim_workout_mediumenergy_weak_01,v1.0-baseline,1.0,678e3a5a74fe,71,2.31,0,0,0,0,0,0,0.0428571,4,18417.8,0.711485,0.621616,0.865801,0.530534,0.989041,0.719167,,,,,1.714
