clip_name,run,mapping_version,constants_sha1,T,dur_s,sat_j1,sat_j2,sat_j3,sat_j4,sat_j5,sat_max,rate_cap_frac,max_rate,jerk_rms,range_max_rad,light_range,light_step_per_s,light_max_step,r_head,r_lift,r_yaw,dyn_rms_deg,dyn_max_deg,flags,severity
anim_bored_01,v1.1,1.1,2fa8bc4f5012,34,1.089,0,0,0,0,0,0,0.121212,4,41633.7,0.818237,0.585221,0,0.066,0.956826,0.957427,,6.62352,15.0251,RATE;DYN,29.848
anim_bored_02,v1.1,1.1,2fa8bc4f5012,41,1.32,0,0,0,0,0,0,0,3.74577,13009.8,0.692961,0.685479,0,0.066,0.996112,0.71105,,,,,0
anim_bored_event_01,v1.1,1.1,2fa8bc4f5012,199,6.534,0,0,0,0,0,0,0.0252525,4,15006.3,0.94768,0.428841,0,0.066,0.99102,0.668145,0.944986,,,,1.01
anim_bored_event_02,v1.1,1.1,2fa8bc4f5012,151,4.95,0,0,0.00662252,0,0,0.00662252,0.04,4,27554.4,0.891055,0,0,0,0.993198,0.542356,0.99872,,,,2.262
anim_bored_event_03,v1.1,1.1,2fa8bc4f5012,314,10.329,0,0,0,0,0,0,0.0319489,4,26370.2,0.982725,0.651423,0,0.066,0.973079,0.074112,0.941582,,,LOWCORR,16.278
anim_bored_event_04,v1.1,1.1,2fa8bc4f5012,369,12.144,0,0,0,0,0,0,0.0679348,4,27157.3,1.12619,0,0,0,0.966578,0.421116,0.798378,,,RATE,2.717
anim_bored_getout_01,v1.1,1.1,2fa8bc4f5012,45,1.452,0,0,0,0,0,0,0.136364,4,18695.4,0.989342,0.665701,0,0.066,0.968154,,,,,RATE,5.455
anim_bored_getout_02,v1.1,1.1,2fa8bc4f5012,41,1.32,0,0,0,0,0,0,0.05,4,33126.5,0.472019,0.585529,0,0.066,0.935321,0.0820551,,,,LOWCORR,17
anim_bouncer_getin_01,v1.1,1.1,2fa8bc4f5012,161,5.28,0,0,0,0,0,0,0,0.826602,2655.68,0.074049,0.666042,0,0.066,,,,,,,0
anim_bouncer_getout_01,v1.1,1.1,2fa8bc4f5012,81,2.64,0,0,0,0,0,0,0.075,4,16223.1,0.968131,0.066,0,0.066,0.685815,,0.999297,,,RATE,3
anim_bouncer_ideatoplay_01,v1.1,1.1,2fa8bc4f5012,41,1.32,0,0,0,0,0,0,0,3.16276,15266.5,0.566783,0,0,0,0.886773,-0.0376155,0.99947,,,LOWCORR,15
anim_bouncer_intoscore_01,v1.1,1.1,2fa8bc4f5012,90,2.937,0,0,0,0,0,0,0.0224719,4,13161.7,0.92664,0.0763726,0,0.066,0.981251,,,,,,0.899
anim_bouncer_intoscore_02,v1.1,1.1,2fa8bc4f5012,121,3.96,0,0,0,0,0,0,0.0916667,4,31997.2,1.01229,0.543008,0,0.066,0.965188,0.686459,,,,RATE,3.667
anim_bouncer_intoscore_03,v1.1,1.1,2fa8bc4f5012,251,8.25,0,0,0,0,0,0,0,3.97619,5650.06,0.995727,0.0805116,0,0.066,0.977531,,,,,,0
anim_bouncer_requesttoplay_01,v1.1,1.1,2fa8bc4f5012,101,3.3,0,0,0,0,0,0,0,3.01134,15312.6,0.600892,0.511696,0,0.066,0.132335,0.997535,0.998739,,,LOWCORR,15
anim_bouncer_rerequest_01,v1.1,1.1,2fa8bc4f5012,101,3.3,0,0,0,0,0,0,0,3.01134,15312.6,0.600892,0.511696,0,0.066,0.132335,0.997535,0.998739,,,LOWCORR,15
anim_bouncer_timeout_01,v1.1,1.1,2fa8bc4f5012,76,2.475,0,0,0,0,0,0,0.08,4,14877.5,1.03772,0.472505,0,0.066,0.774152,0.831965,0.975171,,,RATE,3.2
anim_bouncer_wait_01,v1.1,1.1,2fa8bc4f5012,101,3.3,0,0,0,0,0,0,0,0.0433525,103.141,0.00391332,0.0143443,0,0.0143443,,,,,,STATIC,50
anim_bouncer_wait_02,v1.1,1.1,2fa8bc4f5012,101,3.3,0,0,0,0,0,0,0,0.0413439,121.068,0.00373232,0.00461853,0,0.00461853,,,,2.31479,2.82642,STATIC,50
anim_bouncer_wait_03,v1.1,1.1,2fa8bc4f5012,101,3.3,0,0,0,0,0,0,0,0.869599,3100.9,0.0670595,0.0220715,0,0.0220715,,,,,,,0
anim_codelab_123go,v1.1,1.1,2fa8bc4f5012,99,3.234,0,0,0,0,0,0,0.0612245,4,31151.5,1.05889,0.0805116,0,0.066,0.975015,0.914519,0.992291,,,RATE,2.449
anim_codelab_bored_01,v1.1,1.1,2fa8bc4f5012,198,6.501,0,0,0,0,0,0,0.0253807,4,15044.7,0.94768,0.428841,0,0.066,0.990869,0.66041,0.944143,,,,1.015
anim_codelab_chicken_01,v1.1,1.1,2fa8bc4f5012,95,3.102,0,0,0,0,0,0,0.138298,4,54141.7,1.06908,2.37823e-05,0,1.43647e-05,0.965239,0.680781,0.89986,,,RATE,5.532
anim_codelab_chicken_01_head_angle_-20,v1.1,1.1,2fa8bc4f5012,95,3.102,0,0,0,0,0,0,0.159574,4,52321.4,1.06908,2.37823e-05,0,1.43647e-05,0.963263,0.168562,0.89986,,,RATE;LOWCORR,21.383
anim_codelab_chicken_01_head_angle_20,v1.1,1.1,2fa8bc4f5012,95,3.102,0,0,0,0,0,0,0.159574,4,55464.2,1.06908,2.37823e-05,0,1.43647e-05,0.977446,0.792089,0.89986,,,RATE,6.383
anim_codelab_chicken_01_head_angle_40,v1.1,1.1,2fa8bc4f5012,95,3.102,0,0,0,0,0,0,0.12766,4,54732.4,1.06908,2.37823e-05,0,1.43647e-05,0.977137,0.792089,0.89986,,,RATE,5.106
anim_codelab_cow_01_head_angle_-20,v1.1,1.1,2fa8bc4f5012,321,10.56,0,0,0,0,0,0,0.1125,4,35416.5,1.05646,0.610668,0,0.066,0.977082,0.00825048,0.66823,,,RATE;LOWCORR,19.5
anim_codelab_cow_01_head_angle_20,v1.1,1.1,2fa8bc4f5012,321,10.56,0,0,0,0,0,0,0.11875,4,34301.3,1.11542,0.610668,0,0.066,0.985124,0.0615303,0.66823,,,RATE;LOWCORR,19.75
anim_codelab_cow_01_head_angle_40,v1.1,1.1,2fa8bc4f5012,321,10.56,0,0,0,0,0,0,0.121875,4,33960.1,1.11542,0.610668,0,0.066,0.985344,0.0579659,0.66823,,,RATE;LOWCORR,19.875
anim_codelab_cubetap,v1.1,1.1,2fa8bc4f5012,9,0.264,0,0,0,0,0,0,0.625,4,91960.6,0.518673,0,0,0,0.759293,0.203799,,,,TINY;SHORT;RATE;LOWCORR,60
anim_codelab_duck_01,v1.1,1.1,2fa8bc4f5012,189,6.204,0,0,0,0,0,0,0.12234,4,48932,1.534,0.466636,0,0.066,0.74609,0.972184,0.7431,,,RATE,4.894
anim_codelab_elephant_01,v1.1,1.1,2fa8bc4f5012,111,3.63,0,0,0,0,0,0,0.181818,4,38706.9,1.25711,0.0805116,0,0.066,0.792461,0.972564,0.924185,,,RATE,7.273
anim_codelab_frightenedcozmo_01,v1.1,1.1,2fa8bc4f5012,101,3.3,0,0,0,0,0,0,0.01,4,21430,0.417591,0.0741767,0,0.066,0.966152,0.952867,,,,,0.4
anim_codelab_frog_01,v1.1,1.1,2fa8bc4f5012,46,1.485,0,0,0,0,0,0,0.0666667,4,36295.5,0.628181,0.0805116,0,0.066,0.950159,0.224528,,,,RATE;LOWCORR,17.667
anim_codelab_getin_01,v1.1,1.1,2fa8bc4f5012,133,4.356,0,0,0,0,0,0,0,3.63733,14079.4,0.689083,0.133079,0,0.0515541,0.981219,0.604483,,,,,0
anim_codelab_getout_01,v1.1,1.1,2fa8bc4f5012,63,2.046,0,0,0,0,0,0,0.0967742,4,35392.2,1.03409,0.0990281,0,0.066,0.958006,0.103023,0.974291,,,RATE;LOWCORR,18.871
anim_codelab_ghoulish_creeping_01,v1.1,1.1,2fa8bc4f5012,66,2.145,0,0,0,0,0,0,0,2.57456,11575.4,0.513571,0.382978,0,0.066,0.99306,0.319138,,3.13169,7.44303,DYN,25
anim_codelab_kitchen_eating_01,v1.1,1.1,2fa8bc4f5012,131,4.29,0,0,0,0,0,0,0,3.89833,24064.4,0.771429,0.287676,0,0.066,0.963426,0.922657,0.971953,,,,0
anim_codelab_kitchen_yucky_01,v1.1,1.1,2fa8bc4f5012,74,2.409,0,0,0,0,0,0,0.315068,4,54786.6,1.53203,0.660889,0,0.066,0.9035,0.760812,0.91267,,,RATE,12.603
anim_codelab_lightshow_idle,v1.1,1.1,2fa8bc4f5012,304,9.999,0,0,0,0,0,0,0.135314,4,24835.5,1.4028,0.561071,0,0.066,0.967947,0.928633,0.975883,,,RATE,5.413
anim_codelab_magicfortuneteller_inquistive,v1.1,1.1,2fa8bc4f5012,102,3.333,0,0,0,0,0,0,0.049505,4,18744.1,0.956672,0.0371932,0,0.0358276,0.91917,0.989043,,,,,1.98
anim_codelab_rooster_01_head_angle_20,v1.1,1.1,2fa8bc4f5012,77,2.508,0,0,0,0,0,0,0.105263,4,29094,0.861264,0.407011,0,0.066,0.975615,0.373763,,,,RATE,4.211
anim_codelab_rooster_01_head_angle_40,v1.1,1.1,2fa8bc4f5012,77,2.508,0,0,0,0,0,0,0.105263,4,28984.9,0.859933,0.407011,0,0.066,0.9768,0.373763,,,,RATE,4.211
anim_codelab_scarycozmo_01,v1.1,1.1,2fa8bc4f5012,53,1.716,0,0,0,0,0,0,0,2.06587,9775.8,0.221557,0.603879,0,0.066,0.874006,-0.414156,,,,LOWCORR,15
anim_codelab_sheep_01,v1.1,1.1,2fa8bc4f5012,131,4.29,0,0,0,0,0,0,0,3.96523,11180.6,0.682308,0.0805116,0,0.066,0.998625,,,,,,0
anim_codelab_staring_loop,v1.1,1.1,2fa8bc4f5012,161,5.28,0,0,0,0,0,0,0,0.621517,1680.4,0.0548502,0.372911,0,0.066,,,,,,,0
anim_codelab_tiger_01_head_angle_-20,v1.1,1.1,2fa8bc4f5012,257,8.448,0,0,0,0,0,0,0.152344,4,37019.8,1.03188,0.610668,0,0.066,0.964711,-0.0734057,0.866194,,,RATE;LOWCORR,21.094
anim_codelab_tiger_01_head_angle_20,v1.1,1.1,2fa8bc4f5012,257,8.448,0,0,0,0,0,0,0.132812,4,34144.7,1.03188,0.610668,0,0.066,0.981655,0.26729,0.866194,,,RATE;LOWCORR,20.312
anim_codelab_tiger_01_head_angle_40,v1.1,1.1,2fa8bc4f5012,257,8.448,0,0,0,0,0,0,0.117188,4,34013.2,1.03188,0.610668,0,0.066,0.98239,0.26729,0.866194,,,RATE;LOWCORR,19.688
anim_codelab_tinyorchestra_conducting,v1.1,1.1,2fa8bc4f5012,185,6.072,0,0,0,0,0,0,0.048913,4,19014.4,1.11599,0.0421859,0,0.0307447,0.945568,0.961216,0.913542,,,,1.957
anim_codelab_tinyorchestra_takataka_01,v1.1,1.1,2fa8bc4f5012,20,0.627,0,0,0,0,0,0,0.105263,4,26069.7,0.494644,0.0805116,0,0.031992,0.955558,0.988127,,,,SHORT;RATE,14.211
anim_codelab_vampirebite_01,v1.1,1.1,2fa8bc4f5012,99,3.234,0,0,0.050505,0,0,0.050505,0.102041,4,52056.3,1.05771,0.451673,0,0.066,0.931486,0.668728,0.944009,,,SAT;RATE,9.132
anim_codelab_zombiecrawl_01,v1.1,1.1,2fa8bc4f5012,131,4.29,0,0,0,0,0,0,0,3.96523,11180.6,0.682308,0.0805116,0,0.066,0.998625,,,,,,0
anim_cozmosays_app_getin,v1.1,1.1,2fa8bc4f5012,35,1.122,0,0,0,0,0,0,0,3.33444,18686.5,0.36931,0.0805116,0,0.066,0.944206,0.582411,,,,,0
anim_cozmosays_app_getout_01,v1.1,1.1,2fa8bc4f5012,31,0.99,0,0,0,0,0,0,0.166667,4,21047,0.864201,0,0,0,0.983331,-0.801428,0.975284,4.59728,11.1585,RATE;LOWCORR;DYN,46.667
anim_cozmosays_app_getout_02,v1.1,1.1,2fa8bc4f5012,31,0.99,0,0,0,0,0,0,0.166667,4,17052.9,0.804068,0,0,0,0.983331,-0.801428,0.982563,,,RATE;LOWCORR,21.667
anim_cozmosays_badword_01_head_angle_-20,v1.1,1.1,2fa8bc4f5012,81,2.64,0,0,0,0,0,0,0.2375,4,47237.6,1.08347,0.57188,0,0.066,0.930676,-0.0368135,0.956086,,,RATE;LOWCORR,24.5
anim_cozmosays_badword_01_head_angle_20,v1.1,1.1,2fa8bc4f5012,81,2.64,0,0,0,0,0,0,0.1625,4,39189.2,1.08347,0.57188,0,0.066,0.945289,0.96754,0.956086,,,RATE,6.5
anim_cozmosays_badword_01_head_angle_40,v1.1,1.1,2fa8bc4f5012,81,2.64,0,0,0,0,0,0,0.1625,4,38525.1,1.08347,0.57188,0,0.066,0.94569,0.96754,0.956086,,,RATE,6.5
anim_cozmosays_badword_02_head_angle_-20,v1.1,1.1,2fa8bc4f5012,90,2.937,0,0,0,0,0,0,0.191011,4,39274,0.901405,0.624668,0,0.066,0.937833,-0.501937,0.970288,,,RATE;LOWCORR,22.64
anim_cozmosays_badword_02_head_angle_20,v1.1,1.1,2fa8bc4f5012,90,2.937,0,0,0,0,0,0,0.213483,4,35281.1,0.901405,0.624668,0,0.066,0.706167,0.986478,0.970288,,,RATE,8.539
anim_cozmosays_badword_02_head_angle_40,v1.1,1.1,2fa8bc4f5012,90,2.937,0,0,0,0,0,0,0.202247,4,36955.1,0.901405,0.624668,0,0.066,0.937534,0.986478,0.970288,,,RATE,8.09
anim_cozmosays_getin_long_01_head_angle_-20,v1.1,1.1,2fa8bc4f5012,120,3.927,0,0,0,0,0,0,0.10084,4,29407.5,1.31932,0.557725,0,0.066,0.94365,0.59393,,,,RATE,4.034
anim_cozmosays_getin_long_01_head_angle_20,v1.1,1.1,2fa8bc4f5012,120,3.927,0,0,0,0,0,0,0.0588235,4,24496.6,0.852542,0.557725,0,0.066,0.966173,0.968683,,,,RATE,2.353
anim_cozmosays_getin_long_01_head_angle_40,v1.1,1.1,2fa8bc4f5012,120,3.927,0,0,0,0,0,0,0.0252101,4,18056.5,0.597036,0.557725,0,0.066,0.97514,0.979704,,,,,1.008
anim_cozmosays_getin_medium_01,v1.1,1.1,2fa8bc4f5012,93,3.036,0,0,0,0,0,0,0.076087,4,26403.4,0.915831,0.0973836,0,0.066,0.938979,0.353911,,,,RATE,3.043
anim_cozmosays_getin_medium_01_head_angle_-20,v1.1,1.1,2fa8bc4f5012,93,3.036,0,0,0,0,0,0,0.141304,4,24970.9,0.886875,0.0973836,0,0.066,0.899108,0.41839,,,,RATE,5.652
anim_cozmosays_getin_medium_01_head_angle_20,v1.1,1.1,2fa8bc4f5012,93,3.036,0,0,0,0,0,0,0.0326087,4,23595.4,0.60407,0.0973836,0,0.066,0.958741,0.974628,,,,,1.304
anim_cozmosays_getin_medium_01_head_angle_40,v1.1,1.1,2fa8bc4f5012,93,3.036,0,0,0,0,0,0,0.0652174,4,23870.3,0.636566,0.0973836,0,0.066,0.960825,0.974628,,,,RATE,2.609
anim_cozmosays_getin_short_01_head_angle_-20,v1.1,1.1,2fa8bc4f5012,61,1.98,0,0,0,0,0,0,0.15,4,28923.2,0.814385,0.0805116,0,0.066,0.953169,0.658832,,,,RATE,6
anim_cozmosays_getin_short_01_head_angle_20,v1.1,1.1,2fa8bc4f5012,61,1.98,0,0,0,0,0,0,0,3.66264,15866.1,0.806132,0.0805116,0,0.066,0.937303,0.999033,,,,,0
anim_cozmosays_getin_short_01_head_angle_40,v1.1,1.1,2fa8bc4f5012,61,1.98,0,0,0,0,0,0,0,3.66264,15672.5,0.649053,0.0805116,0,0.066,0.969139,0.999033,,,,,0
anim_cozmosays_getout_long_01_head_angle_-20,v1.1,1.1,2fa8bc4f5012,34,1.089,0,0,0.0294118,0,0,0.0294118,0.272727,4,64406.1,0.885218,0.0440116,0,0.0440116,0.914307,0.22695,0.954411,9.91476,23.2349,SAT;RATE;LOWCORR;DYN,53.85
anim_cozmosays_getout_long_01_head_angle_20,v1.1,1.1,2fa8bc4f5012,34,1.089,0,0,0,0,0,0,0.242424,4,45578.7,0.885218,0.0440116,0,0.0440116,0.911405,0.916567,0.954411,,,RATE,9.697
anim_cozmosays_getout_long_01_head_angle_40,v1.1,1.1,2fa8bc4f5012,34,1.089,0,0,0,0,0,0,0.242424,4,45210.2,0.885218,0.0440116,0,0.0440116,0.902124,0.916567,0.954411,,,RATE,9.697
anim_cozmosays_getout_medium_01_head_angle_-20,v1.1,1.1,2fa8bc4f5012,57,1.848,0,0,0,0,0,0,0.178571,4,64395.7,0.930172,0.0958542,0,0.0518426,0.693273,0.352625,0.970077,,,RATE,7.143
anim_cozmosays_getout_medium_01_head_angle_20,v1.1,1.1,2fa8bc4f5012,57,1.848,0,0,0,0,0,0,0.142857,4,32725.7,0.930172,0.0958542,0,0.0518426,0.868037,0.85055,0.970077,,,RATE,5.714
anim_cozmosays_getout_medium_01_head_angle_40,v1.1,1.1,2fa8bc4f5012,57,1.848,0,0,0,0,0,0,0.160714,4,32712.7,0.930172,0.0958542,0,0.0518426,0.903684,0.85055,0.970077,,,RATE,6.429
anim_cozmosays_getout_short_01,v1.1,1.1,2fa8bc4f5012,41,1.32,0,0,0,0,0,0,0.15,4,41775.8,0.797996,0.529936,0,0.066,0.980628,0.0795687,,,,RATE;LOWCORR,21
anim_cozmosays_getout_short_01_head_angle_-20,v1.1,1.1,2fa8bc4f5012,41,1.32,0,0,0,0,0,0,0.075,4,30423.5,0.795912,0.529936,0,0.066,0.958717,-0.145243,,,,RATE;LOWCORR,18
anim_cozmosays_getout_short_01_head_angle_40,v1.1,1.1,2fa8bc4f5012,41,1.32,0,0,0,0,0,0,0.175,4,34132.6,1.19778,0.529936,0,0.066,0.697085,0.987268,,,,RATE,7
anim_cozmosays_speakloop_01,v1.1,1.1,2fa8bc4f5012,31,0.99,0,0,0,0,0,0,0,0.0284442,127.946,0.00256643,0.00941139,0,0.00941139,,,,,,STATIC,50
anim_cozmosays_speakloop_02,v1.1,1.1,2fa8bc4f5012,31,0.99,0,0,0,0,0,0,0,0,0,0,0,0,0,,,,,,STATIC,50
anim_cozmosays_speakloop_03,v1.1,1.1,2fa8bc4f5012,14,0.429,0,0,0,0,0,0,0,0.419754,3983.81,0.0305313,0.000230372,0,0.000230372,,,,,,TINY;SHORT;STATIC,70
anim_cozmosings_100_song_01,v1.1,1.1,2fa8bc4f5012,304,9.999,0,0,0,0,0,0,0.135314,4,24835.5,1.4028,0.561071,0,0.066,0.967947,0.928633,0.975883,,,RATE,5.413
anim_cozmosings_120_song_01,v1.1,1.1,2fa8bc4f5012,261,8.58,0,0,0,0,0,0,0.126923,4,23304.8,1.93814,0.51925,0,0.066,0.952795,0.976753,0.973611,,,RATE,5.077
anim_cozmosings_80_song_01,v1.1,1.1,2fa8bc4f5012,376,12.375,0,0,0,0,0,0,0.064,4,25424.6,1.17393,0.600659,0,0.066,0.981132,0.317581,0.953928,,,RATE,2.56
anim_cozmosings_getin_01,v1.1,1.1,2fa8bc4f5012,251,8.25,0,0,0,0,0,0,0.12,4,21235.5,1.25101,0.647817,0,0.066,0.977576,,0.996963,,,RATE,4.8
anim_cozmosings_getin_02,v1.1,1.1,2fa8bc4f5012,182,5.973,0,0,0,0,0,0,0.0276243,4,21908.5,0.856517,0.419523,0,0.066,0.978514,,,,,,1.105
anim_cozmosings_getin_03,v1.1,1.1,2fa8bc4f5012,161,5.28,0,0,0,0,0,0,0.04375,4,23111,1.14655,0.36653,0,0.066,0.985309,,0.99808,,,,1.75
anim_cozmosings_getout_01,v1.1,1.1,2fa8bc4f5012,66,2.145,0,0,0,0,0,0,0.0307692,4,25044.6,0.667147,0.466636,0,0.066,0.9327,0.85346,,4.57749,16.2403,DYN,26.231
anim_dancing_mambo_01,v1.1,1.1,2fa8bc4f5012,469,15.444,0,0,0.0426439,0,0,0.0426439,0.267094,4,43758.9,1.98491,0.569631,0,0.066,0.944803,0.603147,0.818322,,,SAT;RATE,14.948
anim_dizzy_pickup_01,v1.1,1.1,2fa8bc4f5012,80,2.607,0,0,0,0,0,0,0.0886076,4,35241.2,0.645493,0.410852,0,0.066,0.986945,0.111805,,,,RATE;LOWCORR,18.544
anim_dizzy_pickup_02,v1.1,1.1,2fa8bc4f5012,100,3.267,0,0,0,0,0,0,0.030303,4,37677.7,0.770734,0.434238,0,0.066,0.900239,0.287025,0.945793,,,LOWCORR,16.212
anim_dizzy_pickup_03,v1.1,1.1,2fa8bc4f5012,91,2.97,0,0,0,0,0,0,0.0222222,4,21670.8,0.759532,0.585235,0,0.066,0.993634,0.141179,,,,LOWCORR,15.889
anim_dizzy_reaction_hard_01,v1.1,1.1,2fa8bc4f5012,377,12.408,0,0,0,0,0,0,0.0265957,4,19354.4,0.901616,0.497581,0,0.066,0.984755,0.0571324,0.966773,,,LOWCORR,16.064
anim_dizzy_reaction_medium_01,v1.1,1.1,2fa8bc4f5012,276,9.075,0,0,0,0,0,0,0.0363636,4,42410.6,1.13671,0.64665,0,0.066,0.962588,0.288733,0.951946,,,LOWCORR,16.455
anim_dizzy_reaction_medium_02,v1.1,1.1,2fa8bc4f5012,201,6.6,0,0,0,0,0,0,0.085,4,70994,1.13329,0.221315,0,0.066,0.755221,0.180003,0.173161,,,RATE;LOWCORR,18.4
anim_dizzy_reaction_medium_03,v1.1,1.1,2fa8bc4f5012,275,9.042,0,0,0,0,0,0,0.080292,4,49922.3,1.21043,0.516766,0,0.066,0.968843,0.833454,0.966625,,,RATE,3.212
anim_dizzy_reaction_soft_01,v1.1,1.1,2fa8bc4f5012,163,5.346,0,0,0,0,0,0,0.0617284,4,60801.1,0.958101,0.503875,0,0.066,0.92837,0.596106,0.8447,,,RATE,2.469
anim_dizzy_reaction_soft_02,v1.1,1.1,2fa8bc4f5012,152,4.983,0,0,0,0,0,0,0.112583,4,61684,1.35611,0.534937,0,0.066,0.973931,0.840028,0.935962,,,RATE,4.503
anim_dizzy_reaction_soft_03,v1.1,1.1,2fa8bc4f5012,165,5.412,0,0,0,0,0,0,0.0426829,4,55594.9,1.19501,0.107065,0,0.066,0.934218,-0.0389399,0.963236,,,LOWCORR,16.707
anim_dizzy_shake_loop_01,v1.1,1.1,2fa8bc4f5012,165,5.412,0,0,0,0,0,0,0.00609756,4,94090.6,0.247019,0.102737,0,0.066,0.692778,,,,,,0.244
anim_dizzy_shake_stop_01,v1.1,1.1,2fa8bc4f5012,127,4.158,0,0,0,0,0,0,0,3.96594,55266,0.338142,0.146729,0,0.066,0.839775,0.420335,,,,,0
anim_driving_upset_end_01,v1.1,1.1,2fa8bc4f5012,8,0.231,0,0,0,0,0,0,0,1.82448,12625.3,0.248194,0,0,0,0.992786,,,,,TINY;SHORT,20
anim_driving_upset_loop_01,v1.1,1.1,2fa8bc4f5012,41,1.32,0,0,0,0,0,0,0,3.03695,7673.95,0.400642,0.4008,0,0.066,0.999171,,,,,,0
anim_driving_upset_loop_02,v1.1,1.1,2fa8bc4f5012,51,1.65,0,0,0,0,0,0,0,1.28879,7596.65,0.113364,0.14118,0,0.066,0.770914,,,,,,0
anim_driving_upset_loop_03,v1.1,1.1,2fa8bc4f5012,101,3.3,0,0,0,0,0,0,0,0.126984,268.245,0.013919,0.0266392,0,0.0164989,,,,,,STATIC,50
anim_driving_upset_start_01,v1.1,1.1,2fa8bc4f5012,13,0.396,0,0,0,0,0,0,0,1.02826,6984.51,0.105059,0.529511,0,0.066,,,,1.99906,2.47482,TINY;SHORT,20
anim_endmambo,v1.1,1.1,2fa8bc4f5012,99,3.234,0,0,0.030303,0,0,0.030303,0.438776,4,45213.7,1.56434,0.550801,0,0.066,0.939201,0.891366,,,,SAT;RATE,20.581
anim_energy_cubedone_01,v1.1,1.1,2fa8bc4f5012,20,0.627,0,0,0,0,0,0,0.105263,4,26069.7,0.494644,0.0805116,0,0.031992,0.955558,0.988127,,,,SHORT;RATE,14.211
anim_energy_cubedone_02,v1.1,1.1,2fa8bc4f5012,38,1.221,0,0,0,0,0,0,0,2.88831,10532.8,0.367424,0.147705,0,0.066,0.963854,0.998119,,,,,0
anim_energy_cubedonelvl1_02,v1.1,1.1,2fa8bc4f5012,38,1.221,0,0,0,0,0,0,0.162162,4,40178.4,0.936356,0.253668,0,0.066,0.983667,0.548044,0.972294,,,RATE,6.486
anim_energy_cubedown_01,v1.1,1.1,2fa8bc4f5012,56,1.815,0,0,0,0,0,0,0.218182,4,44495.4,1.03248,0.551634,0,0.066,0.902754,0.117135,,,,RATE;LOWCORR,23.727
anim_energy_cubedown_02,v1.1,1.1,2fa8bc4f5012,113,3.696,0,0,0,0,0,0,0,2.19403,6347.92,0.697701,0.244678,0,0.0498311,0.994081,-0.0728263,,,,LOWCORR,15
anim_energy_cubedownlvl1_02,v1.1,1.1,2fa8bc4f5012,73,2.376,0,0,0.0273973,0,0,0.0273973,0.208333,4,44141.4,1.15484,0.577639,0,0.066,0.967009,0.611986,,,,SAT;RATE,11.073
anim_energy_cubedownlvl1_03,v1.1,1.1,2fa8bc4f5012,93,3.036,0,0,0,0,0,0,0.0326087,4,23636.4,0.653984,0.124159,0,0.066,0.988551,,,,,,1.304
anim_energy_cubedownlvl2_02,v1.1,1.1,2fa8bc4f5012,90,2.937,0,0,0,0,0,0,0.0449438,4,14126.7,0.825761,0.476861,0,0.066,0.995194,,,,,,1.798
anim_energy_cubedownlvl2_03,v1.1,1.1,2fa8bc4f5012,65,2.112,0,0,0,0,0,0,0.109375,4,27496.6,0.872197,0.401831,0,0.066,0.892118,0.372485,,,,RATE,4.375
anim_energy_cubenotfound_01,v1.1,1.1,2fa8bc4f5012,83,2.706,0,0,0,0,0,0,0.097561,4,31344.8,0.884042,0.490293,0,0.066,0.973402,-0.00745636,0.999135,,,RATE;LOWCORR,18.902
anim_energy_cubenotfound_02,v1.1,1.1,2fa8bc4f5012,116,3.795,0,0,0,0,0,0,0.0608696,4,26195.6,0.846145,0.311177,0,0.066,0.985508,-0.0507855,0.999663,,,RATE;LOWCORR,17.435
anim_energy_cubeshake_01,v1.1,1.1,2fa8bc4f5012,119,3.894,0,0,0,0,0,0,0.177966,4,32282.9,1.1088,0.0805233,0,0.066,0.847976,0.846221,0.996805,,,RATE,7.119
anim_energy_cubeshake_02,v1.1,1.1,2fa8bc4f5012,69,2.244,0,0,0.0869565,0,0,0.0869565,0.0441176,4,20078,1.06563,0.362797,0,0.066,0.988818,0.851016,,,,SAT,10.46
anim_energy_cubeshake_lv2_02,v1.1,1.1,2fa8bc4f5012,175,5.742,0,0,0,0,0,0,0,2.65185,5221.41,0.735986,0.41723,0,0.066,0.996607,,,,,,0
anim_energy_cubeshake_lv2_03,v1.1,1.1,2fa8bc4f5012,174,5.709,0,0,0,0,0,0,0.0346821,4,14414.4,0.837923,0.576465,0,0.066,0.992664,0.689114,,,,,1.387
anim_energy_cubeshakelvl1_02,v1.1,1.1,2fa8bc4f5012,106,3.465,0,0,0,0,0,0,0.27619,4,51482.2,1.60483,0.186331,0,0.066,0.937881,0.103939,0.945908,,,RATE;LOWCORR,26.048
anim_energy_cubeshakelvl1_03,v1.1,1.1,2fa8bc4f5012,131,4.29,0,0,0,0,0,0,0,3.96523,11180.6,0.682308,0.0805116,0,0.066,0.998625,,,2.23358,8.61176,,0
anim_energy_drivegeout_01,v1.1,1.1,2fa8bc4f5012,35,1.122,0,0,0,0,0,0,0,2.35566,11153.8,0.418312,0.143227,0,0.066,0.990984,,,,,,0
anim_energy_drivegetin_01,v1.1,1.1,2fa8bc4f5012,91,2.97,0,0,0,0,0,0,0,3.81307,12620.6,0.533356,0.254087,0,0.066,0.995063,,,,,,0
anim_energy_driveloop_01,v1.1,1.1,2fa8bc4f5012,151,4.95,0,0,0,0,0,0,0,2.27641,10913.6,0.210778,0.144354,0,0.066,0.971711,,,,,,0
anim_energy_driveloop_02,v1.1,1.1,2fa8bc4f5012,104,3.399,0,0,0,0,0,0,0,3.41209,11791.7,0.318495,0.187804,0,0.066,0.984935,,,,,,0
anim_energy_driveloop_03,v1.1,1.1,2fa8bc4f5012,101,3.3,0,0,0,0,0,0,0,2.74932,6441.52,0.285013,0.289099,0,0.066,0.985059,,,,,,0
anim_energy_eat_01,v1.1,1.1,2fa8bc4f5012,421,13.86,0,0,0,0,0,0,0.0214286,4,18189,1.556,0.635706,0,0.066,0.955443,0.962466,0.996808,,,,0.857
anim_energy_eat_02,v1.1,1.1,2fa8bc4f5012,262,8.613,0,0,0.0114504,0,0,0.0114504,0.145594,4,36883.9,1.61781,0.690254,0,0.066,0.864149,0.913559,0.973206,,,SAT;RATE,6.969
anim_energy_eat_03,v1.1,1.1,2fa8bc4f5012,254,8.349,0,0,0,0,0,0,0.0434783,4,16238.2,1.13524,0.487097,0,0.066,0.988169,0.927453,,,,,1.739
anim_energy_eat_04,v1.1,1.1,2fa8bc4f5012,285,9.372,0,0,0,0,0,0,0.0422535,4,17994.3,1.57723,0.65982,0,0.066,0.97693,0.932689,0.975777,,,,1.69
anim_energy_eat_lvl1_03,v1.1,1.1,2fa8bc4f5012,244,8.019,0,0,0,0,0,0,0.160494,4,43535,1.60108,0.690254,0,0.066,0.888321,0.934827,0.94684,,,RATE,6.42
anim_energy_eat_lvl1_06,v1.1,1.1,2fa8bc4f5012,272,8.943,0,0,0,0,0,0,0.0553506,4,27901.6,1.28974,0.551332,0,0.066,0.961741,0.979337,0.966162,,,RATE,2.214
anim_energy_eat_lvl1_07,v1.1,1.1,2fa8bc4f5012,300,9.867,0,0,0,0,0,0,0.0501672,4,16299.9,1.75398,0.609455,0,0.066,0.94432,0.987141,0.989884,,,RATE,2.007
anim_energy_eat_lvl1_08,v1.1,1.1,2fa8bc4f5012,422,13.893,0,0,0,0,0,0,0.0712589,4,36835.5,1.90464,0.690254,0,0.066,0.832205,0.88779,0.98605,,,RATE,2.85
anim_energy_eat_lvl1_09,v1.1,1.1,2fa8bc4f5012,285,9.372,0,0,0,0,0,0,0.15493,4,49184.2,1.54994,0.690254,0,0.066,0.933771,0.883693,0.926889,,,RATE,6.197
anim_energy_eat_lvl2_05,v1.1,1.1,2fa8bc4f5012,241,7.92,0,0,0,0,0,0,0.00416667,4,13019.6,1.2109,0.637061,0,0.066,0.988144,0.821626,0.956168,,,,0.167
anim_energy_failgetout_01,v1.1,1.1,2fa8bc4f5012,56,1.815,0,0,0,0,0,0,0.163636,4,27218.6,0.777106,0.35428,0,0.066,0.98101,,,,,RATE,6.545
anim_energy_failgetout_02,v1.1,1.1,2fa8bc4f5012,64,2.079,0,0,0,0,0,0,0.142857,4,44923.8,1.18582,0.0805116,0,0.066,0.974472,0.346457,,,,RATE,5.714
anim_energy_getin_01,v1.1,1.1,2fa8bc4f5012,65,2.112,0,0,0,0,0,0,0.125,4,28558.4,1.04572,0.626074,0,0.066,0.994769,0.94872,,6.79418,20.5226,RATE;DYN,30
anim_energy_getout_01,v1.1,1.1,2fa8bc4f5012,101,3.3,0,0,0,0,0,0,0.02,4,17154.1,0.927072,0.459052,0,0.066,0.988883,,,,,,0.8
anim_energy_idlel1_01,v1.1,1.1,2fa8bc4f5012,108,3.531,0,0,0,0,0,0,0,1.90448,4578.93,0.310284,0.0869195,0,0.066,0.960463,,,,,,0
anim_energy_idlel1_02,v1.1,1.1,2fa8bc4f5012,101,3.3,0,0,0,0,0,0,0,1.89722,4674.07,0.282275,0,0,0,0.991034,,,,,,0
anim_energy_idlel1_03,v1.1,1.1,2fa8bc4f5012,100,3.267,0,0,0,0,0,0,0,0.872879,3367.17,0.262158,0.0237519,0,0.0237404,0.98424,,,,,,0
anim_energy_idlel2_01_nohead,v1.1,1.1,2fa8bc4f5012,99,3.234,0,0,0,0,0,0,0,0.380775,276.86,0.103983,0.430471,0,0.066,,,,,,,0
anim_energy_idlel2_02_nohead,v1.1,1.1,2fa8bc4f5012,151,4.95,0,0,0,0,0,0,0,1.75448,2801.54,0.28216,0.13639,0,0.066,,,,,,,0
anim_energy_idlel2_03_nohead,v1.1,1.1,2fa8bc4f5012,99,3.234,0,0,0,0,0,0,0,0.493295,1225.04,0.0554781,0.319009,0,0.066,,,,,,,0
anim_energy_idlel2_04,v1.1,1.1,2fa8bc4f5012,113,3.696,0,0,0,0,0,0,0,1.53941,4396.16,0.239904,0.329294,0,0.066,0.992197,,,,,,0
anim_energy_idlel2_05,v1.1,1.1,2fa8bc4f5012,126,4.125,0,0,0,0,0,0,0,1.96842,4589.48,0.263823,0.23148,0,0.066,0.997521,,,,,,0
anim_energy_idlel2_06,v1.1,1.1,2fa8bc4f5012,99,3.234,0,0,0,0,0,0,0,1.88379,4226.24,0.248455,0.383266,0,0.066,0.988395,,,,,,0
anim_energy_idlel2_search_01,v1.1,1.1,2fa8bc4f5012,99,3.234,0,0,0,0,0,0,0.0306122,4,15081.2,0.691391,0.449853,0,0.066,0.997476,,,,,,1.224
anim_energy_idlel2_search_02,v1.1,1.1,2fa8bc4f5012,151,4.95,0,0,0,0,0,0,0,2.27822,11160.4,0.28216,0.13639,0,0.066,0.971722,,,,,,0
anim_energy_idlel2_search_03,v1.1,1.1,2fa8bc4f5012,99,3.234,0,0,0,0,0,0,0,2.3342,9855.9,0.305948,0.319009,0,0.066,0.964052,,,,,,0
anim_energy_liftoncube_01,v1.1,1.1,2fa8bc4f5012,26,0.825,0,0,0,0,0,0,0.2,4,41933.4,1.07683,0,0,0,0.923447,0.896194,,,,SHORT;RATE,18
anim_energy_liftoncube_02,v1.1,1.1,2fa8bc4f5012,31,0.99,0,0,0,0,0,0,0.266667,4,32330.4,1.15868,0,0,0,0.947518,0.946186,,,,RATE,10.667
anim_energy_react_stop_01,v1.1,1.1,2fa8bc4f5012,113,3.696,0,0,0.0265487,0,0,0.0265487,0.0178571,4,16802.1,0.836808,0.487723,0,0.066,0.995918,,0.99639,,,SAT,3.369
anim_energy_reacttocliff_lv2_01,v1.1,1.1,2fa8bc4f5012,108,3.531,0,0,0,0,0,0,0,3.44821,8029.29,0.896632,0.494508,0,0.066,0.995409,,,,,,0
anim_energy_requestlvlone_01,v1.1,1.1,2fa8bc4f5012,131,4.29,0,0,0,0,0,0,0.0384615,4,23240.1,0.707696,0.0371932,0,0.0358276,0.987193,0.910621,,6.90984,31.7933,DYN,26.538
anim_energy_requestlvltwo_01,v1.1,1.1,2fa8bc4f5012,146,4.785,0,0,0,0,0,0,0.0482759,4,26883.4,1.0929,0.442417,0,0.066,0.995362,0.912516,,,,,1.931
anim_energy_requestshortlvl1_01,v1.1,1.1,2fa8bc4f5012,79,2.574,0,0,0,0,0,0,0.0641026,4,28086.7,0.78496,0.0616592,0,0.0616592,0.985909,0.973817,,,,RATE,2.564
anim_energy_requestshortlvl2_01,v1.1,1.1,2fa8bc4f5012,91,2.97,0,0,0,0,0,0,0.1,4,33270.7,0.761546,0.381201,0,0.066,0.992605,0.942663,,,,RATE,4
anim_energy_shortreact_lvl2_01,v1.1,1.1,2fa8bc4f5012,46,1.485,0,0,0,0,0,0,0,3.96928,18033.9,0.685181,0.369138,0,0.066,0.994535,,,,,,0
anim_energy_stuckonblock_lv2,v1.1,1.1,2fa8bc4f5012,167,5.478,0,0,0,0,0,0,0.0843373,4,20896,1.37346,0.451674,0,0.066,0.983469,0.590177,,,,RATE,3.373
anim_energy_successgetout_01,v1.1,1.1,2fa8bc4f5012,34,1.089,0,0,0,0,0,0,0.151515,4,46533.7,0.778194,0.536289,0,0.066,0.986924,0.892281,,,,RATE,6.061
anim_energy_successgetout_02,v1.1,1.1,2fa8bc4f5012,76,2.475,0,0,0,0,0,0,0.253333,4,46386,1.91794,0.471846,0,0.066,0.974592,-0.190771,0.984329,,,RATE;LOWCORR,25.133
anim_energy_wakeup_01,v1.1,1.1,2fa8bc4f5012,129,4.224,0,0,0,0,0,0,0.015625,4,12994.8,0.576866,0.368957,0,0.066,0.997042,,,,,,0.625
anim_explorer_driving01_end_01_head_angle_-10,v1.1,1.1,2fa8bc4f5012,11,0.33,0,0,0,0,0,0,0,1.10338,6923.32,0.0954825,0.0433342,0,0.0433342,,,,,,TINY;SHORT,20
anim_explorer_driving01_end_01_head_angle_-20,v1.1,1.1,2fa8bc4f5012,11,0.33,0,0,0,0,0,0,0,1.10338,6923.32,0.0954825,0.0433342,0,0.0433342,,,,,,TINY;SHORT,20
anim_explorer_driving01_end_01_head_angle_10,v1.1,1.1,2fa8bc4f5012,11,0.33,0,0,0,0,0,0,0,1.10338,6923.32,0.0954825,0.0433342,0,0.0433342,,,,,,TINY;SHORT,20
anim_explorer_driving01_end_01_head_angle_20,v1.1,1.1,2fa8bc4f5012,11,0.33,0,0,0,0,0,0,0,1.10338,6923.32,0.0954825,0.0433342,0,0.0433342,,,,,,TINY;SHORT,20
anim_explorer_driving01_end_01_head_angle_30,v1.1,1.1,2fa8bc4f5012,11,0.33,0,0,0,0,0,0,0,1.10338,6923.32,0.0954825,0.0433342,0,0.0433342,,,,,,TINY;SHORT,20
anim_explorer_driving01_end_01_head_angle_40,v1.1,1.1,2fa8bc4f5012,11,0.33,0,0,0,0,0,0,0,1.10338,6923.32,0.0954825,0.0433342,0,0.0433342,,,,,,TINY;SHORT,20
anim_explorer_driving01_loop_01_head_angle_-10,v1.1,1.1,2fa8bc4f5012,58,1.881,0,0,0,0,0,0,0,1.2012,6309.53,0.178306,0.0638942,0,0.0638942,,,,,,,0
anim_explorer_driving01_loop_01_head_angle_-20,v1.1,1.1,2fa8bc4f5012,58,1.881,0,0,0,0,0,0,0,1.2012,6309.53,0.178306,0.0638942,0,0.0638942,,,,,,,0
anim_explorer_driving01_loop_01_head_angle_10,v1.1,1.1,2fa8bc4f5012,58,1.881,0,0,0,0,0,0,0,1.2012,6309.53,0.178306,0.0638942,0,0.0638942,,,,,,,0
anim_explorer_driving01_loop_01_head_angle_20,v1.1,1.1,2fa8bc4f5012,58,1.881,0,0,0,0,0,0,0,1.2012,6309.53,0.178306,0.0638942,0,0.0638942,,,,2.24455,3.45408,,0
anim_explorer_driving01_loop_01_head_angle_30,v1.1,1.1,2fa8bc4f5012,58,1.881,0,0,0,0,0,0,0,1.2012,6309.53,0.178306,0.0638942,0,0.0638942,,,,,,,0
anim_explorer_driving01_loop_01_head_angle_40,v1.1,1.1,2fa8bc4f5012,58,1.881,0,0,0,0,0,0,0,1.2012,6309.53,0.178306,0.0638942,0,0.0638942,,,,,,,0
anim_explorer_driving01_loop_02_head_angle_-10,v1.1,1.1,2fa8bc4f5012,75,2.442,0,0,0,0,0,0,0,0.18902,507.106,0.0146777,0.019819,0,0.019819,,,,,,STATIC,50
anim_explorer_driving01_loop_02_head_angle_-20,v1.1,1.1,2fa8bc4f5012,75,2.442,0,0,0,0,0,0,0,0.18902,507.106,0.0146777,0.019819,0,0.019819,,,,,,STATIC,50
anim_explorer_driving01_loop_02_head_angle_10,v1.1,1.1,2fa8bc4f5012,75,2.442,0,0,0,0,0,0,0,0.18902,507.106,0.0146777,0.019819,0,0.019819,,,,,,STATIC,50
anim_explorer_driving01_loop_02_head_angle_20,v1.1,1.1,2fa8bc4f5012,75,2.442,0,0,0,0,0,0,0,0.18902,507.106,0.0146777,0.019819,0,0.019819,,,,,,STATIC,50
anim_explorer_driving01_loop_02_head_angle_30,v1.1,1.1,2fa8bc4f5012,75,2.442,0,0,0,0,0,0,0,0.18902,507.106,0.0146777,0.019819,0,0.019819,,,,,,STATIC,50
anim_explorer_driving01_loop_02_head_angle_40,v1.1,1.1,2fa8bc4f5012,75,2.442,0,0,0,0,0,0,0,0.18902,507.106,0.0146777,0.019819,0,0.019819,,,,,,STATIC,50
anim_explorer_driving01_loop_03_head_angle_-10,v1.1,1.1,2fa8bc4f5012,101,3.3,0,0,0,0,0,0,0,2.46326,5745.68,0.18127,0.0801992,0,0.0517839,,,,,,,0
anim_explorer_driving01_loop_03_head_angle_-20,v1.1,1.1,2fa8bc4f5012,101,3.3,0,0,0,0,0,0,0,2.46326,5745.68,0.18127,0.0801992,0,0.0517839,,,,,,,0
anim_explorer_driving01_loop_03_head_angle_10,v1.1,1.1,2fa8bc4f5012,101,3.3,0,0,0,0,0,0,0,2.46326,5745.68,0.18127,0.0801992,0,0.0517839,,,,,,,0
anim_explorer_driving01_loop_03_head_angle_20,v1.1,1.1,2fa8bc4f5012,101,3.3,0,0,0,0,0,0,0,2.46326,5745.68,0.18127,0.0801992,0,0.0517839,,,,,,,0
anim_explorer_driving01_loop_03_head_angle_30,v1.1,1.1,2fa8bc4f5012,101,3.3,0,0,0,0,0,0,0,2.46326,5745.68,0.18127,0.0801992,0,0.0517839,,,,,,,0
anim_explorer_driving01_loop_03_head_angle_40,v1.1,1.1,2fa8bc4f5012,101,3.3,0,0,0,0,0,0,0,2.46326,5745.68,0.18127,0.0801992,0,0.0517839,,,,,,,0
anim_explorer_driving01_start_01,v1.1,1.1,2fa8bc4f5012,28,0.891,0,0,0,0,0,0,0,1.42763,8660.58,0.15223,0.00741047,0,0.00741047,,,,,,SHORT,10
anim_explorer_driving01_start_01_head_angle_-10,v1.1,1.1,2fa8bc4f5012,28,0.891,0,0,0,0,0,0,0,1.42763,8660.58,0.15223,0.00741047,0,0.00741047,,,,,,SHORT,10
anim_explorer_driving01_start_01_head_angle_-20,v1.1,1.1,2fa8bc4f5012,28,0.891,0,0,0,0,0,0,0,1.42763,8660.58,0.15223,0.00741047,0,0.00741047,,,,,,SHORT,10
anim_explorer_driving01_start_01_head_angle_10,v1.1,1.1,2fa8bc4f5012,28,0.891,0,0,0,0,0,0,0,1.42763,8660.58,0.15223,0.00741047,0,0.00741047,,,,2.34554,3.97213,SHORT,10
anim_explorer_driving01_start_01_head_angle_20,v1.1,1.1,2fa8bc4f5012,28,0.891,0,0,0,0,0,0,0,1.42763,8660.58,0.15223,0.00741047,0,0.00741047,,,,,,SHORT,10
anim_explorer_driving01_start_01_head_angle_30,v1.1,1.1,2fa8bc4f5012,28,0.891,0,0,0,0,0,0,0,1.42763,8660.58,0.15223,0.00741047,0,0.00741047,,,,,,SHORT,10
anim_explorer_driving01_start_01_head_angle_40,v1.1,1.1,2fa8bc4f5012,28,0.891,0,0,0,0,0,0,0,1.42763,8660.58,0.15223,0.00741047,0,0.00741047,,,,,,SHORT,10
anim_explorer_driving01_start_02_head_angle_-10,v1.1,1.1,2fa8bc4f5012,34,1.089,0,0,0,0,0,0,0,2.83345,6537.64,0.156362,0.0322036,0,0.0322036,,,,,,,0
anim_explorer_driving01_start_02_head_angle_-20,v1.1,1.1,2fa8bc4f5012,34,1.089,0,0,0,0,0,0,0,2.83345,6537.64,0.156362,0.0322036,0,0.0322036,,,,,,,0
anim_explorer_driving01_start_02_head_angle_10,v1.1,1.1,2fa8bc4f5012,34,1.089,0,0,0,0,0,0,0,2.83345,6537.64,0.156362,0.0322036,0,0.0322036,,,,,,,0
anim_explorer_driving01_start_02_head_angle_20,v1.1,1.1,2fa8bc4f5012,34,1.089,0,0,0,0,0,0,0,2.83345,6537.64,0.156362,0.0322036,0,0.0322036,,,,,,,0
anim_explorer_driving01_start_02_head_angle_30,v1.1,1.1,2fa8bc4f5012,34,1.089,0,0,0,0,0,0,0,2.83345,6537.64,0.156362,0.0322036,0,0.0322036,,,,,,,0
anim_explorer_driving01_start_02_head_angle_40,v1.1,1.1,2fa8bc4f5012,34,1.089,0,0,0,0,0,0,0,2.83345,6537.64,0.156362,0.0322036,0,0.0322036,,,,,,,0
anim_explorer_driving01_turbo_01,v1.1,1.1,2fa8bc4f5012,40,1.287,0,0,0,0,0,0,0.0512821,4,32650.8,0.368518,0.530295,0,0.066,0.971688,,,,,RATE,2.051
anim_explorer_driving01_turbo_01_head_angle_-10,v1.1,1.1,2fa8bc4f5012,40,1.287,0,0,0,0,0,0,0.230769,4,45734,0.657501,0.530295,0,0.066,0.923119,,,,,RATE,9.231
anim_explorer_driving01_turbo_01_head_angle_-20,v1.1,1.1,2fa8bc4f5012,40,1.287,0,0,0,0,0,0,0.205128,4,42959.4,0.795321,0.530295,0,0.066,0.93286,,,,,RATE,8.205
anim_explorer_driving01_turbo_01_head_angle_10,v1.1,1.1,2fa8bc4f5012,40,1.287,0,0,0,0,0,0,0.0769231,4,25123.3,0.506457,0.530295,0,0.066,0.982679,,,,,RATE,3.077
anim_explorer_driving01_turbo_01_head_angle_20,v1.1,1.1,2fa8bc4f5012,40,1.287,0,0,0,0,0,0,0.102564,4,26364.1,0.568828,0.530295,0,0.066,0.978658,,,,,RATE,4.103
anim_explorer_driving01_turbo_01_head_angle_30,v1.1,1.1,2fa8bc4f5012,40,1.287,0,0,0,0,0,0,0.102564,4,27189.8,0.530844,0.530295,0,0.066,0.979919,,,,,RATE,4.103
anim_explorer_driving01_turbo_01_head_angle_40,v1.1,1.1,2fa8bc4f5012,40,1.287,0,0,0,0,0,0,0.025641,4,22013.5,0.492476,0.530295,0,0.066,0.984787,,,,,,1.026
anim_explorer_drvback_end_01,v1.1,1.1,2fa8bc4f5012,11,0.33,0,0,0,0,0,0,0,1.10338,6923.32,0.0954825,0.0433342,0,0.0433342,,,,,,TINY;SHORT,20
anim_explorer_drvback_loop_01,v1.1,1.1,2fa8bc4f5012,58,1.881,0,0,0,0,0,0,0,1.2012,6309.53,0.178306,0.0638942,0,0.0638942,,,,2.24455,3.45408,,0
anim_explorer_drvback_loop_02,v1.1,1.1,2fa8bc4f5012,88,2.871,0,0,0,0,0,0,0,0.155374,498.545,0.0144634,0.019819,0,0.019819,,,,,,STATIC,50
anim_explorer_drvback_loop_03,v1.1,1.1,2fa8bc4f5012,117,3.828,0,0,0,0,0,0,0,2.46326,5327.24,0.18127,0.0801992,0,0.0517839,,,,,,,0
anim_explorer_drvback_start_01,v1.1,1.1,2fa8bc4f5012,28,0.891,0,0,0,0,0,0,0,1.42763,8660.58,0.15223,0.00741047,0,0.00741047,,,,,,SHORT,10
anim_explorer_drvback_start_02,v1.1,1.1,2fa8bc4f5012,34,1.089,0,0,0,0,0,0,0,2.83345,6537.64,0.156362,0.0322036,0,0.0322036,,,,,,,0
anim_explorer_getin_01,v1.1,1.1,2fa8bc4f5012,39,1.254,0,0,0,0,0,0,0.105263,4,24554.4,0.670276,0.405727,0,0.066,0.957237,0.794826,,,,RATE,4.211
anim_explorer_huh_01,v1.1,1.1,2fa8bc4f5012,15,0.462,0,0,0.2,0,0,0.2,0.571429,4,54046,0.753907,0.0805116,0,0.066,0.783238,,,,,SHORT;SAT;RATE,52.857
anim_explorer_huh_01_head_angle_-10,v1.1,1.1,2fa8bc4f5012,15,0.462,0,0,0.2,0,0,0.2,0.571429,4,58636.5,0.760199,0.0805116,0,0.066,0.540644,,,,,SHORT;SAT;RATE,52.857
anim_explorer_huh_01_head_angle_-20,v1.1,1.1,2fa8bc4f5012,15,0.462,0,0,0.2,0,0,0.2,0.571429,4,58636.5,0.760199,0.0805116,0,0.066,0.540644,,,,,SHORT;SAT;RATE,52.857
anim_explorer_huh_01_head_angle_10,v1.1,1.1,2fa8bc4f5012,15,0.462,0,0,0,0,0,0,0.142857,4,41698.7,0.59187,0.0805116,0,0.066,0.924519,,,,,SHORT;RATE,15.714
anim_explorer_huh_01_head_angle_20,v1.1,1.1,2fa8bc4f5012,15,0.462,0,0,0,0,0,0,0.285714,4,31399.3,0.498061,0.0805116,0,0.066,0.900368,,,,,SHORT;RATE,21.429
anim_explorer_huh_01_head_angle_30,v1.1,1.1,2fa8bc4f5012,15,0.462,0,0,0,0,0,0,0.285714,4,31399.3,0.498061,0.0805116,0,0.066,0.900368,,,,,SHORT;RATE,21.429
anim_explorer_huh_01_head_angle_40,v1.1,1.1,2fa8bc4f5012,15,0.462,0,0,0,0,0,0,0.285714,4,31399.3,0.498061,0.0805116,0,0.066,0.900368,,,,,SHORT;RATE,21.429
anim_explorer_idle_01_head_angle_-10,v1.1,1.1,2fa8bc4f5012,56,1.815,0,0,0,0,0,0,0,1.7271,4580.52,0.18283,0.0586817,0,0.0496506,0.981609,,,,,,0
anim_explorer_idle_01_head_angle_-20,v1.1,1.1,2fa8bc4f5012,56,1.815,0,0,0,0,0,0,0,1.72711,4580.52,0.18283,0.0586817,0,0.0496506,0.981609,,,,,,0
anim_explorer_idle_01_head_angle_10,v1.1,1.1,2fa8bc4f5012,56,1.815,0,0,0,0,0,0,0,1.28688,3674.73,0.143058,0.0586817,0,0.0496506,0.972761,,,,,,0
anim_explorer_idle_01_head_angle_20,v1.1,1.1,2fa8bc4f5012,56,1.815,0,0,0,0,0,0,0,1.28688,3674.74,0.143058,0.0586817,0,0.0496506,0.972761,,,,,,0
anim_explorer_idle_01_head_angle_30,v1.1,1.1,2fa8bc4f5012,56,1.815,0,0,0,0,0,0,0,1.28688,3674.75,0.143058,0.0586817,0,0.0496506,0.972761,,,,,,0
anim_explorer_idle_01_head_angle_40,v1.1,1.1,2fa8bc4f5012,56,1.815,0,0,0,0,0,0,0,1.28688,3674.74,0.143058,0.0586817,0,0.0496506,0.972761,,,2.19205,3.05233,,0
anim_explorer_idle_02,v1.1,1.1,2fa8bc4f5012,61,1.98,0,0,0,0,0,0,0,1.31294,4695.97,0.190225,0.0270908,0,0.0270908,0.964627,,,,,,0
anim_explorer_idle_02_head_angle_-10,v1.1,1.1,2fa8bc4f5012,61,1.98,0,0,0,0,0,0,0,1.66212,6337.4,0.253722,0.0270908,0,0.0270908,0.98057,,,,,,0
anim_explorer_idle_02_head_angle_-20,v1.1,1.1,2fa8bc4f5012,61,1.98,0,0,0,0,0,0,0,1.66212,6337.4,0.253722,0.0270908,0,0.0270908,0.98057,,,,,,0
anim_explorer_idle_02_head_angle_10,v1.1,1.1,2fa8bc4f5012,61,1.98,0,0,0,0,0,0,0,1.31294,4402.96,0.226122,0.0270908,0,0.0270908,0.96548,,,,,,0
anim_explorer_idle_02_head_angle_20,v1.1,1.1,2fa8bc4f5012,61,1.98,0,0,0,0,0,0,0,1.31294,4402.96,0.226122,0.0270908,0,0.0270908,0.96548,,,,,,0
anim_explorer_idle_02_head_angle_30,v1.1,1.1,2fa8bc4f5012,61,1.98,0,0,0,0,0,0,0,1.31294,4402.95,0.226122,0.0270908,0,0.0270908,0.96548,,,,,,0
anim_explorer_idle_02_head_angle_40,v1.1,1.1,2fa8bc4f5012,61,1.98,0,0,0,0,0,0,0,1.31294,4469.55,0.208664,0.0270908,0,0.0270908,0.952727,,,,,,0
anim_explorer_idle_03_head_angle_-10,v1.1,1.1,2fa8bc4f5012,101,3.3,0,0,0,0,0,0,0,0.951453,3134.44,0.113367,0,0,0,0.481315,,,,,,0
anim_explorer_idle_03_head_angle_-20,v1.1,1.1,2fa8bc4f5012,101,3.3,0,0,0,0,0,0,0,0.951453,3134.44,0.113367,0,0,0,0.481315,,,,,,0
anim_explorer_idle_03_head_angle_10,v1.1,1.1,2fa8bc4f5012,101,3.3,0,0,0,0,0,0,0,1.14422,3176.04,0.141583,0,0,0,0.42724,,,,,,0
anim_explorer_idle_03_head_angle_20,v1.1,1.1,2fa8bc4f5012,101,3.3,0,0,0,0,0,0,0,1.14422,3176.04,0.141583,0,0,0,0.42724,,,,,,0
anim_explorer_idle_03_head_angle_30,v1.1,1.1,2fa8bc4f5012,101,3.3,0,0,0,0,0,0,0,1.14422,3176.05,0.141583,0,0,0,0.42724,,,,,,0
anim_explorer_idle_03_head_angle_40,v1.1,1.1,2fa8bc4f5012,101,3.3,0,0,0,0,0,0,0,1.14422,3176.04,0.141583,0,0,0,0.42724,,,,,,0
anim_factory_audio_test_01,v1.1,1.1,2fa8bc4f5012,565,18.612,0,0,0,0,0,0,0,0,0,0,0,0,0,,,,,,STATIC,50
anim_factory_audio_test_02,v1.1,1.1,2fa8bc4f5012,901,29.7,0,0,0,0,0,0,0.257778,4,33218.5,0.791012,0,0,0,0.992725,,,,,RATE,10.311
anim_fistbump_fail_01,v1.1,1.1,2fa8bc4f5012,235,7.722,0,0,0,0,0,0,0.0470085,4,18242.1,1.18106,0.635865,0,0.066,0.997002,0.860744,0.979263,,,,1.88
anim_fistbump_idle_01,v1.1,1.1,2fa8bc4f5012,92,3.003,0,0,0,0,0,0,0,1.51795,2904.22,0.240703,0.0886381,0,0.066,,,,,,,0
anim_fistbump_idle_02,v1.1,1.1,2fa8bc4f5012,91,2.97,0,0,0,0,0,0,0,0.680466,2072.81,0.077607,0,0,0,,,,2.37026,2.97735,,0
anim_fistbump_idle_03,v1.1,1.1,2fa8bc4f5012,92,3.003,0,0,0,0,0,0,0,2.03928,3295.01,0.266978,0.0247577,0,0.0163366,,,,,,,0
anim_fistbump_requestonce_01,v1.1,1.1,2fa8bc4f5012,51,1.65,0,0,0,0,0,0,0.3,4,47382.2,1.17213,0.0805116,0,0.0485196,0.97207,0.930003,,,,RATE,12
anim_fistbump_requestonce_02,v1.1,1.1,2fa8bc4f5012,119,3.894,0,0,0,0,0,0,0.00847458,4,23966,0.934573,0.470288,0,0.066,0.939526,0.955874,,,,,0.339
anim_fistbump_requestoncelong_01,v1.1,1.1,2fa8bc4f5012,104,3.399,0,0,0,0,0,0,0.126214,4,37701.5,1.00253,0.103041,0,0.066,0.979746,0.667277,0.989254,,,RATE,5.049
anim_fistbump_requesttwice_01,v1.1,1.1,2fa8bc4f5012,50,1.617,0,0,0,0,0,0,0.0408163,4,19664.8,0.532391,0.00931919,0,0.00931919,0.984293,0.993505,,,,,1.633
anim_fistbump_success_01,v1.1,1.1,2fa8bc4f5012,73,2.376,0,0,0,0,0,0,0.263889,4,39726.5,1.91794,0.547147,0,0.066,0.985306,0.98567,0.983485,,,RATE,10.556
anim_fistbump_success_02,v1.1,1.1,2fa8bc4f5012,80,2.607,0,0,0,0,0,0,0.126582,4,49838.3,1.14482,0.466636,0,0.066,0.925386,0.890318,,,,RATE,5.063
anim_fistbump_success_03,v1.1,1.1,2fa8bc4f5012,101,3.3,0,0,0,0,0,0,0.33,4,53967.4,2.03809,0.547147,0,0.066,0.905136,0.948245,0.906059,,,RATE,13.2
anim_freeplay_reacttoface_identified_01,v1.1,1.1,2fa8bc4f5012,36,1.155,0,0,0,0,0,0,0.0571429,4,23163.2,0.877329,0.525021,0,0.066,0.982359,0.990278,,,,RATE,2.286
anim_freeplay_reacttoface_identified_01_head_angle_-20,v1.1,1.1,2fa8bc4f5012,36,1.155,0,0,0,0,0,0,0.228571,4,38899.5,0.907463,0.532636,0,0.066,0.990859,0.631878,,,,RATE,9.143
anim_freeplay_reacttoface_identified_01_head_angle_20,v1.1,1.1,2fa8bc4f5012,36,1.155,0,0,0,0,0,0,0.0285714,4,22944.6,0.871973,0.523498,0,0.066,0.976857,0.992509,,,,,1.143
anim_freeplay_reacttoface_identified_01_head_angle_40,v1.1,1.1,2fa8bc4f5012,36,1.155,0,0,0,0,0,0,0.0285714,4,20954.6,0.508101,0.514359,0,0.066,0.679035,0.992509,,,,,1.143
anim_freeplay_reacttoface_identified_02,v1.1,1.1,2fa8bc4f5012,46,1.485,0,0,0,0,0,0,0.177778,4,27615.8,0.774864,0.52709,0,0.066,0.987193,,,,,RATE,7.111
anim_freeplay_reacttoface_identified_02_head_angle_-20,v1.1,1.1,2fa8bc4f5012,46,1.485,0,0,0,0,0,0,0.266667,4,41353.3,0.768298,0.52709,0,0.066,0.973648,,,,,RATE,10.667
anim_freeplay_reacttoface_identified_02_head_angle_20,v1.1,1.1,2fa8bc4f5012,46,1.485,0,0,0,0,0,0,0.0444444,4,20177.6,0.548129,0.52709,0,0.066,0.978917,,,,,,1.778
anim_freeplay_reacttoface_identified_02_head_angle_40,v1.1,1.1,2fa8bc4f5012,46,1.485,0,0,0,0,0,0,0,1.27131,7384.95,0.242931,0.52709,0,0.066,0.480813,,,,,,0
anim_freeplay_reacttoface_identified_03_head_angle_-20,v1.1,1.1,2fa8bc4f5012,55,1.782,0,0,0,0,0,0,0.12963,4,31249.9,0.890583,0,0,0,0.979076,0.178622,,,,RATE;LOWCORR,20.185
anim_freeplay_reacttoface_identified_03_head_angle_20,v1.1,1.1,2fa8bc4f5012,55,1.782,0,0,0,0,0,0,0.0555556,4,25293.6,0.725547,0,0,0,0.932998,0.969188,,3.73011,11.8576,RATE;DYN,27.222
anim_freeplay_reacttoface_identified_03_head_angle_40,v1.1,1.1,2fa8bc4f5012,55,1.782,0,0,0,0,0,0,0,3.51926,20851.2,0.597653,0,0,0,0.817337,0.969188,,,,,0
anim_freeplay_reacttoface_like_01,v1.1,1.1,2fa8bc4f5012,141,4.62,0,0,0,0,0,0,0.0571429,4,24732.5,1.10053,0.5724,0,0.066,0.961278,0.917939,,,,RATE,2.286
anim_freeplay_reacttoface_longname_01,v1.1,1.1,2fa8bc4f5012,89,2.904,0,0,0,0,0,0,0,3.35808,11167.7,0.33456,0.472939,0,0.066,0.965407,,,,,,0
anim_freeplay_reacttoface_sayname_01_head_angle_-20,v1.1,1.1,2fa8bc4f5012,89,2.904,0,0,0,0,0,0,0.147727,4,33746.6,0.776914,0.506976,0,0.066,0.918842,-0.0544058,,,,RATE;LOWCORR,20.909
anim_freeplay_reacttoface_sayname_01_head_angle_20,v1.1,1.1,2fa8bc4f5012,89,2.904,0,0,0,0,0,0,0.0113636,4,20362.6,0.507737,0.506976,0,0.066,0.973882,0.658057,,,,,0.455
anim_freeplay_reacttoface_sayname_01_head_angle_40,v1.1,1.1,2fa8bc4f5012,89,2.904,0,0,0,0,0,0,0,3.64243,16312.8,0.557215,0.506976,0,0.066,0.970397,0.678597,,,,,0
anim_freeplay_reacttoface_sayname_02,v1.1,1.1,2fa8bc4f5012,85,2.772,0,0,0,0,0,0,0.166667,4,39369.3,1.14352,0.506976,0,0.066,0.692826,0.123286,,,,RATE;LOWCORR,21.667
anim_freeplay_reacttoface_sayname_02_head_angle_-20,v1.1,1.1,2fa8bc4f5012,85,2.772,0,0,0.0588235,0,0,0.0588235,0.142857,4,40011,0.977694,0.506976,0,0.066,0.887051,-0.112741,,,,SAT;RATE;LOWCORR,26.597
anim_freeplay_reacttoface_sayname_02_head_angle_20,v1.1,1.1,2fa8bc4f5012,85,2.772,0,0,0,0,0,0,0.0238095,4,23406.2,0.709958,0.506976,0,0.066,0.964762,0.316174,,,,,0.952
anim_freeplay_reacttoface_sayname_02_head_angle_40,v1.1,1.1,2fa8bc4f5012,85,2.772,0,0,0,0,0,0,0.047619,4,26621.4,0.677799,0.506976,0,0.066,0.945978,0.355909,,,,,1.905
anim_freeplay_reacttoface_sayname_03_head_angle_-20,v1.1,1.1,2fa8bc4f5012,46,1.485,0,0,0,0,0,0,0.288889,4,68661.4,1.16424,0.466636,0,0.066,0.891398,0.724784,,,,RATE,11.556
anim_freeplay_reacttoface_sayname_03_head_angle_20,v1.1,1.1,2fa8bc4f5012,46,1.485,0,0,0,0,0,0,0.177778,4,62553.2,0.826355,0.466636,0,0.066,0.750286,0.965336,,,,RATE,7.111
anim_freeplay_reacttoface_sayname_03_head_angle_40,v1.1,1.1,2fa8bc4f5012,46,1.485,0,0,0,0,0,0,0.155556,4,62194.2,0.819643,0.466636,0,0.066,0.00317173,0.965336,,,,RATE;LOWCORR,21.222
anim_freeplay_reacttoface_wiggle_01,v1.1,1.1,2fa8bc4f5012,73,2.376,0,0,0,0,0,0,0.138889,4,30776.7,1.3774,0.493858,0,0.066,0.975323,0.98937,0.982247,,,RATE,5.556
anim_gamesetup_getin_01_head_angle_-20,v1.1,1.1,2fa8bc4f5012,15,0.462,0,0,0,0,0,0,0,2.14231,19525.1,0.201889,0,0,0,0.885257,-0.389517,,,,SHORT;LOWCORR,25
anim_gamesetup_getin_01_head_angle_20,v1.1,1.1,2fa8bc4f5012,15,0.462,0,0,0,0,0,0,0.214286,4,40071.1,0.636495,0,0,0,0.995228,0.140444,,,,SHORT;RATE;LOWCORR,33.571
anim_gamesetup_getin_01_head_angle_40,v1.1,1.1,2fa8bc4f5012,15,0.462,0,0,0,0,0,0,0.428571,4,61654,0.638889,0,0,0,0.976218,0.182098,,,,SHORT;RATE;LOWCORR,42.143
anim_gamesetup_getout_01,v1.1,1.1,2fa8bc4f5012,76,2.475,0,0,0,0,0,0,0.04,4,17565.5,0.843582,0.589932,0,0.066,0.976984,0.157516,0.95125,3.22229,13.6863,LOWCORR;DYN,41.6
anim_gamesetup_idle_01,v1.1,1.1,2fa8bc4f5012,116,3.795,0,0,0,0,0,0,0,2.77392,8712.79,0.386146,0.0625061,0,0.0458995,0.985629,,,,,,0
anim_gamesetup_idle_02,v1.1,1.1,2fa8bc4f5012,89,2.904,0,0,0,0,0,0,0,1.54554,4479.25,0.26192,0.182883,0,0.066,0.54502,,,,,,0
anim_gamesetup_idle_03,v1.1,1.1,2fa8bc4f5012,42,1.353,0,0,0,0,0,0,0,1.18247,5920.98,0.0917637,0.0168661,0,0.0168661,,,,,,,0
anim_gamesetup_reaction_01,v1.1,1.1,2fa8bc4f5012,30,0.957,0,0,0,0,0,0,0.0689655,4,39822.4,0.459847,0.0805116,0,0.066,0.911484,,,,,RATE,2.759
anim_gif_gleeserious_01,v1.1,1.1,2fa8bc4f5012,91,2.97,0,0,0,0,0,0,0.0888889,4,33932,0.772555,0.53396,0,0.066,0.991558,-0.0671656,0.996785,,,RATE;LOWCORR,18.556
anim_gif_idk_01,v1.1,1.1,2fa8bc4f5012,116,3.795,0,0,0,0,0,0,0.026087,4,12383.4,0.644176,0.0423315,0,0.0384787,0.950251,0.798119,,,,,1.043
anim_gif_no_01,v1.1,1.1,2fa8bc4f5012,66,2.145,0,0,0,0,0,0,0.230769,4,21343.1,1.23869,0.216141,0,0.066,0.99751,,0.979227,,,RATE,9.231
anim_gotosleep_getin_01,v1.1,1.1,2fa8bc4f5012,161,5.28,0,0,0,0,0,0,0,0.963767,1726.02,0.600159,0.653136,0,0.066,0.994399,,,,,,0
anim_gotosleep_getout_01,v1.1,1.1,2fa8bc4f5012,121,3.96,0,0,0,0,0,0,0,3.24934,11584.2,0.64231,0.694191,0,0.066,0.993562,,,,,,0
anim_gotosleep_getout_02,v1.1,1.1,2fa8bc4f5012,136,4.455,0,0,0,0,0,0,0,1.79367,7622.39,0.671531,0.674897,0,0.066,0.987785,0.780074,,,,,0
anim_gotosleep_getout_03,v1.1,1.1,2fa8bc4f5012,103,3.366,0,0,0,0,0,0,0,1.25646,4428.11,0.380521,0.674897,0,0.066,0.976491,,,,,,0
anim_gotosleep_getout_04,v1.1,1.1,2fa8bc4f5012,96,3.135,0,0,0,0,0,0,0.178947,4,48456.3,0.797944,0.755408,0,0.066,0.883306,0.275251,0.979481,,,RATE;LOWCORR,22.158
anim_gotosleep_off_01,v1.1,1.1,2fa8bc4f5012,33,1.056,0,0,0,0,0,0,0,0,0,0,0.0889698,0,0.066,,,,,,STATIC,50
anim_gotosleep_sleeping_01,v1.1,1.1,2fa8bc4f5012,445,14.652,0,0,0,0,0,0,0,0.851889,1085.38,0.348782,0.143672,0,0.066,0.996095,,,,,,0
anim_gotosleep_sleeploop_01,v1.1,1.1,2fa8bc4f5012,445,14.652,0,0,0,0,0,0,0,0.300368,681.631,0.139722,0.143672,0,0.066,0.978615,,,,,,0
anim_greeting_happy_01,v1.1,1.1,2fa8bc4f5012,136,4.455,0,0,0,0,0,0,0.125926,4,39116.6,2.03116,0.466636,0,0.066,0.875921,0.63126,0.965213,,,RATE,5.037
anim_greeting_happy_02,v1.1,1.1,2fa8bc4f5012,132,4.323,0,0,0,0,0,0,0.0839695,4,21845.6,1.07855,0.581197,0,0.066,0.967666,0.980912,0.995527,,,RATE,3.359
anim_greeting_happy_03,v1.1,1.1,2fa8bc4f5012,95,3.102,0,0,0,0,0,0,0.148936,4,54274.9,1.06908,2.37823e-05,0,1.43647e-05,0.965574,0.713912,0.89986,4.83264,14.0504,RATE;DYN,30.957
anim_greeting_happy_03_head_angle_-20,v1.1,1.1,2fa8bc4f5012,95,3.102,0,0,0,0,0,0,0.159574,4,52797.5,1.06908,2.37823e-05,0,1.43647e-05,0.96706,-0.119923,0.89986,,,RATE;LOWCORR,21.383
anim_greeting_happy_03_head_angle_20,v1.1,1.1,2fa8bc4f5012,95,3.102,0,0,0,0,0,0,0.170213,4,55484.5,1.06908,2.37823e-05,0,1.43647e-05,0.974217,0.852957,0.89986,,,RATE,6.809
anim_greeting_happy_03_head_angle_40,v1.1,1.1,2fa8bc4f5012,95,3.102,0,0,0,0,0,0,0.138298,4,54331.4,1.06908,2.37823e-05,0,1.43647e-05,0.975913,0.852957,0.89986,,,RATE,5.532
anim_guarddog_cubedisconnect_01,v1.1,1.1,2fa8bc4f5012,16,0.495,0,0,0,0,0,0,0,3.12769,30573.9,0.282419,0.000306308,0,0.000107825,0.936815,0.896777,,,,SHORT,10
anim_guarddog_fakeout_01,v1.1,1.1,2fa8bc4f5012,198,6.501,0,0,0,0,0,0,0.0558376,4,26656.7,0.719314,0.690246,0,0.066,0.912159,0.0683242,,,,RATE;LOWCORR,17.234
anim_guarddog_fakeout_02,v1.1,1.1,2fa8bc4f5012,133,4.356,0,0,0,0,0,0,0,3.69992,14809.5,0.455825,0.271704,0,0.066,0.990901,0.94966,,,,,0
anim_guarddog_fakeout_03,v1.1,1.1,2fa8bc4f5012,127,4.158,0,0,0,0,0,0,0.103175,4,33642.6,0.911171,0.572549,0,0.066,0.660337,0.537738,0.927237,,,RATE,4.127
anim_guarddog_getout_busted_01,v1.1,1.1,2fa8bc4f5012,264,8.679,0,0,0,0,0,0,0.174905,4,51900.1,1.57822,0.500623,0,0.066,0.843973,0.8895,0.704972,,,RATE,6.996
anim_guarddog_getout_playersucess_01,v1.1,1.1,2fa8bc4f5012,296,9.735,0,0,0,0,0,0,0.0440678,4,26463.7,0.87215,0.649248,0,0.066,0.918919,0.530498,0.862565,,,,1.763
anim_guarddog_getout_timeout_01,v1.1,1.1,2fa8bc4f5012,171,5.61,0,0,0,0,0,0,0,3.85285,11646.9,0.570705,0.598906,0,0.066,0.983187,0.963876,,,,,0
anim_guarddog_getout_timeout_02,v1.1,1.1,2fa8bc4f5012,115,3.762,0,0,0,0,0,0,0.0175439,4,18693.2,0.518152,0.538717,0,0.066,0.925633,0.374057,0.972638,,,,0.702
anim_guarddog_getout_touched_01,v1.1,1.1,2fa8bc4f5012,181,5.94,0,0,0,0,0,0,0.116667,4,33989.1,0.889632,0.542124,0,0.066,0.894582,0.740325,0.838027,,,RATE,4.667
anim_guarddog_getout_untouched_01,v1.1,1.1,2fa8bc4f5012,26,0.825,0,0,0,0,0,0,0,2.78956,10435.5,0.296532,0.488558,0,0.066,0.984578,,,,,SHORT,10
anim_guarddog_getout_untouched_02,v1.1,1.1,2fa8bc4f5012,71,2.31,0,0,0,0,0,0,0,2.96561,26041.7,0.454747,0.391036,0,0.066,0.965819,0.93865,,,,,0
anim_guarddog_interruption_01,v1.1,1.1,2fa8bc4f5012,242,7.953,0,0,0,0,0,0,0.0580913,4,42489.1,0.885889,0.645531,0,0.066,0.949476,0.430718,0.96451,,,RATE,2.324
anim_guarddog_pulse_01,v1.1,1.1,2fa8bc4f5012,10,0.297,0,0,0,0,0,0,0,3.13696,31018.6,0.318528,0,0,0,0.950669,0.83083,,,,TINY;SHORT,20
anim_guarddog_settle_01,v1.1,1.1,2fa8bc4f5012,296,9.735,0,0,0,0,0,0,0.0135593,4,7528.11,1.08302,0.462962,0,0.066,0.914725,0.957545,0.487252,,,,0.542
anim_guarddog_sleeploop_01,v1.1,1.1,2fa8bc4f5012,200,6.567,0,0,0,0,0,0,0,1.58432,2890.49,0.284651,0.25289,0,0.066,0.976843,,,2.27924,4.12571,,0
anim_guarddog_sleeploop_02,v1.1,1.1,2fa8bc4f5012,351,11.55,0,0,0,0,0,0,0,0.744983,1717.61,0.138585,0.217706,0,0.066,0.977103,,,,,,0
anim_hiccup_01,v1.1,1.1,2fa8bc4f5012,48,1.551,0,0,0,0,0,0,0.0212766,4,30854.8,0.583476,0.0805116,0,0.066,0.965991,0.30655,,,,,0.851
anim_hiccup_02,v1.1,1.1,2fa8bc4f5012,95,3.102,0,0,0,0,0,0,0.0319149,4,26838.8,0.645962,0.0805116,0,0.0436654,0.86647,0.805594,,,,,1.277
anim_hiccup_faceplant_01,v1.1,1.1,2fa8bc4f5012,131,4.29,0,0,0,0,0,0,0.123077,4,34471.3,1.12417,0.474637,0,0.066,0.871425,0.369362,,,,RATE,4.923
anim_hiccup_faceplant_02,v1.1,1.1,2fa8bc4f5012,71,2.31,0,0,0,0,0,0,0.271429,4,48109.2,1.39377,0.415919,0,0.066,0.823457,0.702079,,,,RATE,10.857
anim_hiccup_getin,v1.1,1.1,2fa8bc4f5012,46,1.485,0,0,0,0,0,0,0.0666667,4,36295.5,0.628181,0.0805116,0,0.066,0.950159,0.224528,,,,RATE;LOWCORR,17.667
anim_hiccup_playercure_getout,v1.1,1.1,2fa8bc4f5012,166,5.445,0,0,0,0,0,0,0.0181818,4,14934.9,1.01111,0.571572,0,0.066,0.962913,0.107392,0.995982,,,LOWCORR,15.727
anim_hiccup_playercure_pickupreact,v1.1,1.1,2fa8bc4f5012,92,3.003,0,0,0,0,0,0,0.021978,4,22383.7,0.759532,0.598428,0,0.066,0.988312,0.133329,,,,LOWCORR,15.879
anim_hiccup_selfcure_getout,v1.1,1.1,2fa8bc4f5012,212,6.963,0,0,0,0,0,0,0.07109,4,26578.2,1.05091,0.374383,0,0.066,0.984128,-0.0596922,0.996753,,,RATE;LOWCORR,17.844
anim_hiccup_turtleroll_01,v1.1,1.1,2fa8bc4f5012,91,2.97,0,0,0,0,0,0,0.233333,4,37764.8,1.29526,0.456441,0,0.066,0.97296,-0.0907725,,,,RATE;LOWCORR,24.333
anim_hiccup_withreaction_01,v1.1,1.1,2fa8bc4f5012,86,2.805,0,0,0,0,0,0,0.129412,4,40687.5,0.808331,0.507632,0,0.066,0.918487,0.0728742,0.97459,,,RATE;LOWCORR,20.176
anim_hiking_driving_end_01,v1.1,1.1,2fa8bc4f5012,11,0.33,0,0,0,0,0,0,0,1.67008,11106.3,0.240034,0.0433342,0,0.0433342,0.958084,,,,,TINY;SHORT,20
anim_hiking_driving_end_02,v1.1,1.1,2fa8bc4f5012,23,0.726,0,0,0,0,0,0,0,3.10942,24058,0.278297,0.0433342,0,0.0433342,0.976023,-0.378772,,,,SHORT;LOWCORR,25
anim_hiking_driving_loop_01,v1.1,1.1,2fa8bc4f5012,58,1.881,0,0,0,0,0,0,0,1.2012,6287.02,0.160687,0.0638942,0,0.0638942,0.791824,,,,,,0
anim_hiking_driving_loop_02,v1.1,1.1,2fa8bc4f5012,75,2.442,0,0,0,0,0,0,0,0.18902,565.109,0.0358895,0.019819,0,0.019819,0.986507,,,,,STATIC,50
anim_hiking_driving_loop_03,v1.1,1.1,2fa8bc4f5012,101,3.3,0,0,0,0,0,0,0,2.46326,5903.33,0.286609,0.0801992,0,0.0517839,0.97493,,,,,,0
anim_hiking_driving_loop_04,v1.1,1.1,2fa8bc4f5012,94,3.069,0,0,0,0,0,0,0,2.55569,10600.9,0.263799,0.0638942,0,0.0638942,0.992365,,,,,,0
anim_hiking_driving_loop_05,v1.1,1.1,2fa8bc4f5012,121,3.96,0,0,0,0,0,0,0,2.90048,9133.63,0.301776,0.45567,0,0.066,0.968501,,,2.38147,8.56919,,0
anim_hiking_driving_loop_06,v1.1,1.1,2fa8bc4f5012,141,4.62,0,0,0,0,0,0,0,3.31304,8304.85,0.43844,0.488147,0,0.066,0.911981,,,,,,0
anim_hiking_driving_start_01,v1.1,1.1,2fa8bc4f5012,116,3.795,0,0,0,0,0,0,0,2.34362,7457.53,0.218207,0.228162,0,0.066,0.95774,,,,,,0
anim_hiking_driving_start_02,v1.1,1.1,2fa8bc4f5012,34,1.089,0,0,0,0,0,0,0,2.30302,7304.09,0.201015,0.0322036,0,0.0322036,0.712791,,,,,,0
anim_hiking_driving_start_03,v1.1,1.1,2fa8bc4f5012,88,2.871,0,0,0,0,0,0,0.0229885,4,20444.5,0.503182,0.526377,0,0.066,0.973965,0.0109143,,,,LOWCORR,15.92
anim_hiking_driving_start_04,v1.1,1.1,2fa8bc4f5012,41,1.32,0,0,0,0,0,0,0,2.2954,8436.62,0.432042,0.362522,0,0.066,0.987243,,,,,,0
anim_hiking_edgesquintgetin_01,v1.1,1.1,2fa8bc4f5012,75,2.442,0,0,0,0,0,0,0,1.48393,3508.76,0.143897,0.532911,0,0.066,,,,,,,0
anim_hiking_edgesquintgetout_01,v1.1,1.1,2fa8bc4f5012,25,0.792,0,0,0,0,0,0,0,1.283,8243.8,0.137731,0.455195,0,0.066,,,,,,SHORT,10
anim_hiking_edgesquintloop_01,v1.1,1.1,2fa8bc4f5012,35,1.122,0,0,0,0,0,0,0,0.507407,2493.37,0.0470058,0.00923902,0,0.00923902,,,,,,STATIC,50
anim_hiking_getin_01,v1.1,1.1,2fa8bc4f5012,35,1.122,0,0,0,0,0,0,0,3.24931,18318.1,0.319187,0.0805116,0,0.066,0.961443,-0.326981,,,,LOWCORR,15
anim_hiking_getin_02,v1.1,1.1,2fa8bc4f5012,48,1.551,0,0,0,0,0,0,0,3.82645,33590.9,0.355865,0.0805116,0,0.066,0.89775,0.580634,0.983618,,,,0
anim_hiking_getin_03,v1.1,1.1,2fa8bc4f5012,37,1.188,0,0,0,0,0,0,0.0277778,4,33953.8,0.63582,0.0805116,0,0.066,0.976916,0.0435255,,,,LOWCORR,16.111
anim_hiking_lookaround_01,v1.1,1.1,2fa8bc4f5012,121,3.96,0,0,0,0,0,0,0.025,4,19369.5,0.736489,0.0351392,0,0.0301129,0.945888,,0.996198,,,,1
anim_hiking_lookaround_02,v1.1,1.1,2fa8bc4f5012,90,2.937,0,0,0,0,0,0,0.011236,4,20525,0.445407,0,0,0,0.968502,-0.358079,,,,LOWCORR,15.449
anim_hiking_lookaround_03,v1.1,1.1,2fa8bc4f5012,151,4.95,0,0,0,0,0,0,0,3.47642,13038.1,0.960876,0.0805116,0,0.066,0.94698,,0.913099,,,,0
anim_hiking_observe_01,v1.1,1.1,2fa8bc4f5012,141,4.62,0,0,0,0,0,0,0.0785714,4,23324.6,1.09493,0.559314,0,0.066,0.948139,0.526037,0.919303,,,RATE,3.143
anim_hiking_react_01,v1.1,1.1,2fa8bc4f5012,35,1.122,0,0,0,0,0,0,0,2.98473,15818,0.532598,0.0805116,0,0.066,0.963228,-0.924823,,,,LOWCORR,15
anim_hiking_react_02,v1.1,1.1,2fa8bc4f5012,178,5.841,0,0,0,0,0,0,0.0282486,4,17973.2,0.75932,0.230321,0,0.066,0.96125,0.127551,0.889334,,,LOWCORR,16.13
anim_hiking_react_03,v1.1,1.1,2fa8bc4f5012,93,3.036,0,0,0,0,0,0,0.0434783,4,19944.6,0.720367,0.149809,0,0.066,0.961651,0.291603,0.932817,8.29471,33.6483,LOWCORR;DYN,41.739
anim_hiking_react_04,v1.1,1.1,2fa8bc4f5012,41,1.32,0,0,0,0,0,0,0,3.7387,25693.1,0.448074,0.0805116,0,0.066,0.935202,-0.0219547,,,,LOWCORR,15
anim_hiking_react_05,v1.1,1.1,2fa8bc4f5012,74,2.409,0,0,0,0,0,0,0.123288,4,25548,0.937957,0.474637,0,0.066,0.954807,0.146876,0.982898,,,RATE;LOWCORR,19.932
anim_hiking_rtnewarea_01,v1.1,1.1,2fa8bc4f5012,91,2.97,0,0,0,0,0,0,0.0444444,4,32448.8,0.697894,0.547147,0,0.066,0.990793,0.87172,,,,,1.778
anim_hiking_rtnewarea_02,v1.1,1.1,2fa8bc4f5012,86,2.805,0,0,0,0,0,0,0.105882,4,41644.8,0.947261,0.547147,0,0.066,0.985923,-0.382324,0.977231,,,RATE;LOWCORR,19.235
anim_hiking_rtnewarea_03,v1.1,1.1,2fa8bc4f5012,73,2.376,0,0,0,0,0,0,0.0972222,4,35118.8,0.904341,0.547147,0,0.066,0.966931,0.739416,,,,RATE,3.889
anim_hiking_rtpmarker_01,v1.1,1.1,2fa8bc4f5012,98,3.201,0,0,0,0,0,0,0.0206186,4,18849.6,0.519715,0.595199,0,0.066,0.953506,0.724533,,,,,0.825
anim_keepalive_blink_01,v1.1,1.1,2fa8bc4f5012,19,0.594,0,0,0,0,0,0,0,0.862273,6324.37,0.0668427,0,0,0,,,,,,SHORT,10
anim_keepalive_eyes_01_forward,v1.1,1.1,2fa8bc4f5012,161,5.28,0,0,0,0,0,0,0,2.82913,5587.37,0.566523,0.0878911,0,0.066,0.89523,,0.963974,,,,0
anim_keepalive_eyes_01_right,v1.1,1.1,2fa8bc4f5012,331,10.89,0,0,0,0,0,0,0,1.78066,4177.72,0.79118,0.0819631,0,0.0481365,0.933162,,0.987792,,,,0
anim_keepalive_eyes_01_updown,v1.1,1.1,2fa8bc4f5012,211,6.93,0,0,0,0,0,0,0,1.76072,5132.27,0.313633,0.0467027,0,0.0221024,0.964303,,,,,,0
anim_keepalive_eyesonly_loop_02,v1.1,1.1,2fa8bc4f5012,301,9.9,0,0,0,0,0,0,0,1.01095,2646.03,0.101801,0.298416,0,0.066,,,,,,,0
anim_keepalive_eyesonly_loop_03,v1.1,1.1,2fa8bc4f5012,101,3.3,0,0,0,0,0,0,0,2.46326,5745.68,0.18127,0.0801992,0,0.0517839,,,,,,,0
anim_keepaway_fakeout_01,v1.1,1.1,2fa8bc4f5012,121,3.96,0,0,0,0,0,0,0.0583333,4,33063.5,1.31847,0.423562,0,0.066,0.923613,0.84601,0.928084,,,RATE,2.333
anim_keepaway_fakeout_02,v1.1,1.1,2fa8bc4f5012,156,5.115,0,0,0,0,0,0,0.0709677,4,22019,1.70321,0.571031,0,0.066,0.876461,0.979332,0.852999,,,RATE,2.839
anim_keepaway_fakeout_03,v1.1,1.1,2fa8bc4f5012,47,1.518,0,0,0,0,0,0,0.0217391,4,14904.1,0.45795,0.0127461,0,0.0113236,0.970096,0.463196,,,,,0.87
anim_keepaway_fakeout_04,v1.1,1.1,2fa8bc4f5012,101,3.3,0,0,0,0,0,0,0,3.84379,28356.8,0.548991,0.466636,0,0.066,0.943002,-0.400794,,,,LOWCORR,15
anim_keepaway_fakeout_05,v1.1,1.1,2fa8bc4f5012,53,1.716,0,0,0,0,0,0,0,2.06587,9374.99,0.221557,0.603879,0,0.066,0.887505,0.126168,,,,LOWCORR,15
anim_keepaway_fakeout_06,v1.1,1.1,2fa8bc4f5012,70,2.277,0,0,0,0,0,0,0.115942,4,32414.5,1.30815,0.581534,0,0.066,0.253445,0.981586,,7.81285,28.193,RATE;LOWCORR;DYN,44.638
anim_keepaway_getin_01,v1.1,1.1,2fa8bc4f5012,81,2.64,0,0,0,0,0,0,0.0125,4,14584,0.731968,0.540648,0,0.066,0.956531,0.812139,,,,,0.5
anim_keepaway_getin_02,v1.1,1.1,2fa8bc4f5012,59,1.914,0,0,0,0,0,0,0,1.80204,7870,0.823874,0.0805116,0,0.066,0.906865,,,,,,0
anim_keepaway_getin_03,v1.1,1.1,2fa8bc4f5012,61,1.98,0,0,0,0,0,0,0,2.31794,16419.5,0.276976,0.280335,0,0.066,0.71779,0.640786,,,,,0
anim_keepaway_getout_01,v1.1,1.1,2fa8bc4f5012,33,1.056,0,0,0,0,0,0,0,3.06689,10546,0.592407,0.00729084,0,0.00729084,0.978283,,,,,,0
anim_keepaway_getout_02,v1.1,1.1,2fa8bc4f5012,24,0.759,0,0,0,0,0,0,0,1.99293,10188.2,0.638243,0,0,0,0.995837,,0.995303,,,SHORT,10
anim_keepaway_getout_03,v1.1,1.1,2fa8bc4f5012,44,1.419,0,0,0,0,0,0,0.0465116,4,10717.6,0.773277,0.0247768,0,0.0183384,0.985338,,,,,,1.86
anim_keepaway_getready_01,v1.1,1.1,2fa8bc4f5012,57,1.848,0,0,0,0,0,0,0.0178571,4,33773.4,0.356046,0.529122,0,0.066,0.959528,,0.892602,,,,0.714
anim_keepaway_getready_02,v1.1,1.1,2fa8bc4f5012,44,1.419,0,0,0,0,0,0,0,2.43372,14157.5,0.38391,0.581534,0,0.066,0.768116,-0.447736,,,,LOWCORR,15
anim_keepaway_getready_03,v1.1,1.1,2fa8bc4f5012,38,1.221,0,0,0,0,0,0,0,1.97573,8700.68,0.342087,0.368776,0,0.066,0.99587,,,,,,0
anim_keepaway_idle_01,v1.1,1.1,2fa8bc4f5012,127,4.158,0,0,0,0,0,0,0,1.82842,4196.53,0.349762,0.312553,0,0.066,0.947613,0.376023,0.999927,,,,0
anim_keepaway_idle_02,v1.1,1.1,2fa8bc4f5012,133,4.356,0,0,0,0,0,0,0,2.30072,10039,0.286839,0.0385433,0,0.0385433,0.888157,0.164184,,,,LOWCORR,15
anim_keepaway_idle_03,v1.1,1.1,2fa8bc4f5012,161,5.28,0,0,0,0,0,0,0,2.21429,4307.99,0.322715,0.0447232,0,0.0270908,0.986256,,,,,,0
anim_keepaway_losegame_01,v1.1,1.1,2fa8bc4f5012,202,6.633,0,0,0,0,0,0,0.039801,4,18359.8,1.01761,0.686553,0,0.066,0.965888,0.363275,0.993152,,,,1.592
anim_keepaway_losegame_02,v1.1,1.1,2fa8bc4f5012,178,5.841,0,0,0,0,0,0,0.0112994,4,10757.8,1.01684,0.517244,0,0.066,0.989504,0.0117445,0.999761,,,LOWCORR,15.452
anim_keepaway_losegame_03,v1.1,1.1,2fa8bc4f5012,179,5.874,0,0,0,0,0,0,0.0898876,4,28424.7,1.33721,0.624232,0,0.066,0.94557,0.684626,0.968439,,,RATE,3.596
anim_keepaway_losehand_01,v1.1,1.1,2fa8bc4f5012,68,2.211,0,0,0,0,0,0,0.0746269,4,37377.8,0.604109,0.511143,0,0.066,0.976633,,0.58186,,,RATE,2.985
anim_keepaway_losehand_02,v1.1,1.1,2fa8bc4f5012,99,3.234,0,0,0,0,0,0,0.122449,4,31543.1,1.0672,0.641568,0,0.066,0.801954,0.842641,,,,RATE,4.898
anim_keepaway_losehand_03,v1.1,1.1,2fa8bc4f5012,75,2.442,0,0,0,0,0,0,0.0405405,4,18291.1,0.614501,0.561056,0,0.066,0.98798,,,4.42857,16.4935,DYN,26.622
anim_keepaway_pounce_01,v1.1,1.1,2fa8bc4f5012,50,1.617,0,0,0,0,0,0,0.346939,4,36261.8,1.38049,0.448821,0,0.066,,0.767504,,,,RATE,13.878
anim_keepaway_pounce_02,v1.1,1.1,2fa8bc4f5012,77,2.508,0,0,0,0,0,0,0.171053,4,38226.3,1.20282,0.603879,0,0.066,,0.88344,,,,RATE,6.842
anim_keepaway_pounce_03,v1.1,1.1,2fa8bc4f5012,23,0.726,0,0,0,0,0,0,0.0454545,4,18619.8,0.585233,0.368776,0,0.066,,0.754863,,,,SHORT,11.818
anim_keepaway_pounce_04,v1.1,1.1,2fa8bc4f5012,20,0.627,0,0,0,0,0,0,0.263158,4,24082,0.924558,0.220152,0,0.066,,0.394821,,,,SHORT;RATE,20.526
anim_keepaway_wingame_01,v1.1,1.1,2fa8bc4f5012,121,3.96,0,0,0,0,0,0,0.283333,4,33898.8,1.81861,0.722538,0,0.066,0.922867,0.943602,0.95744,,,RATE,11.333
anim_keepaway_wingame_02,v1.1,1.1,2fa8bc4f5012,91,2.97,0,0,0,0,0,0,0.211111,4,51603.3,1.0459,0.492733,0,0.066,0.863709,0.957457,0.814946,,,RATE,8.444
anim_keepaway_wingame_03,v1.1,1.1,2fa8bc4f5012,99,3.234,0,0,0,0,0,0,0.0306122,4,15695.9,0.689659,0.466636,0,0.066,0.992771,-0.0139982,,,,LOWCORR,16.224
anim_keepaway_winhand_01,v1.1,1.1,2fa8bc4f5012,67,2.178,0,0,0,0,0,0,0.0909091,4,24877.5,0.999687,0.475106,0,0.066,0.973709,0.460029,,,,RATE,3.636
anim_keepaway_winhand_02,v1.1,1.1,2fa8bc4f5012,68,2.211,0,0,0,0,0,0,0.0149254,4,21713.5,0.501718,0.466636,0,0.066,0.933879,,,,,,0.597
anim_keepaway_winhand_03,v1.1,1.1,2fa8bc4f5012,70,2.277,0,0,0,0,0,0,0.15942,4,22411.1,1.15932,0.466636,0,0.066,0.939066,0.425566,,,,RATE,6.377
anim_laser_drive_01,v1.1,1.1,2fa8bc4f5012,36,1.155,0,0,0,0,0,0,0,0.995326,2799.43,0.0568017,0.00561547,0,0.00561547,,,,,,,0
anim_laser_drive_02,v1.1,1.1,2fa8bc4f5012,46,1.485,0,0,0,0,0,0,0,1.98467,6456.7,0.118052,0.501218,0,0.066,,,,,,,0
anim_laser_drive_03,v1.1,1.1,2fa8bc4f5012,31,0.99,0,0,0,0,0,0,0,0.302421,1259.73,0.0214708,0.0225918,0,0.0134589,,,,,,STATIC,50
anim_launch_altwakeup_01,v1.1,1.1,2fa8bc4f5012,148,4.851,0,0,0,0,0,0,0.0816327,4,20972.7,1.4351,0.689241,0,0.066,0.976772,0.0316105,0.993365,,,RATE;LOWCORR,18.265
anim_launch_backpackidle,v1.1,1.1,2fa8bc4f5012,46,1.485,0,0,0,0,0,0,0,0,0,0,0,0,0,,,,,,STATIC,50
anim_launch_blankscreen,v1.1,1.1,2fa8bc4f5012,21,0.66,0,0,0,0,0,0,0,0,0,0,0,0,0,,,,,,SHORT;STATIC,60
anim_launch_cubediscovery,v1.1,1.1,2fa8bc4f5012,26,0.825,0,0,0,0,0,0,0.16,4,27276,0.916756,0,0,0,0.900579,0.699509,,,,SHORT;RATE,16.4
anim_launch_drivingloop_01,v1.1,1.1,2fa8bc4f5012,71,2.31,0,0,0,0,0,0,0,1.06189,3345.38,0.107697,0.0832267,0,0.0651529,0.978926,,,2.12911,2.81773,,0
anim_launch_drivingloop_02,v1.1,1.1,2fa8bc4f5012,171,5.61,0,0,0,0,0,0,0,1.69743,4288.49,0.221438,0.0937143,0,0.0551532,0.721921,,,,,,0
anim_launch_drivingloop_03,v1.1,1.1,2fa8bc4f5012,111,3.63,0,0,0,0,0,0,0,1.78724,5338.56,0.369903,0.448936,0,0.066,0.880092,,,,,,0
anim_launch_enddriving_01,v1.1,1.1,2fa8bc4f5012,51,1.65,0,0,0,0,0,0,0,3.0482,10513.3,0.433065,0.471837,0,0.066,0.934551,,,,,,0
anim_launch_eyeson_01,v1.1,1.1,2fa8bc4f5012,16,0.495,0,0,0,0,0,0,0,0.898352,2386.84,0.142731,0,0,0,0.999076,,,,,SHORT,10
anim_launch_firsttimewakeup,v1.1,1.1,2fa8bc4f5012,749,24.684,0,0,0,0,0,0,0,3.56254,7608.43,1.27618,0.814573,0,0.066,0.968815,-0.443974,0.97377,,,LOWCORR,15
anim_launch_firsttimewakeup_helloplayer_head_angle_-20,v1.1,1.1,2fa8bc4f5012,481,15.84,0,0,0,0,0,0,0.00833333,4,9346.59,0.901625,0.495908,0,0.066,0.987942,0.0478972,,,,LOWCORR,15.333
anim_launch_firsttimewakeup_helloplayer_head_angle_20,v1.1,1.1,2fa8bc4f5012,481,15.84,0,0,0,0,0,0,0.00416667,4,9181.39,0.681705,0.495908,0,0.066,0.974299,0.978314,,,,,0.167
anim_launch_firsttimewakeup_helloplayer_head_angle_40,v1.1,1.1,2fa8bc4f5012,481,15.84,0,0,0,0,0,0,0,3.4914,8343.48,0.495195,0.495908,0,0.066,0.900002,0.978314,,,,,0
anim_launch_firsttimewakeup_helloworld,v1.1,1.1,2fa8bc4f5012,302,9.933,0,0,0,0,0,0,0,3.38028,11108.3,0.620004,0.553211,0,0.066,0.971738,0.592576,,,,,0
anim_launch_idle_01,v1.1,1.1,2fa8bc4f5012,117,3.828,0,0,0,0,0,0,0,1.53517,6702.12,0.312229,0.0467027,0,0.0221024,0.933728,,,,,,0
anim_launch_idle_02,v1.1,1.1,2fa8bc4f5012,106,3.465,0,0,0,0,0,0,0,0.87686,3761.29,0.188461,0.0447232,0,0.0270908,0.954336,,,,,,0
anim_launch_idle_03,v1.1,1.1,2fa8bc4f5012,61,1.98,0,0,0,0,0,0,0,0.704097,4017.34,0.12689,0.0266875,0,0.0184808,0.895502,,,,,,0
anim_launch_lifteffortpickup_01,v1.1,1.1,2fa8bc4f5012,31,0.99,0,0,0,0,0,0,0,2.18931,12387.9,0.225588,0.46185,0,0.066,,,,,,,0
anim_launch_lifteffortplacehigh_01,v1.1,1.1,2fa8bc4f5012,21,0.66,0,0,0,0,0,0,0,1.03098,5532.4,0.125405,0.462,0,0.066,,,,,,SHORT,10
anim_launch_lifteffortplacelow_01,v1.1,1.1,2fa8bc4f5012,23,0.726,0,0,0,0,0,0,0,1.97296,11162,0.203192,0,0,0,,,,,,SHORT,10
anim_launch_reacttocubepickup,v1.1,1.1,2fa8bc4f5012,165,5.412,0,0,0,0,0,0,0.128049,4,24144.5,1.88944,0.0633003,0,0.0633003,0.970678,0.315439,0.9727,,,RATE,5.122
anim_launch_reacttoputdown,v1.1,1.1,2fa8bc4f5012,119,3.894,0,0,0,0,0,0,0.169492,4,39873.6,1.28657,0.476944,0,0.066,0.955237,0.855468,0.832117,,,RATE,6.78
anim_launch_search_head_angle_-20,v1.1,1.1,2fa8bc4f5012,23,0.726,0,0,0,0,0,0,0,1.88839,13134,0.287478,0.0326096,0,0.0326096,0.959605,,,4.24744,8.57192,SHORT;DYN,35
anim_launch_search_head_angle_20,v1.1,1.1,2fa8bc4f5012,23,0.726,0,0,0,0,0,0,0,1.72892,13600.3,0.199351,0.0326096,0,0.0326096,0.913498,,,,,SHORT,10
anim_launch_search_head_angle_40,v1.1,1.1,2fa8bc4f5012,23,0.726,0,0,0,0,0,0,0,1.61188,13483.7,0.182738,0.0326096,0,0.0326096,0.890399,,,,,SHORT,10
anim_launch_sleeping_01,v1.1,1.1,2fa8bc4f5012,395,13.002,0,0,0,0,0,0,0.00253807,4,6073.65,0.43144,0.280071,0,0.066,0.993827,,,,,,0.102
anim_launch_startdriving_01,v1.1,1.1,2fa8bc4f5012,29,0.924,0,0,0,0,0,0,0,1.88552,4933.18,0.289227,0.0893163,0,0.066,0.998851,,,,,SHORT,10
anim_launch_startsleeping_01,v1.1,1.1,2fa8bc4f5012,11,0.33,0,0,0,0,0,0,0,0,0,0,0,0,0,,,,,,TINY;SHORT;STATIC,70
anim_launch_wakeup_01,v1.1,1.1,2fa8bc4f5012,231,7.59,0,0,0,0,0,0,0,2.76348,7204.32,0.707098,0.735094,0,0.066,0.98394,,0.679647,,,,0
anim_launch_wakeup_02,v1.1,1.1,2fa8bc4f5012,121,3.96,0,0,0,0,0,0,0,2.16518,8402.05,0.569723,0.674897,0,0.066,0.986798,,,,,,0
anim_launch_wakeup_03,v1.1,1.1,2fa8bc4f5012,136,4.455,0,0,0,0,0,0,0,2.4659,8820.62,0.672391,0.727296,0,0.066,0.992316,0.747597,,,,,0
anim_launch_wakeup_04,v1.1,1.1,2fa8bc4f5012,106,3.465,0,0,0,0,0,0,0,2.66508,10272.7,0.569651,0.691246,0,0.066,0.992104,,,,,,0
anim_launch_wakeup_05,v1.1,1.1,2fa8bc4f5012,96,3.135,0,0,0,0,0,0,0.168421,4,48410,0.75655,0.755408,0,0.066,0.845965,0.424818,0.978576,,,RATE,6.737
anim_launch_wakeup_drivingloop_01,v1.1,1.1,2fa8bc4f5012,58,1.881,0,0,0,0,0,0,0,1.22071,6390.9,0.213212,0.0638942,0,0.0638942,0.815438,,,,,,0
anim_launch_wakeup_drivingloop_02,v1.1,1.1,2fa8bc4f5012,75,2.442,0,0,0,0,0,0,0,0.18902,518.296,0.0180497,0.019819,0,0.019819,0.969893,,,,,STATIC,50
anim_launch_wakeup_enddriving_01,v1.1,1.1,2fa8bc4f5012,14,0.429,0,0,0,0,0,0,0,1.17776,10223.8,0.0916954,0.0433342,0,0.0433342,,,,,,TINY;SHORT,20
anim_launch_wakeup_startdriving_01,v1.1,1.1,2fa8bc4f5012,123,4.026,0,0,0.170732,0,0,0.170732,0.0245902,4,13282.1,0.977242,0.228162,0,0.066,0.996756,,,,,SAT,18.057
anim_loco_driving01_end_01,v1.1,1.1,2fa8bc4f5012,17,0.528,0,0,0,0,0,0,0,1.44578,8112.91,0.203846,0.0433342,0,0.0433342,0.839602,,,,,SHORT,10
anim_loco_driving01_loop_01,v1.1,1.1,2fa8bc4f5012,58,1.881,0,0,0,0,0,0,0,1.2012,6291.92,0.143068,0.0638942,0,0.0638942,0.853135,,,,,,0
anim_loco_driving01_loop_02,v1.1,1.1,2fa8bc4f5012,75,2.442,0,0,0,0,0,0,0,0.320328,711.076,0.0717789,0.019819,0,0.019819,0.996506,,,,,,0
anim_loco_driving01_loop_03,v1.1,1.1,2fa8bc4f5012,101,3.3,0,0,0,0,0,0,0,2.46326,5727.35,0.250534,0.0801992,0,0.0517839,0.975808,,,2.17384,5.5847,,0
anim_loco_driving01_start_01,v1.1,1.1,2fa8bc4f5012,116,3.795,0,0,0,0,0,0,0,2.34362,7457.53,0.218207,0.228162,0,0.066,0.95774,,,,,,0
anim_loco_driving01_start_02,v1.1,1.1,2fa8bc4f5012,34,1.089,0,0,0,0,0,0,0,2.30302,7304.09,0.201015,0.0322036,0,0.0322036,0.712791,,,,,,0
anim_lookinplaceforfaces_keepalive_long_head_angle_-20,v1.1,1.1,2fa8bc4f5012,61,1.98,0,0,0,0,0,0,0,1.66212,6530.04,0.298139,0.0270908,0,0.0270908,0.98057,,,,,,0
anim_lookinplaceforfaces_keepalive_long_head_angle_20,v1.1,1.1,2fa8bc4f5012,61,1.98,0,0,0,0,0,0,0,1.31294,4675.98,0.298139,0.0270908,0,0.0270908,0.96548,,,,,,0
anim_lookinplaceforfaces_keepalive_long_head_angle_40,v1.1,1.1,2fa8bc4f5012,61,1.98,0,0,0,0,0,0,0,1.31294,4738.73,0.298139,0.0270908,0,0.0270908,0.952727,,,,,,0
anim_lookinplaceforfaces_keepalive_medium_head_angle_-20,v1.1,1.1,2fa8bc4f5012,31,0.99,0,0,0,0,0,0,0,2.70184,15340.7,0.358365,0.024576,0,0.024576,0.992164,,,,,,0
anim_lookinplaceforfaces_keepalive_medium_head_angle_20,v1.1,1.1,2fa8bc4f5012,31,0.99,0,0,0,0,0,0,0,1.38365,8467.6,0.227605,0.024576,0,0.024576,0.987819,,,,,,0
anim_lookinplaceforfaces_keepalive_medium_head_angle_40,v1.1,1.1,2fa8bc4f5012,31,0.99,0,0,0,0,0,0,0,1.38465,8436.25,0.226547,0.024576,0,0.024576,0.987534,,,,,,0
anim_lookinplaceforfaces_keepalive_short_head_angle_-20,v1.1,1.1,2fa8bc4f5012,11,0.33,0,0,0,0,0,0,0,0,0,0,0,0,0,,,,,,TINY;SHORT;STATIC,70
anim_lookinplaceforfaces_keepalive_short_head_angle_20,v1.1,1.1,2fa8bc4f5012,11,0.33,0,0,0,0,0,0,0,0,0,0,0,0,0,,,,,,TINY;SHORT;STATIC,70
anim_lookinplaceforfaces_keepalive_short_head_angle_40,v1.1,1.1,2fa8bc4f5012,11,0.33,0,0,0,0,0,0,0,0,0,0,0,0,0,,,,,,TINY;SHORT;STATIC,70
anim_majorfail,v1.1,1.1,2fa8bc4f5012,264,8.679,0,0,0,0,0,0,0.174905,4,51900.1,1.57822,0.500623,0,0.066,0.843973,0.8895,0.704972,,,RATE,6.996
anim_majorwin,v1.1,1.1,2fa8bc4f5012,65,2.112,0,0,0,0,0,0,0,3.64672,30082.1,0.436421,0.58497,0,0.066,0.98157,0.51014,,,,,0
anim_meetcozmo_celebration,v1.1,1.1,2fa8bc4f5012,313,10.296,0,0,0,0,0,0,0.157051,4,31847,1.45002,0.703181,0,0.066,0.877306,0.903689,0.746456,,,RATE,6.282
anim_meetcozmo_celebration_02,v1.1,1.1,2fa8bc4f5012,89,2.904,0,0,0,0,0,0,0.159091,4,38491.5,1.33149,0.464878,0,0.066,0.881709,0.966265,,,,RATE,6.364
anim_meetcozmo_celebration_02_head_angle_-20,v1.1,1.1,2fa8bc4f5012,89,2.904,0,0,0,0,0,0,0.25,4,39124.4,1.29294,0.464878,0,0.066,0.870101,0.775368,,,,RATE,10
anim_meetcozmo_celebration_02_head_angle_20,v1.1,1.1,2fa8bc4f5012,89,2.904,0,0,0,0,0,0,0.147727,4,37777.7,1.29212,0.464878,0,0.066,0.905371,0.961664,,,,RATE,5.909
anim_meetcozmo_celebration_02_head_angle_40,v1.1,1.1,2fa8bc4f5012,89,2.904,0,0,0,0,0,0,0.193182,4,40698.4,1.23899,0.464878,0,0.066,0.912998,0.963557,,7.09223,22.8145,RATE;DYN,32.727
anim_meetcozmo_getin_head_angle_-20,v1.1,1.1,2fa8bc4f5012,21,0.66,0,0,0,0,0,0,0,1.75025,13598.9,0.21378,0,0,0,0.969931,,,,,SHORT,10
anim_meetcozmo_getin_head_angle_20,v1.1,1.1,2fa8bc4f5012,21,0.66,0,0,0,0,0,0,0,2.35164,16761.3,0.224995,0,0,0,0.955529,,,,,SHORT,10
anim_meetcozmo_getin_head_angle_40,v1.1,1.1,2fa8bc4f5012,21,0.66,0,0,0,0,0,0,0,2.35164,16761.2,0.224995,0,0,0,0.955529,,,,,SHORT,10
anim_meetcozmo_lookface,v1.1,1.1,2fa8bc4f5012,116,3.795,0,0,0,0,0,0,0,1.122,4897.58,0.153207,0.0757311,0,0.046077,0.988079,0.69544,,,,,0
anim_meetcozmo_lookface_02,v1.1,1.1,2fa8bc4f5012,163,5.346,0,0,0,0,0,0,0,0.621517,1670.52,0.0548502,0.372911,0,0.066,,,,,,,0
anim_meetcozmo_lookface_getin_head_angle_-20,v1.1,1.1,2fa8bc4f5012,35,1.122,0,0,0,0,0,0,0.0588235,4,23578.7,0.530069,0.49199,0,0.066,0.930998,0.214208,,,,RATE;LOWCORR,17.353
anim_meetcozmo_lookface_getin_head_angle_20,v1.1,1.1,2fa8bc4f5012,35,1.122,0,0,0,0,0,0,0,3.93724,21704.5,0.355489,0.49199,0,0.066,0.908386,0.762105,,,,,0
anim_meetcozmo_lookface_getin_head_angle_40,v1.1,1.1,2fa8bc4f5012,35,1.122,0,0,0,0,0,0,0,2.57372,18516.1,0.213681,0.49199,0,0.066,0.823384,0.762105,,,,,0
anim_meetcozmo_lookface_getout_head_angle_-20,v1.1,1.1,2fa8bc4f5012,13,0.396,0,0,0,0,0,0,0,1.80556,20948.7,0.148354,0.30762,0,0.066,0.119304,0.37885,,,,TINY;SHORT;LOWCORR,35
anim_meetcozmo_lookface_getout_head_angle_20,v1.1,1.1,2fa8bc4f5012,13,0.396,0,0,0,0,0,0,0,1.37873,24140.4,0.0963657,0.30762,0,0.066,0.360659,0.67507,,,,TINY;SHORT,20
anim_meetcozmo_lookface_getout_head_angle_40,v1.1,1.1,2fa8bc4f5012,13,0.396,0,0,0,0,0,0,0,1.01505,22764,0.0753348,0.30762,0,0.066,0.114141,0.67507,,,,TINY;SHORT;LOWCORR,35
anim_meetcozmo_lookface_head_angle_-20,v1.1,1.1,2fa8bc4f5012,116,3.795,0,0,0,0,0,0,0,0.943755,4895.86,0.212407,0.0757311,0,0.046077,0.993247,0.110114,,,,LOWCORR,15
anim_meetcozmo_lookface_head_angle_20,v1.1,1.1,2fa8bc4f5012,116,3.795,0,0,0,0,0,0,0,1.122,4897.59,0.153207,0.0757311,0,0.046077,0.988079,0.69544,,,,,0
anim_meetcozmo_lookface_head_angle_40,v1.1,1.1,2fa8bc4f5012,116,3.795,0,0,0,0,0,0,0,1.02618,4893.58,0.075225,0.0757311,0,0.046077,,0.69544,,,,,0
anim_meetcozmo_lookface_interrupt,v1.1,1.1,2fa8bc4f5012,13,0.396,0,0,0,0,0,0,0,1.01505,20742.9,0.0736803,0.30762,0,0.066,-0.154581,0.67507,,,,TINY;SHORT;LOWCORR,35
anim_meetcozmo_reenrollment_sayname_01,v1.1,1.1,2fa8bc4f5012,81,2.64,0,0,0,0,0,0,0.0625,4,20847.3,0.860092,0.508694,0,0.066,0.986828,0.677938,,,,RATE,2.5
anim_meetcozmo_reenrollment_sayname_02,v1.1,1.1,2fa8bc4f5012,83,2.706,0,0,0,0,0,0,0.0853659,4,25282.2,1.05653,0.530045,0,0.066,0.993245,0.343714,,,,RATE,3.415
anim_meetcozmo_reenrollment_sayname_03,v1.1,1.1,2fa8bc4f5012,48,1.551,0,0,0,0,0,0,0.191489,4,54659.7,0.979016,0.466636,0,0.066,0.928074,0.926733,,6.0573,19.2814,RATE;DYN,32.66
anim_meetcozmo_sayname_01_head_angle_-20,v1.1,1.1,2fa8bc4f5012,109,3.564,0,0,0,0,0,0,0,3.17853,10636,0.629038,0.361255,0,0.066,0.983862,-0.0312352,0.824498,,,LOWCORR,15
anim_meetcozmo_sayname_01_head_angle_20,v1.1,1.1,2fa8bc4f5012,109,3.564,0,0,0,0,0,0,0.0277778,4,24232.2,0.629038,0.361255,0,0.066,0.996407,-0.122947,0.824498,,,LOWCORR,16.111
anim_meetcozmo_sayname_01_head_angle_40,v1.1,1.1,2fa8bc4f5012,109,3.564,0,0,0,0,0,0,0,3.43213,8458.78,0.758216,0.361255,0,0.066,0.996707,0.694594,0.824498,,,,0
anim_meetcozmo_sayname_02_head_angle_-20,v1.1,1.1,2fa8bc4f5012,75,2.442,0,0,0,0,0,0,0.0405405,4,24541.9,1.07808,0.390626,0,0.066,0.981027,0.0781824,,,,LOWCORR,16.622
anim_meetcozmo_sayname_02_head_angle_20,v1.1,1.1,2fa8bc4f5012,75,2.442,0,0,0,0,0,0,0.0135135,4,21754.9,0.544288,0.390626,0,0.066,0.982448,0.433742,,,,,0.541
anim_meetcozmo_sayname_02_head_angle_40,v1.1,1.1,2fa8bc4f5012,75,2.442,0,0,0,0,0,0,0.0405405,4,19152.9,0.62885,0.390626,0,0.066,0.982669,0.742258,,,,,1.622
anim_memorymatch_failgame_cozmo_01,v1.1,1.1,2fa8bc4f5012,151,4.95,0,0,0,0,0,0,0.173333,4,51283.6,1.22161,0.491224,0,0.066,0.886147,0.856246,0.817445,,,RATE,6.933
anim_memorymatch_failgame_cozmo_02,v1.1,1.1,2fa8bc4f5012,136,4.455,0,0,0,0,0,0,0.148148,4,50562.5,1.01189,0.641568,0,0.066,0.729196,0.904073,0.946481,,,RATE,5.926
anim_memorymatch_failgame_cozmo_03,v1.1,1.1,2fa8bc4f5012,177,5.808,0,0,0,0,0,0,0,3.73502,11830,0.440453,0.366847,0,0.066,0.901723,,,,,,0
anim_memorymatch_failgame_player_01,v1.1,1.1,2fa8bc4f5012,31,0.99,0,0,0,0,0,0,0,2.2368,8795.28,0.307117,0.466636,0,0.066,0.985718,,,,,,0
anim_memorymatch_failgame_player_02,v1.1,1.1,2fa8bc4f5012,94,3.069,0,0,0,0,0,0,0.322581,4,79238.5,1.03914,0.466636,0,0.066,0.694085,0.912774,0.727073,,,RATE,12.903
anim_memorymatch_failgame_player_03,v1.1,1.1,2fa8bc4f5012,81,2.64,0,0,0,0,0,0,0.0375,4,28871.9,0.817452,0.547147,0,0.066,0.936431,0.532077,,,,,1.5
anim_memorymatch_failhand_01,v1.1,1.1,2fa8bc4f5012,34,1.089,0,0,0,0,0,0,0.0606061,4,30845.4,0.528119,0.400188,0,0.066,0.90697,0.27626,0.886738,,,RATE;LOWCORR,17.424
anim_memorymatch_failhand_02,v1.1,1.1,2fa8bc4f5012,41,1.32,0,0,0,0,0,0,0.025,4,31926.4,0.426069,0.200871,0,0.066,0.963082,0.693199,,,,,1
anim_memorymatch_failhand_03,v1.1,1.1,2fa8bc4f5012,34,1.089,0,0,0,0,0,0,0.151515,4,21358.7,0.811838,0.212907,0,0.066,0.900341,,,,,RATE,6.061
anim_memorymatch_failhand_player_01,v1.1,1.1,2fa8bc4f5012,57,1.848,0,0,0,0,0,0,0.107143,4,29815,0.790245,0.550607,0,0.066,0.955857,0.785138,,,,RATE,4.286
anim_memorymatch_failhand_player_02,v1.1,1.1,2fa8bc4f5012,56,1.815,0,0,0,0,0,0,0,3.75674,33542.1,0.503501,0.466975,0,0.066,0.967885,0.822672,0.976405,,,,0
anim_memorymatch_failhand_player_03,v1.1,1.1,2fa8bc4f5012,59,1.914,0,0,0,0,0,0,0.155172,4,42877.6,0.79952,0.348341,0,0.066,0.973436,0.928816,0.991157,5.01309,16.9184,RATE;DYN,31.207
anim_memorymatch_getout_01,v1.1,1.1,2fa8bc4f5012,15,0.462,0,0,0.0666667,0,0,0.0666667,0.142857,4,51469.2,0.387071,0.0805116,0,0.066,0.990684,-0.618632,,,,SHORT;SAT;RATE;LOWCORR,37.381
anim_memorymatch_idle_01,v1.1,1.1,2fa8bc4f5012,117,3.828,0,0,0,0,0,0,0,2.54422,6710.76,0.467978,0.0467027,0,0.0221024,0.948011,,0.982403,,,,0
anim_memorymatch_idle_02,v1.1,1.1,2fa8bc4f5012,106,3.465,0,0,0,0,0,0,0,1.43122,4323.96,0.283911,0.0447232,0,0.0270908,0.960647,,,,,,0
anim_memorymatch_idle_03,v1.1,1.1,2fa8bc4f5012,61,1.98,0,0,0,0,0,0,0,2.20342,7320.9,0.277185,0.0266875,0,0.0247649,0.742576,0.992789,,,,,0
anim_memorymatch_point_player_audio,v1.1,1.1,2fa8bc4f5012,1,0,0,0,0,0,0,0,0,0,0,0,0,0,0,,,,,,DEGENERATE;TINY;SHORT;STATIC,170
anim_memorymatch_pointbigleft_01,v1.1,1.1,2fa8bc4f5012,21,0.66,0,0,0,0,0,0,0.4,4,60472.2,0.711079,0.215666,0,0.066,0.967939,0.17827,0.995567,,,SHORT;RATE;LOWCORR,41
anim_memorymatch_pointbigleft_02,v1.1,1.1,2fa8bc4f5012,21,0.66,0,0,0,0,0,0,0.4,4,60472.2,0.711079,0.215666,0,0.066,0.967939,0.17827,0.995567,,,SHORT;RATE;LOWCORR,41
anim_memorymatch_pointbigleft_fast_01,v1.1,1.1,2fa8bc4f5012,9,0.264,0,0,0,0,0,0,0.5,4,95106.9,0.501602,0.137192,0,0.066,0.948061,0.0249451,0.99923,,,TINY;SHORT;RATE;LOWCORR,55
anim_memorymatch_pointbigleft_fast_02,v1.1,1.1,2fa8bc4f5012,13,0.396,0,0,0,0,0,0,0.583333,4,86428.9,0.622659,0.169316,0,0.066,0.978851,-0.029169,0.994637,,,TINY;SHORT;RATE;LOWCORR,58.333
anim_memorymatch_pointbigright_01,v1.1,1.1,2fa8bc4f5012,21,0.66,0,0,0,0,0,0,0,3.24087,22578,0.635185,0.14844,0,0.066,0.982626,-0.251426,0.992782,,,SHORT;LOWCORR,25
anim_memorymatch_pointbigright_02,v1.1,1.1,2fa8bc4f5012,21,0.66,0,0,0,0,0,0,0,3.24087,22578,0.635185,0.14844,0,0.066,0.982626,-0.251426,0.992782,,,SHORT;LOWCORR,25
anim_memorymatch_pointbigright_fast_01,v1.1,1.1,2fa8bc4f5012,11,0.33,0,0,0,0,0,0,0.1,4,29822.3,0.633108,0.134366,0,0.066,0.977065,-0.524834,0.990302,,,TINY;SHORT;RATE;LOWCORR,39
anim_memorymatch_pointbigright_fast_02,v1.1,1.1,2fa8bc4f5012,11,0.33,0,0,0,0,0,0,0.6,4,70222.6,0.653718,0.134366,0,0.066,0.624073,0.723219,0.990184,,,TINY;SHORT;RATE,44
anim_memorymatch_pointcenter_01,v1.1,1.1,2fa8bc4f5012,19,0.594,0,0,0,0,0,0,0.166667,4,45325.2,0.572761,0.0805116,0,0.066,0.96522,0.966782,,,,SHORT;RATE,16.667
anim_memorymatch_pointcenter_02,v1.1,1.1,2fa8bc4f5012,19,0.594,0,0,0,0,0,0,0.333333,4,64242.5,0.621556,0.0805116,0,0.066,0.85794,-0.250209,,,,SHORT;RATE;LOWCORR,38.333
anim_memorymatch_pointcenter_03,v1.1,1.1,2fa8bc4f5012,21,0.66,0,0,0,0,0,0,0.1,4,59763.2,0.543514,0,0,0,0.85686,0.875174,,,,SHORT;RATE,14
anim_memorymatch_pointcenter_fast_01,v1.1,1.1,2fa8bc4f5012,12,0.363,0,0,0,0,0,0,0.272727,4,60288.5,0.545858,0.0805116,0,0.066,0.938909,0.932084,,,,TINY;SHORT;RATE,30.909
anim_memorymatch_pointcenter_fast_02,v1.1,1.1,2fa8bc4f5012,11,0.33,0,0,0,0,0,0,0.4,4,85556.4,0.509277,0.0805116,0,0.066,0.819338,-0.119414,,12.2836,22.7619,TINY;SHORT;RATE;LOWCORR;DYN,76
anim_memorymatch_pointcenter_fast_03,v1.1,1.1,2fa8bc4f5012,12,0.363,0,0,0,0,0,0,0.363636,4,69728.7,0.423231,0,0,0,0.788944,0.694227,,,,TINY;SHORT;RATE,34.545
anim_memorymatch_pointsmallleft_01,v1.1,1.1,2fa8bc4f5012,21,0.66,0,0,0,0,0,0,0.45,4,57213.9,0.824658,0.151403,0,0.066,0.966031,0.289897,0.996699,,,SHORT;RATE;LOWCORR,43
anim_memorymatch_pointsmallleft_02,v1.1,1.1,2fa8bc4f5012,21,0.66,0,0,0,0,0,0,0.45,4,57213.9,0.824658,0.151403,0,0.066,0.966031,0.289897,0.996699,,,SHORT;RATE;LOWCORR,43
anim_memorymatch_pointsmallleft_fast_01,v1.1,1.1,2fa8bc4f5012,11,0.33,0,0,0,0,0,0,0.5,4,57313,0.708427,0.137192,0,0.066,0.912472,0.912038,0.976305,,,TINY;SHORT;RATE,40
anim_memorymatch_pointsmallleft_fast_02,v1.1,1.1,2fa8bc4f5012,10,0.297,0,0,0,0,0,0,0.444444,4,77446.6,0.57994,0.137192,0,0.066,0.953458,0.747683,0.988951,,,TINY;SHORT;RATE,37.778
anim_memorymatch_pointsmallright_01,v1.1,1.1,2fa8bc4f5012,26,0.825,0,0,0,0,0,0,0.32,4,51505.9,0.799152,0.14844,0,0.066,0.939242,0.229498,0.967853,,,SHORT;RATE;LOWCORR,37.8
anim_memorymatch_pointsmallright_02,v1.1,1.1,2fa8bc4f5012,26,0.825,0,0,0,0,0,0,0.32,4,51628.3,0.799152,0.14844,0,0.066,0.922348,0.229498,0.967853,,,SHORT;RATE;LOWCORR,37.8
anim_memorymatch_pointsmallright_fast_01,v1.1,1.1,2fa8bc4f5012,16,0.495,0,0,0,0,0,0,0.466667,4,74755.2,0.767691,0.140074,0,0.066,0.933531,0.450113,0.980486,,,SHORT;RATE,28.667
anim_memorymatch_pointsmallright_fast_02,v1.1,1.1,2fa8bc4f5012,13,0.396,0,0,0,0,0,0,0.416667,4,71143.6,0.518084,0.132076,0,0.066,0.951256,0.335547,0.988465,,,TINY;SHORT;RATE,36.667
anim_memorymatch_reacttopattern_01,v1.1,1.1,2fa8bc4f5012,12,0.363,0,0,0,0,0,0,0,2.08718,10807.5,0.155323,0.00150621,0,0.00150621,0.993745,-0.572684,,,,TINY;SHORT;LOWCORR,35
anim_memorymatch_reacttopattern_02,v1.1,1.1,2fa8bc4f5012,15,0.462,0,0,0,0,0,0,0,1.23209,4966.84,0.162566,0.0143443,0,0.0143443,0.998636,,,,,SHORT,10
anim_memorymatch_reacttopattern_standard_01,v1.1,1.1,2fa8bc4f5012,99,3.234,0,0,0,0,0,0,0.0306122,4,23473.5,0.515262,0,0,0,0.950721,0.872298,,,,,1.224
anim_memorymatch_reacttopattern_struggle_01,v1.1,1.1,2fa8bc4f5012,130,4.257,0,0,0,0,0,0,0.0232558,4,20590.8,0.950135,0.542032,0,0.066,0.808402,0.981237,0.713582,,,,0.93
anim_memorymatch_reacttopattern_struggle_02,v1.1,1.1,2fa8bc4f5012,211,6.93,0,0,0,0,0,0,0.0142857,4,21023.9,0.679063,0.150907,0,0.066,0.936887,-0.022498,0.725104,,,LOWCORR,15.571
anim_memorymatch_reacttopattern_struggle_03,v1.1,1.1,2fa8bc4f5012,40,1.287,0,0,0,0,0,0,0.230769,4,50190.2,0.752043,0.490697,0,0.066,0.969889,0.654857,0.905734,,,RATE,9.231
anim_memorymatch_solo_failhand_player_01,v1.1,1.1,2fa8bc4f5012,71,2.31,0,0,0,0,0,0,0,3.52778,25185.8,0.43766,0.147196,0,0.066,0.970879,0.319512,,,,,0
anim_memorymatch_solo_failhand_player_02,v1.1,1.1,2fa8bc4f5012,71,2.31,0,0,0,0,0,0,0,3.52778,25185.8,0.43766,0.147196,0,0.066,0.970879,0.319512,,,,,0
anim_memorymatch_solo_failhand_player_03,v1.1,1.1,2fa8bc4f5012,71,2.31,0,0,0,0,0,0,0,3.52778,25185.8,0.43766,0.147196,0,0.066,0.970879,0.319512,,5.40666,19.1606,DYN,25
anim_memorymatch_solo_reacttopattern_01,v1.1,1.1,2fa8bc4f5012,96,3.135,0,0,0,0,0,0,0,3.70434,16461.7,0.372708,0.490883,0,0.066,0.785119,-0.345831,,,,LOWCORR,15
anim_memorymatch_solo_reacttopattern_02,v1.1,1.1,2fa8bc4f5012,22,0.693,0,0,0,0,0,0,0,2.69417,23700.8,0.194558,0,0,0,0.817845,0.0592645,,,,SHORT;LOWCORR,25
anim_memorymatch_solo_reacttopattern_03,v1.1,1.1,2fa8bc4f5012,31,0.99,0,0,0,0,0,0,0,2.08238,11590.1,0.223123,0.459848,0,0.066,0.874611,-0.900265,,,,LOWCORR,15
anim_memorymatch_solo_successgame_player_01,v1.1,1.1,2fa8bc4f5012,47,1.518,0,0,0,0,0,0,0.326087,4,60962.8,1.05668,0.462177,0,0.066,0.974246,0.871987,0.879373,,,RATE,13.043
anim_memorymatch_solo_successgame_player_02,v1.1,1.1,2fa8bc4f5012,43,1.386,0,0,0,0,0,0,0.357143,4,63740.1,1.05672,0.462177,0,0.066,0.973421,0.868257,0.869501,,,RATE,14.286
anim_memorymatch_solo_successgame_player_03,v1.1,1.1,2fa8bc4f5012,43,1.386,0,0,0,0,0,0,0.357143,4,63740.1,1.05672,0.462177,0,0.066,0.973421,0.868257,0.869501,,,RATE,14.286
anim_memorymatch_successhand_cozmo_01,v1.1,1.1,2fa8bc4f5012,34,1.089,0,0,0,0,0,0,0.030303,4,25644.6,0.403406,0.466636,0,0.066,0.96248,-0.113542,,,,LOWCORR,16.212
anim_memorymatch_successhand_cozmo_02,v1.1,1.1,2fa8bc4f5012,51,1.65,0,0,0,0,0,0,0.22,4,31089.7,1.13973,0.466636,0,0.066,0.993169,-0.345209,,,,RATE;LOWCORR,23.8
anim_memorymatch_successhand_cozmo_03,v1.1,1.1,2fa8bc4f5012,94,3.069,0,0,0,0,0,0,0.322581,4,79238.5,1.03914,0.466636,0,0.066,0.694085,0.912774,0.727073,,,RATE,12.903
anim_memorymatch_successhand_cozmo_04,v1.1,1.1,2fa8bc4f5012,189,6.204,0,0,0,0,0,0,0.106383,4,46290.1,1.89002,0.466636,0,0.066,0.774258,0.944026,0.7431,,,RATE,4.255
anim_memorymatch_successhand_player_01,v1.1,1.1,2fa8bc4f5012,69,2.244,0,0,0,0,0,0,0,3.33402,18614.3,0.416308,0,0,0,0.878841,0.53308,,,,,0
anim_memorymatch_successhand_player_02,v1.1,1.1,2fa8bc4f5012,96,3.135,0,0,0,0,0,0,0.0736842,4,25851.9,0.741562,0.653569,0,0.066,0.991779,0.934439,0.982418,,,RATE,2.947
anim_memorymatch_successhand_player_03,v1.1,1.1,2fa8bc4f5012,111,3.63,0,0,0,0,0,0,0.2,4,28981.1,1.04316,0.0805116,0,0.066,0.935446,0.750673,0.914873,,,RATE,8
anim_mm_newidea,v1.1,1.1,2fa8bc4f5012,41,1.32,0,0,0,0,0,0,0,1.07345,4762.81,0.0864025,0.568426,0,0.066,,,,,,,0
anim_mm_thinking,v1.1,1.1,2fa8bc4f5012,11,0.33,0,0,0,0,0,0,0,0,0,0,0,0,0,,,,,,TINY;SHORT;STATIC,70
anim_motiontrack_turnsmall,v1.1,1.1,2fa8bc4f5012,6,0.165,0,0,0,0,0,0,0,0,0,0,0,0,0,,,,,,TINY;SHORT;STATIC,70
anim_neutral_eyes_01,v1.1,1.1,2fa8bc4f5012,1,0,0,0,0,0,0,0,0,0,0,0,0,0,0,,,,,,DEGENERATE;TINY;SHORT;STATIC,170
anim_pause_idle_01,v1.1,1.1,2fa8bc4f5012,171,5.61,0,0,0,0,0,0,0,2.2582,6425.71,0.321156,0.0623174,0,0.0623174,0.98766,,0.99447,2.31025,7.54519,,0
anim_pause_idle_02,v1.1,1.1,2fa8bc4f5012,116,3.795,0,0,0,0,0,0,0,1.42376,4919.49,0.272218,0.0298437,0,0.0270908,0.951329,,,,,,0
anim_pause_idle_03,v1.1,1.1,2fa8bc4f5012,101,3.3,0,0,0,0,0,0,0,2.29416,8462.92,0.274194,0.0179397,0,0.01114,0.970618,,,,,,0
anim_peekaboo_fail_01,v1.1,1.1,2fa8bc4f5012,116,3.795,0,0,0,0,0,0,0.0173913,4,24541.3,0.570992,0.459366,0,0.066,0.996259,0.142055,,,,LOWCORR,15.696
anim_peekaboo_failgetout_01,v1.1,1.1,2fa8bc4f5012,206,6.765,0,0,0,0,0,0,0.0780488,4,17537.5,1.55869,0.55706,0,0.066,0.985047,,0.976233,,,RATE,3.122
anim_peekaboo_getin_01,v1.1,1.1,2fa8bc4f5012,71,2.31,0,0,0,0,0,0,0.0571429,4,23942.6,0.523285,0.0763432,0,0.066,0.977875,-0.0163966,,,,RATE;LOWCORR,17.286
anim_peekaboo_idle_01,v1.1,1.1,2fa8bc4f5012,141,4.62,0,0,0,0,0,0,0,2.57474,4959.1,0.34054,0.0293612,0,0.0225616,0.993918,,,,,,0
anim_peekaboo_idle_02,v1.1,1.1,2fa8bc4f5012,126,4.125,0,0,0,0,0,0,0,1.14643,3599.23,0.243162,0.0447232,0,0.0270908,0.883859,,,,,,0
anim_peekaboo_idle_03,v1.1,1.1,2fa8bc4f5012,151,4.95,0,0,0,0,0,0,0,1.48065,4241.7,0.288818,0.0298437,0,0.0270908,0.953187,,,,,,0
anim_peekaboo_requestonce_01,v1.1,1.1,2fa8bc4f5012,93,3.036,0,0,0.0215054,0,0,0.0215054,0.23913,4,52838.8,1.68237,0.47344,0,0.066,0.947931,0.826125,,,,SAT;RATE,11.716
anim_peekaboo_requestshorts_01,v1.1,1.1,2fa8bc4f5012,53,1.716,0,0,0,0,0,0,0.326923,4,48222.3,1.312,0.372679,0,0.066,0.825767,0.601143,,,,RATE,13.077
anim_peekaboo_requestthrice_01,v1.1,1.1,2fa8bc4f5012,134,4.389,0,0,0,0,0,0,0.406015,4,56378.7,1.55342,0.501904,0,0.066,0.896941,0.778739,0.92072,,,RATE,16.241
anim_peekaboo_requesttwice_01,v1.1,1.1,2fa8bc4f5012,129,4.224,0,0,0,0,0,0,0.265625,4,50391.6,1.88485,0.472739,0,0.066,0.835339,0.778795,0.947697,,,RATE,10.625
anim_peekaboo_success_01,v1.1,1.1,2fa8bc4f5012,73,2.376,0,0,0,0,0,0,0.333333,4,54022.8,1.91794,0.471846,0,0.066,0.985366,-0.131489,0.983457,,,RATE;LOWCORR,28.333
anim_peekaboo_success_02,v1.1,1.1,2fa8bc4f5012,86,2.805,0,0,0,0,0,0,0.494118,4,72082.1,1.53506,0.470289,0,0.066,0.930151,0.843048,0.943726,,,RATE,19.765
anim_peekaboo_success_03,v1.1,1.1,2fa8bc4f5012,101,3.3,0,0,0,0,0,0,0.22,4,41440.5,0.976706,0.533888,0,0.066,0.830087,0.535156,0.988641,,,RATE,8.8
anim_peekaboo_successgetout_01,v1.1,1.1,2fa8bc4f5012,161,5.28,0,0,0,0,0,0,0.1625,4,46673.5,1.28187,0.567549,0,0.066,0.98753,0.554963,0.868846,,,RATE,6.5
anim_petdetection_cat_01,v1.1,1.1,2fa8bc4f5012,264,8.679,0,0,0,0,0,0,0.152091,4,32900.3,1.43094,0.550801,0,0.066,0.973727,0.810729,0.983156,,,RATE,6.084
anim_petdetection_cat_01_head_angle_-20,v1.1,1.1,2fa8bc4f5012,264,8.679,0,0,0.0189394,0,0,0.0189394,0.18251,4,30579.2,1.52004,0.550801,0,0.066,0.927075,0.736692,0.983156,8.89715,34.4508,SAT;RATE;DYN,34.194
anim_petdetection_cat_01_head_angle_20,v1.1,1.1,2fa8bc4f5012,264,8.679,0,0,0,0,0,0,0.114068,4,25754.6,1.32096,0.550801,0,0.066,0.985032,0.967104,0.983156,,,RATE,4.563
anim_petdetection_cat_01_head_angle_40,v1.1,1.1,2fa8bc4f5012,264,8.679,0,0,0,0,0,0,0.114068,4,25751.5,1.32096,0.550801,0,0.066,0.986303,0.967104,0.983156,,,RATE,4.563
anim_petdetection_cat_02_head_angle_-20,v1.1,1.1,2fa8bc4f5012,321,10.56,0,0,0,0,0,0,0.1125,4,34742.8,1.05646,0.610668,0,0.066,0.977828,-0.145456,0.66823,,,RATE;LOWCORR,19.5
anim_petdetection_cat_02_head_angle_20,v1.1,1.1,2fa8bc4f5012,321,10.56,0,0,0,0,0,0,0.121875,4,33743.1,1.11542,0.610668,0,0.066,0.984497,0.113791,0.66823,,,RATE;LOWCORR,19.875
anim_petdetection_cat_02_head_angle_40,v1.1,1.1,2fa8bc4f5012,321,10.56,0,0,0,0,0,0,0.121875,4,33882.9,1.11542,0.610668,0,0.066,0.984047,0.183178,0.66823,,,RATE;LOWCORR,19.875
anim_petdetection_dog_01,v1.1,1.1,2fa8bc4f5012,178,5.841,0,0,0,0,0,0,0.0508475,4,29486.6,1.21014,0.547147,0,0.066,0.954729,0.590764,,,,RATE,2.034
anim_petdetection_dog_01_head_angle_-20,v1.1,1.1,2fa8bc4f5012,178,5.841,0,0,0.00561798,0,0,0.00561798,0.101695,4,33650.5,1.48124,0.547147,0,0.066,0.959101,0.469644,,,,RATE,4.63
anim_petdetection_dog_01_head_angle_20,v1.1,1.1,2fa8bc4f5012,178,5.841,0,0,0,0,0,0,0.0677966,4,28359.3,1.15438,0.547147,0,0.066,0.957795,0.900517,,,,RATE,2.712
anim_petdetection_dog_01_head_angle_40,v1.1,1.1,2fa8bc4f5012,178,5.841,0,0,0,0,0,0,0.0677966,4,28359.3,1.15438,0.547147,0,0.066,0.957795,0.900517,,,,RATE,2.712
anim_petdetection_dog_02_head_angle_-20,v1.1,1.1,2fa8bc4f5012,401,13.2,0,0,0,0,0,0,0.175,4,37206.5,2.04993,0.550801,0,0.066,0.933022,0.5823,0.957736,,,RATE,7
anim_petdetection_dog_02_head_angle_20,v1.1,1.1,2fa8bc4f5012,401,13.2,0,0,0,0,0,0,0.11,4,33759.8,2.04993,0.550801,0,0.066,0.954553,0.6519,0.957736,,,RATE,4.4
anim_petdetection_dog_02_head_angle_40,v1.1,1.1,2fa8bc4f5012,401,13.2,0,0,0,0,0,0,0.1,4,33675,2.04993,0.550801,0,0.066,0.955534,0.6519,0.957736,,,RATE,4
anim_petdetection_dog_03,v1.1,1.1,2fa8bc4f5012,257,8.448,0,0,0,0,0,0,0.132812,4,41039.5,1.03188,0.610668,0,0.066,0.967463,0.150595,0.866194,,,RATE;LOWCORR,20.312
anim_petdetection_dog_03_head_angle_-20,v1.1,1.1,2fa8bc4f5012,257,8.448,0,0,0,0,0,0,0.152344,4,37019.8,1.03188,0.610668,0,0.066,0.964711,-0.0734057,0.866194,,,RATE;LOWCORR,21.094
anim_petdetection_dog_03_head_angle_20,v1.1,1.1,2fa8bc4f5012,257,8.448,0,0,0,0,0,0,0.132812,4,34144.7,1.03188,0.610668,0,0.066,0.981655,0.26729,0.866194,,,RATE;LOWCORR,20.312
anim_petdetection_dog_03_head_angle_40,v1.1,1.1,2fa8bc4f5012,257,8.448,0,0,0,0,0,0,0.117188,4,34013.2,1.03188,0.610668,0,0.066,0.98239,0.26729,0.866194,,,RATE;LOWCORR,19.688
anim_petdetection_misc_01_head_angle_-20,v1.1,1.1,2fa8bc4f5012,311,10.23,0,0,0,0,0,0,0.109677,4,40433.4,1.35432,0.410199,0,0.066,0.966484,0.528456,0.986333,,,RATE,4.387
anim_petdetection_misc_01_head_angle_20,v1.1,1.1,2fa8bc4f5012,311,10.23,0,0,0,0,0,0,0.0806452,4,36025.2,1.35432,0.410199,0,0.066,0.980755,0.814334,0.986333,5.87327,29.3771,RATE;DYN,28.226
anim_petdetection_misc_01_head_angle_40,v1.1,1.1,2fa8bc4f5012,311,10.23,0,0,0,0,0,0,0.0709677,4,35885.7,1.35432,0.410199,0,0.066,0.981028,0.814334,0.986333,,,RATE,2.839
anim_petdetection_shortreaction_01,v1.1,1.1,2fa8bc4f5012,77,2.508,0,0,0,0,0,0,0.105263,4,28382.8,0.796632,0.407011,0,0.066,0.983045,0.844061,,,,RATE,4.211
anim_petdetection_shortreaction_01_head_angle_-20,v1.1,1.1,2fa8bc4f5012,77,2.508,0,0,0,0,0,0,0.171053,4,39617.5,0.827168,0.407011,0,0.066,0.959068,0.499387,,,,RATE,6.842
anim_petdetection_shortreaction_01_head_angle_20,v1.1,1.1,2fa8bc4f5012,77,2.508,0,0,0,0,0,0,0.105263,4,30411.7,0.873916,0.407011,0,0.066,0.979136,0.891522,,,,RATE,4.211
anim_petdetection_shortreaction_01_head_angle_40,v1.1,1.1,2fa8bc4f5012,77,2.508,0,0,0,0,0,0,0.105263,4,30411.7,0.873916,0.407011,0,0.066,0.979136,0.891522,,,,RATE,4.211
anim_petdetection_shortreaction_02_head_angle_-20,v1.1,1.1,2fa8bc4f5012,77,2.508,0,0,0,0,0,0,0.171053,4,40127,0.840291,0.407011,0,0.066,0.959527,0.495862,,,,RATE,6.842
anim_petdetection_shortreaction_02_head_angle_20,v1.1,1.1,2fa8bc4f5012,77,2.508,0,0,0,0,0,0,0.105263,4,29666.3,0.867564,0.407011,0,0.066,0.977332,0.888738,,,,RATE,4.211
anim_petdetection_shortreaction_02_head_angle_40,v1.1,1.1,2fa8bc4f5012,77,2.508,0,0,0,0,0,0,0.105263,4,29666.3,0.867564,0.407011,0,0.066,0.977332,0.888738,,,,RATE,4.211
anim_play_driving_end_01,v1.1,1.1,2fa8bc4f5012,23,0.726,0,0,0,0,0,0,0,1.69367,9098.1,0.220954,0.219565,0,0.066,0.993016,,,,,SHORT,10
anim_play_driving_loop_01,v1.1,1.1,2fa8bc4f5012,56,1.815,0,0,0,0,0,0,0,1.71708,6240.4,0.184753,0.0422456,0,0.0342317,0.996642,,,,,,0
anim_play_driving_loop_02,v1.1,1.1,2fa8bc4f5012,62,2.013,0,0,0,0,0,0,0,1.37366,4700.78,0.147802,0.0180492,0,0.0152696,0.996876,,,,,,0
anim_play_driving_loop_03,v1.1,1.1,2fa8bc4f5012,74,2.409,0,0,0,0,0,0,0,2.13435,7426.17,0.256873,0,0,0,0.982794,,,,,,0
anim_play_driving_start_01,v1.1,1.1,2fa8bc4f5012,41,1.32,0,0,0,0,0,0,0,1.71707,6995.68,0.184805,0.214948,0,0.066,0.99715,,,,,,0
anim_play_getin_01,v1.1,1.1,2fa8bc4f5012,186,6.105,0,0,0,0,0,0,0.0432432,4,29426.1,0.920419,0.544156,0,0.066,0.988883,0.792309,0.998457,,,,1.73
anim_play_getout_01,v1.1,1.1,2fa8bc4f5012,59,1.914,0,0,0,0,0,0,0.0517241,4,17830.6,0.563454,0.476805,0,0.066,0.959287,0.00696583,0.914797,,,RATE;LOWCORR,17.069
anim_play_idle_01,v1.1,1.1,2fa8bc4f5012,73,2.376,0,0,0,0,0,0,0,1.8919,12468.4,0.219335,0.0359721,0,0.0266441,0.995458,0.317403,,,,,0
anim_play_idle_02,v1.1,1.1,2fa8bc4f5012,60,1.947,0,0,0,0,0,0,0.0169492,4,27073.4,0.389102,0.0202345,0,0.0202345,0.986655,0.481714,,,,,0.678
anim_play_idle_03,v1.1,1.1,2fa8bc4f5012,56,1.815,0,0,0,0,0,0,0,3.67298,17906.2,0.337831,0.0323358,0,0.0323358,0.834334,0.384018,,3.34667,13.0331,DYN,25
anim_play_requestplay_level1_01,v1.1,1.1,2fa8bc4f5012,135,4.422,0,0,0,0,0,0,0.0970149,4,41981,0.844273,0.522199,0,0.066,0.975849,0.612633,0.857855,,,RATE,3.881
anim_play_requestplay_level1_02,v1.1,1.1,2fa8bc4f5012,141,4.62,0,0,0,0,0,0,0.121429,4,29285.7,1.08889,0.565081,0,0.066,0.970887,0.659796,0.809447,,,RATE,4.857
anim_play_requestplay_level2_01,v1.1,1.1,2fa8bc4f5012,171,5.61,0,0,0,0,0,0,0.0529412,4,38007.3,0.845583,0.501433,0,0.066,0.989836,0.547688,0.972473,,,RATE,2.118
anim_play_requestplay_level2_02,v1.1,1.1,2fa8bc4f5012,87,2.838,0,0,0,0,0,0,0.116279,4,31798.3,1.13097,0.540954,0,0.066,0.980671,0.968347,0.944733,,,RATE,4.651
anim_poked_01,v1.1,1.1,2fa8bc4f5012,32,1.023,0,0,0,0,0,0,0,2.55886,11139.6,0.230096,0.46783,0,0.066,,,,,,,0
anim_poked_02,v1.1,1.1,2fa8bc4f5012,62,2.013,0,0,0,0,0,0,0,3.03892,26037.8,0.489481,0.68408,0,0.066,,0.988696,,,,,0
anim_poked_giggle,v1.1,1.1,2fa8bc4f5012,28,0.891,0,0,0.107143,0,0,0.107143,0.111111,4,33737,0.820565,0.458316,0,0.066,0.535389,,,,,SHORT;SAT;RATE,25.159
anim_pokedreaction_01,v1.1,1.1,2fa8bc4f5012,23,0.726,0,0,0,0,0,0,0.0909091,4,25384,0.445876,0.432533,0,0.066,0.956585,,,,,SHORT;RATE,13.636
anim_pounce_01,v1.1,1.1,2fa8bc4f5012,20,0.627,0,0,0,0,0,0,0.157895,4,54474.8,0.508131,0.466879,0,0.066,0.900633,0.354036,,,,SHORT;RATE,16.316
anim_pounce_02,v1.1,1.1,2fa8bc4f5012,76,2.475,0,0,0,0,0,0,0.266667,4,52175.8,0.869692,0.581889,0,0.066,0.858832,0.508751,,,,RATE,10.667
anim_pounce_03,v1.1,1.1,2fa8bc4f5012,117,3.828,0,0,0,0,0,0,0.137931,4,39108.1,1.32786,0.0534,0,0.0296033,0.833144,0.39738,,,,RATE,5.517
anim_pounce_04,v1.1,1.1,2fa8bc4f5012,66,2.145,0,0,0,0,0,0,0.307692,4,62986.8,0.957537,0.449941,0,0.066,0.821702,0.527357,0.992325,,,RATE,12.308
anim_pounce_drive_01,v1.1,1.1,2fa8bc4f5012,36,1.155,0,0,0,0,0,0,0,0.995326,2799.43,0.0568017,0.00561547,0,0.00561547,,,,,,,0
anim_pounce_drive_02,v1.1,1.1,2fa8bc4f5012,46,1.485,0,0,0,0,0,0,0,1.98467,6456.7,0.118052,0.501218,0,0.066,,,,,,,0
anim_pounce_drive_03,v1.1,1.1,2fa8bc4f5012,31,0.99,0,0,0,0,0,0,0,0.302421,1259.73,0.0214708,0.0225918,0,0.0134589,,,,,,STATIC,50
anim_pounce_fail_01,v1.1,1.1,2fa8bc4f5012,101,3.3,0,0,0,0,0,0,0.08,4,23175.2,1.14316,0.571031,0,0.066,0.889612,0.83064,0.994381,,,RATE,3.2
anim_pounce_fail_02,v1.1,1.1,2fa8bc4f5012,89,2.904,0,0,0,0,0,0,0.113636,4,31304.3,0.783496,0.665271,0,0.066,0.979422,0.806973,,,,RATE,4.545
anim_pounce_fail_03,v1.1,1.1,2fa8bc4f5012,124,4.059,0,0,0,0,0,0,0.170732,4,47688.7,1.2767,0.44894,0,0.066,0.942515,0.509707,0.932948,6.46083,18.4072,RATE;DYN,31.829
anim_pounce_fail_04,v1.1,1.1,2fa8bc4f5012,99,3.234,0,0,0.050505,0,0,0.050505,0.102041,4,52056.3,1.05771,0.451673,0,0.066,0.931486,0.668728,0.944009,,,SAT;RATE,9.132
anim_pounce_long_01,v1.1,1.1,2fa8bc4f5012,25,0.792,0,0,0,0,0,0,0.375,4,64405.7,0.914585,0.466879,0,0.066,0.977939,0.81807,,,,SHORT;RATE,25
anim_pounce_lookgetout_01,v1.1,1.1,2fa8bc4f5012,16,0.495,0,0,0,0,0,0,0.0666667,4,32452.1,0.603572,0.077199,0,0.066,0.909533,,,,,SHORT;RATE,12.667
anim_pounce_lookloop_01,v1.1,1.1,2fa8bc4f5012,36,1.155,0,0,0,0,0,0,0,0.995326,2799.44,0.0568017,0.00561547,0,0.00561547,,,,,,,0
anim_pounce_lookloop_02,v1.1,1.1,2fa8bc4f5012,46,1.485,0,0,0,0,0,0,0,1.98467,6456.7,0.118052,0.501218,0,0.066,,,,,,,0
anim_pounce_lookloop_03,v1.1,1.1,2fa8bc4f5012,31,0.99,0,0,0,0,0,0,0,0.302421,1259.73,0.0214708,0.0225918,0,0.0134589,,,,,,STATIC,50
anim_pounce_reacttoobj_01_shorter,v1.1,1.1,2fa8bc4f5012,53,1.716,0,0,0,0,0,0,0,3.74401,17725.7,0.473587,0.542749,0,0.066,0.915871,0.980103,,,,,0
anim_pounce_success_01,v1.1,1.1,2fa8bc4f5012,54,1.749,0,0,0,0,0,0,0.207547,4,45456.2,1.0774,0.466636,0,0.066,0.961769,0.214578,,,,RATE;LOWCORR,23.302
anim_pounce_success_02,v1.1,1.1,2fa8bc4f5012,54,1.749,0,0,0,0,0,0,0.320755,4,47091.7,1.63962,0.466636,0,0.066,0.956118,0.242196,0.974228,,,RATE;LOWCORR,27.83
anim_pounce_success_03,v1.1,1.1,2fa8bc4f5012,73,2.376,0,0,0,0,0,0,0.444444,4,69031.1,0.902275,0.546446,0,0.066,0.962694,0.934668,0.929731,,,RATE,17.778
anim_pounce_success_04,v1.1,1.1,2fa8bc4f5012,85,2.772,0,0,0,0,0,0,0.333333,4,58073,1.10214,0.273453,0,0.066,0.891055,0.884841,0.817146,,,RATE,13.333
anim_pyramid_lookinplaceforfaces_long_head_angle_-20,v1.1,1.1,2fa8bc4f5012,61,1.98,0,0,0,0,0,0,0,1.67322,6491,0.246401,0.0270908,0,0.0270908,0.978091,,,,,,0
anim_pyramid_lookinplaceforfaces_long_head_angle_20,v1.1,1.1,2fa8bc4f5012,61,1.98,0,0,0,0,0,0,0,1.31294,4407.14,0.216274,0.0270908,0,0.0270908,0.961621,,,,,,0
anim_pyramid_lookinplaceforfaces_long_head_angle_40,v1.1,1.1,2fa8bc4f5012,61,1.98,0,0,0,0,0,0,0,1.31294,4475.82,0.198827,0.0270908,0,0.0270908,0.946248,,,,,,0
anim_pyramid_lookinplaceforfaces_medium,v1.1,1.1,2fa8bc4f5012,31,0.99,0,0,0,0,0,0,0,1.4221,12765.6,0.135866,0.024576,0,0.024576,0.980765,,,,,,0
anim_pyramid_lookinplaceforfaces_medium_head_angle_-20,v1.1,1.1,2fa8bc4f5012,31,0.99,0,0,0,0,0,0,0,2.70184,16392.3,0.330383,0.024576,0,0.024576,0.985918,,,,,,0
anim_pyramid_lookinplaceforfaces_medium_head_angle_20,v1.1,1.1,2fa8bc4f5012,31,0.99,0,0,0,0,0,0,0,1.38365,9144.31,0.202631,0.024576,0,0.024576,0.978146,,,,,,0
anim_pyramid_lookinplaceforfaces_medium_head_angle_40,v1.1,1.1,2fa8bc4f5012,31,0.99,0,0,0,0,0,0,0,1.38465,9115.41,0.187702,0.024576,0,0.024576,0.977239,,,2.20767,3.4696,,0
anim_pyramid_lookinplaceforfaces_short_head_angle_-20,v1.1,1.1,2fa8bc4f5012,11,0.33,0,0,0,0,0,0,0,0.458497,4815.97,0.0332966,0,0,0,,,,,,TINY;SHORT;STATIC,70
anim_pyramid_lookinplaceforfaces_short_head_angle_20,v1.1,1.1,2fa8bc4f5012,11,0.33,0,0,0,0,0,0,0,0.458497,4815.97,0.0332966,0,0,0,,,,,,TINY;SHORT;STATIC,70
anim_pyramid_lookinplaceforfaces_short_head_angle_40,v1.1,1.1,2fa8bc4f5012,11,0.33,0,0,0,0,0,0,0,0.458497,4815.96,0.0332965,0,0,0,,,,,,TINY;SHORT;STATIC,70
anim_pyramid_reacttocube_frustrated_high_01,v1.1,1.1,2fa8bc4f5012,175,5.742,0,0,0,0,0,0,0.0804598,4,31504.6,0.969628,0.436254,0,0.066,0.938118,0.118462,0.998553,,,RATE;LOWCORR,18.218
anim_pyramid_reacttocube_frustrated_low_01,v1.1,1.1,2fa8bc4f5012,47,1.518,0,0,0,0,0,0,0,3.64169,23259.5,0.471289,0.146935,0,0.066,0.960381,0.608821,,,,,0
anim_pyramid_reacttocube_frustrated_mid_01,v1.1,1.1,2fa8bc4f5012,171,5.61,0,0,0,0,0,0,0.0823529,4,43169.8,1.34193,0.436254,0,0.066,0.917095,0.142088,0.950826,,,RATE;LOWCORR,18.294
anim_pyramid_reacttocube_happy_high_02,v1.1,1.1,2fa8bc4f5012,41,1.32,0,0,0,0,0,0,0,2.48748,37657.3,0.26674,0,0,0,0.876685,0.369483,,,,,0
anim_pyramid_reacttocube_happy_mid_01,v1.1,1.1,2fa8bc4f5012,38,1.221,0,0,0,0,0,0,0.135135,4,46334.5,0.452777,0.0538888,0,0.0375032,0.730563,0.159909,,,,RATE;LOWCORR,20.405
anim_pyramid_success_01,v1.1,1.1,2fa8bc4f5012,111,3.63,0,0,0,0,0,0,0.181818,4,38706.9,1.25711,0.0805116,0,0.066,0.792461,0.972564,0.924185,,,RATE,7.273
anim_pyramid_thankyou_01_head_angle_20,v1.1,1.1,2fa8bc4f5012,27,0.858,0,0,0,0,0,0,0,2.30765,18256.7,0.21368,0,0,0,0.953457,0.67744,,,,SHORT,10
anim_react2block_02,v1.1,1.1,2fa8bc4f5012,48,1.551,0,0,0,0,0,0,0,0.765098,3765.98,0.143995,0.244184,0,0.066,0.880777,,,,,,0
anim_reacttoblock_admirecubetower_01,v1.1,1.1,2fa8bc4f5012,135,4.422,0,0,0,0,0,0,0,3.70763,11162.5,0.640192,0.466636,0,0.066,0.888744,0.842799,,,,,0
anim_reacttoblock_ask_01_0,v1.1,1.1,2fa8bc4f5012,77,2.508,0,0,0,0,0,0,0.355263,4,55502.5,1.73852,0.616409,0,0.066,0.843844,0.817365,,,,RATE,14.211
anim_reacttoblock_ask_01_head_angle_-20,v1.1,1.1,2fa8bc4f5012,81,2.64,0,0,0.0617284,0,0,0.0617284,0.2625,4,50793.3,1.64223,0.616409,0,0.066,0.850544,0.88714,,,,SAT;RATE,16.673
anim_reacttoblock_ask_01_head_angle_20,v1.1,1.1,2fa8bc4f5012,77,2.508,0,0,0,0,0,0,0.0921053,4,52112.5,1.03209,0.616409,0,0.066,0.928646,0.944031,,,,RATE,3.684
anim_reacttoblock_ask_01_head_angle_40,v1.1,1.1,2fa8bc4f5012,77,2.508,0,0,0,0,0,0,0.0921053,4,49999.5,0.889207,0.616409,0,0.066,0.956415,0.965485,,,,RATE,3.684
anim_reacttoblock_audioblockcrash,v1.1,1.1,2fa8bc4f5012,2,0.033,0,0,0,0,0,0,0,0,0,0,0,0,0,,,,,,TINY;SHORT;STATIC,70
anim_reacttoblock_focusedeyes_01,v1.1,1.1,2fa8bc4f5012,26,0.825,0,0,0,0,0,0,0,2.18002,11830.8,0.215749,0.436254,0,0.066,0.971114,,,2.34947,4.79807,SHORT,10
anim_reacttoblock_frustrated_01,v1.1,1.1,2fa8bc4f5012,23,0.726,0,0,0,0,0,0,0,2.57511,25702.5,0.197734,0.268982,0,0.066,0.851756,0.865501,,,,SHORT,10
anim_reacttoblock_frustrated_int1_01,v1.1,1.1,2fa8bc4f5012,23,0.726,0,0,0,0,0,0,0,2.57511,25702.5,0.197734,0.268982,0,0.066,0.851756,0.865501,,,,SHORT,10
anim_reacttoblock_frustrated_int2_01,v1.1,1.1,2fa8bc4f5012,23,0.726,0,0,0,0,0,0,0,2.57511,25702.5,0.197734,0.268982,0,0.066,0.851756,0.865501,,,,SHORT,10
anim_reacttoblock_happydetermined_01,v1.1,1.1,2fa8bc4f5012,36,1.155,0,0,0,0,0,0,0,3.63524,32571.6,0.269528,0.466636,0,0.066,0.926395,-0.0705171,,,,LOWCORR,15
anim_reacttoblock_happydetermined_02,v1.1,1.1,2fa8bc4f5012,36,1.155,0,0,0,0,0,0,0,3.3461,25036.9,0.297091,0.466636,0,0.066,0.929462,,,,,,0
anim_reacttoblock_lifteffortpickup_01,v1.1,1.1,2fa8bc4f5012,31,0.99,0,0,0,0,0,0,0,2.19211,12814.4,0.226465,0.46185,0,0.066,,,,,,,0
anim_reacttoblock_lifteffortplacehigh_01,v1.1,1.1,2fa8bc4f5012,21,0.66,0,0,0,0,0,0,0,1.03098,5532.4,0.125405,0.462,0,0.066,,,,,,SHORT,10
anim_reacttoblock_lifteffortplacelow_01,v1.1,1.1,2fa8bc4f5012,23,0.726,0,0,0,0,0,0,0,1.97051,11162,0.203916,0,0,0,,,,,,SHORT,10
anim_reacttoblock_lifteffortroll_01,v1.1,1.1,2fa8bc4f5012,25,0.792,0,0,0,0,0,0,0,1.93378,7526.83,0.220788,0.562546,0,0.066,,,,,,SHORT,10
anim_reacttoblock_placeblock_01,v1.1,1.1,2fa8bc4f5012,170,5.577,0,0,0,0,0,0,0.0532544,4,20224.8,0.998915,0.512155,0,0.066,0.980332,0.0676721,0.845548,,,RATE;LOWCORR,17.13
anim_reacttoblock_putdown2nd_01,v1.1,1.1,2fa8bc4f5012,47,1.518,0,0,0,0,0,0,0.304348,4,38904,1.06241,0.5436,0,0.066,0.715671,0.990662,0.998884,,,RATE,12.174
anim_reacttoblock_react_01,v1.1,1.1,2fa8bc4f5012,99,3.234,0,0,0,0,0,0,0.0306122,4,22889.4,0.661826,0,0,0,0.950671,0.875779,,,,,1.224
anim_reacttoblock_react_01_0,v1.1,1.1,2fa8bc4f5012,99,3.234,0,0,0,0,0,0,0.0306122,4,22092.5,0.670954,0,0,0,0.976436,0.863348,,,,,1.224
anim_reacttoblock_react_01_head_angle_-20,v1.1,1.1,2fa8bc4f5012,99,3.234,0,0,0.040404,0,0,0.040404,0.0408163,4,16962.2,0.978419,0,0,0,0.97829,0.950358,,,,SAT,5.673
anim_reacttoblock_react_01_head_angle_20,v1.1,1.1,2fa8bc4f5012,99,3.234,0,0,0,0,0,0,0,3.5266,17968.5,0.389006,0,0,0,0.981303,0.994209,,,,,0
anim_reacttoblock_react_01_head_angle_40,v1.1,1.1,2fa8bc4f5012,99,3.234,0,0,0,0,0,0,0.0816327,4,30946.9,0.982051,0,0,0,0.98246,0.896993,,,,RATE,3.265
anim_reacttoblock_react_short_01_head_angle_-20,v1.1,1.1,2fa8bc4f5012,35,1.122,0,0,0,0,0,0,0,3.89265,21635.8,0.338434,0,0,0,0.890889,0.942047,,,,,0
anim_reacttoblock_react_short_01_head_angle_20,v1.1,1.1,2fa8bc4f5012,35,1.122,0,0,0,0,0,0,0.0882353,4,20534.4,0.690503,0,0,0,0.949154,0.989956,,3.02481,9.5358,RATE;DYN,28.529
anim_reacttoblock_react_short_01_head_angle_40,v1.1,1.1,2fa8bc4f5012,35,1.122,0,0,0,0,0,0,0.0882353,4,20534.4,0.690503,0,0,0,0.949154,0.989956,,,,RATE,3.529
anim_reacttoblock_react_short_02_head_angle_-20,v1.1,1.1,2fa8bc4f5012,35,1.122,0,0,0,0,0,0,0.0588235,4,14536.1,0.62014,0.0138603,0,0.00894976,0.997903,,,,,RATE,2.353
anim_reacttoblock_react_short_02_head_angle_20,v1.1,1.1,2fa8bc4f5012,35,1.122,0,0,0,0,0,0,0,2.07925,5682.09,0.268632,0.0138603,0,0.00894976,0.999107,,,,,,0
anim_reacttoblock_react_short_02_head_angle_40,v1.1,1.1,2fa8bc4f5012,35,1.122,0,0,0,0,0,0,0,0.546766,1875.16,0.111982,0.0138603,0,0.00894976,0.998892,,,,,,0
anim_reacttoblock_reacttotopple_01,v1.1,1.1,2fa8bc4f5012,87,2.838,0,0,0,0,0,0,0.209302,4,52491.3,1.065,0.466636,0,0.066,0.215666,0.971314,0.799808,,,RATE;LOWCORR,23.372
anim_reacttoblock_stuckonblock_01,v1.1,1.1,2fa8bc4f5012,149,4.884,0,0,0,0,0,0,0.222973,4,31338.4,1.65504,0.178808,0,0.066,0.937751,0.632706,0.990923,,,RATE,8.919
anim_reacttoblock_success_01,v1.1,1.1,2fa8bc4f5012,35,1.122,0,0,0,0,0,0,0.205882,4,38601.5,0.764257,0.547147,0,0.066,0.888534,0.690869,,,,RATE,8.235
anim_reacttoblock_success_01_0,v1.1,1.1,2fa8bc4f5012,35,1.122,0,0,0,0,0,0,0.147059,4,35794.3,0.793536,0.547147,0,0.066,0.390013,-0.482873,,,,RATE;LOWCORR,20.882
anim_reacttoblock_success_01_head_angle_-20,v1.1,1.1,2fa8bc4f5012,35,1.122,0,0,0,0,0,0,0.235294,4,28107.4,1.40239,0.547147,0,0.066,0.872059,0.700794,,,,RATE,9.412
anim_reacttoblock_success_01_head_angle_20,v1.1,1.1,2fa8bc4f5012,38,1.221,0,0,0,0,0,0,0.135135,4,43921.7,1.07729,0.547147,0,0.066,0.883119,0.426545,,,,RATE,5.405
anim_reacttoblock_success_01_head_angle_40,v1.1,1.1,2fa8bc4f5012,35,1.122,0,0,0,0,0,0,0.147059,4,32561.4,0.774814,0.547147,0,0.066,0.751555,0.929195,,,,RATE,5.882
anim_reacttoblock_triestoreach_01,v1.1,1.1,2fa8bc4f5012,121,3.96,0,0,0,0,0,0,0.141667,4,40216,1.47385,0.555097,0,0.066,0.969222,0.949039,,,,RATE,5.667
anim_reacttocliff_edge_01,v1.1,1.1,2fa8bc4f5012,41,1.32,0,0,0,0,0,0,0.15,4,39544.6,0.695239,0.0805116,0,0.0537646,0.980455,0.187214,0.960998,,,RATE;LOWCORR,21
anim_reacttocliff_edgeliftup_01,v1.1,1.1,2fa8bc4f5012,213,6.996,0,0,0,0,0,0,0.0613208,4,26864.5,1.49259,0.0805116,0,0.066,0.902947,0.545134,,,,RATE,2.453
anim_reacttocliff_faceplantroll_01,v1.1,1.1,2fa8bc4f5012,131,4.29,0,0,0,0,0,0,0.115385,4,30185.3,1.43545,0.491433,0,0.066,0.550473,0.925227,,,,RATE,4.615
anim_reacttocliff_faceplantroll_02,v1.1,1.1,2fa8bc4f5012,70,2.277,0,0,0,0,0,0,0.144928,4,47022.1,1.16378,0.314353,0,0.066,0.779445,0.880078,,,,RATE,5.797
anim_reacttocliff_faceplantroll_armup_01,v1.1,1.1,2fa8bc4f5012,61,1.98,0,0,0,0,0,0,0.183333,4,43245.7,1.19258,0,0,0,0.750196,0.804891,,,,RATE,7.333
anim_reacttocliff_faceplantroll_armup_02,v1.1,1.1,2fa8bc4f5012,101,3.3,0,0,0,0,0,0,0.22,4,40098.2,1.31998,0.474637,0,0.066,0.365,0.929905,0.996972,6.39952,19.5506,RATE;DYN,33.8
anim_reacttocliff_huh_01,v1.1,1.1,2fa8bc4f5012,15,0.462,0,0,0,0,0,0,0.357143,4,43575.4,0.886582,0.0805116,0,0.066,0.870284,0.0182167,,,,SHORT;RATE;LOWCORR,39.286
anim_reacttocliff_pickup_01,v1.1,1.1,2fa8bc4f5012,80,2.607,0,0,0,0,0,0,0.113924,4,40009.3,0.782761,0.391036,0,0.066,0.981831,0.286596,,,,RATE;LOWCORR,19.557
anim_reacttocliff_pickup_02,v1.1,1.1,2fa8bc4f5012,80,2.607,0,0,0,0,0,0,0.113924,4,34652.5,0.675989,0.410852,0,0.066,0.98467,0.265707,,,,RATE;LOWCORR,19.557
anim_reacttocliff_pickup_03,v1.1,1.1,2fa8bc4f5012,100,3.267,0,0,0,0,0,0,0.040404,4,38625,0.82399,0.434238,0,0.066,0.905683,0.67774,0.945793,,,,1.616
anim_reacttocliff_pickup_04,v1.1,1.1,2fa8bc4f5012,51,1.65,0,0,0,0,0,0,0.16,4,30236.2,1.02742,0.466636,0,0.066,0.993328,-0.360915,,,,RATE;LOWCORR,21.4
anim_reacttocliff_pickup_05,v1.1,1.1,2fa8bc4f5012,81,2.64,0,0,0,0,0,0,0.075,4,21119.3,0.729183,0.653569,0,0.066,0.991809,0.905615,,,,RATE,3
anim_reacttocliff_pickup_06,v1.1,1.1,2fa8bc4f5012,91,2.97,0,0,0,0,0,0,0.0444444,4,20819.3,0.759532,0.585235,0,0.066,0.989253,0.361444,,,,,1.778
anim_reacttocliff_stuckleftside_01,v1.1,1.1,2fa8bc4f5012,110,3.597,0,0,0,0,0,0,0.477064,4,91140.1,1.24694,0.453018,0,0.066,0.121685,0.719462,0.773656,,,RATE;LOWCORR,34.083
anim_reacttocliff_stuckleftside_02,v1.1,1.1,2fa8bc4f5012,121,3.96,0,0,0,0,0,0,0.233333,4,79485.3,1.30975,0.0525139,0,0.0518761,0.53375,0.625363,,,,RATE,9.333
anim_reacttocliff_stuckleftside_03,v1.1,1.1,2fa8bc4f5012,114,3.729,0,0,0,0,0,0,0.115044,4,24841.2,1.09331,0.520528,0,0.066,0.653068,0.824057,,,,RATE,4.602
anim_reacttocliff_stuckrightside_01,v1.1,1.1,2fa8bc4f5012,161,5.28,0,0,0,0,0,0,0.2375,4,53857.7,1.4972,0.393449,0,0.066,0.191781,0.908541,,,,RATE;LOWCORR,24.5
anim_reacttocliff_stuckrightside_02,v1.1,1.1,2fa8bc4f5012,126,4.125,0,0,0,0,0,0,0.08,4,45340.3,1.25992,0.457555,0,0.066,0.973005,0.917605,0.874041,,,RATE,3.2
anim_reacttocliff_stuckrightside_03,v1.1,1.1,2fa8bc4f5012,162,5.313,0,0,0,0,0,0,0.167702,4,57951.2,1.5266,0.606476,0,0.066,0.875926,0.74636,0.973736,,,RATE,6.708
anim_reacttocliff_turtleroll_01,v1.1,1.1,2fa8bc4f5012,201,6.6,0,0,0.0149254,0,0,0.0149254,0.225,4,49576.7,1.191,0.348801,0,0.066,0.952921,0.265148,0.992704,,,SAT;RATE;LOWCORR,25.493
anim_reacttocliff_turtleroll_02,v1.1,1.1,2fa8bc4f5012,201,6.6,0,0,0.0149254,0,0,0.0149254,0.275,4,55239.2,1.26578,0.348801,0,0.066,0.957601,0.194826,0.874363,,,SAT;RATE;LOWCORR,27.493
anim_reacttocliff_turtleroll_03,v1.1,1.1,2fa8bc4f5012,90,2.937,0,0,0.0333333,0,0,0.0333333,0.202247,4,42786,1.25828,0.0643151,0,0.0643151,0.956535,0.949379,,,,SAT;RATE,11.423
anim_reacttocliff_turtleroll_04,v1.1,1.1,2fa8bc4f5012,381,12.54,0,0,0.00262467,0,0,0.00262467,0.210526,4,43383.5,1.55394,0.485472,0,0.066,0.92539,0.673156,0.555171,,,RATE,8.684
anim_reacttocliff_turtleroll_05,v1.1,1.1,2fa8bc4f5012,291,9.57,0,0,0,0,0,0,0.296552,4,52245,1.6275,0.604199,0,0.066,0.956784,0.553053,0.868125,11.218,31.282,RATE;DYN,36.862
anim_reacttocliff_turtleroll_06,v1.1,1.1,2fa8bc4f5012,376,12.375,0,0,0.0159574,0,0,0.0159574,0.0693333,4,20644.6,1.68309,0.674897,0,0.066,0.964064,0.790342,,,,SAT;RATE,4.369
anim_reacttocliff_turtlerollfail_01,v1.1,1.1,2fa8bc4f5012,198,6.501,0,0,0,0,0,0,0.299492,4,61490.3,1.36126,0.502883,0,0.066,0.932661,0.884451,,,,RATE,11.98
anim_reacttocliff_turtlerollfail_02,v1.1,1.1,2fa8bc4f5012,186,6.105,0,0,0,0,0,0,0.156757,4,30458.3,2.10126,0.606041,0,0.066,0.95827,0.961376,0.274764,,,RATE;LOWCORR,21.27
anim_reacttocliff_turtlerollfail_03,v1.1,1.1,2fa8bc4f5012,166,5.445,0,0,0,0,0,0,0.212121,4,58793.2,1.68104,0.587436,0,0.066,0.949933,0.815105,0.988401,,,RATE,8.485
anim_reacttocliff_wheely_01,v1.1,1.1,2fa8bc4f5012,201,6.6,0,0,0.0149254,0,0,0.0149254,0.29,4,69129.3,1.67106,0.530951,0,0.066,0.877466,0.885611,0.817524,,,SAT;RATE,13.093
anim_reacttocliff_wheely_02,v1.1,1.1,2fa8bc4f5012,103,3.366,0,0,0.0194175,0,0,0.0194175,0.205882,4,57020.7,1.1978,0.466636,0,0.066,0.864808,0.882796,0.927411,,,SAT;RATE,10.177
anim_reacttocliff_wheely_03,v1.1,1.1,2fa8bc4f5012,138,4.521,0,0,0,0,0,0,0.284672,4,44118.2,2.01111,0.506917,0,0.066,0.934118,0.796284,0.982315,,,RATE,11.387
anim_reacttoface_unidentified_01_head_angle_-20,v1.1,1.1,2fa8bc4f5012,52,1.683,0,0,0,0,0,0,0.0980392,4,32203.1,0.675291,0.00541914,0,0.00527847,0.964052,0.31609,,,,RATE,3.922
anim_reacttoface_unidentified_01_head_angle_20,v1.1,1.1,2fa8bc4f5012,52,1.683,0,0,0,0,0,0,0,2.63976,14642.9,0.709488,0.00541914,0,0.00527847,0.955385,0.992204,,,,,0
anim_reacttoface_unidentified_01_head_angle_40,v1.1,1.1,2fa8bc4f5012,52,1.683,0,0,0,0,0,0,0,2.16117,10877,0.469363,0.00541914,0,0.00527847,0.869434,0.992204,,,,,0
anim_reacttoface_unidentified_02_head_angle_-20,v1.1,1.1,2fa8bc4f5012,51,1.65,0,0,0,0,0,0,0.08,4,19288.5,0.751873,0.000339866,0,0.000107825,0.983665,0.424847,,,,RATE,3.2
anim_reacttoface_unidentified_02_head_angle_20,v1.1,1.1,2fa8bc4f5012,51,1.65,0,0,0,0,0,0,0,3.0909,12624.4,0.479454,0.000339866,0,0.000107825,0.981073,0.986478,,,,,0
anim_reacttoface_unidentified_02_head_angle_40,v1.1,1.1,2fa8bc4f5012,51,1.65,0,0,0,0,0,0,0,2.16904,11072.4,0.228915,0.000339866,0,0.000107825,,0.986478,,,,,0
anim_reacttoface_unidentified_03_head_angle_-20,v1.1,1.1,2fa8bc4f5012,71,2.31,0,0,0,0,0,0,0.114286,4,17708,0.889452,0.0679012,0,0.066,0.959553,,,,,RATE,4.571
anim_reacttoface_unidentified_03_head_angle_20,v1.1,1.1,2fa8bc4f5012,71,2.31,0,0,0,0,0,0,0.0285714,4,10415.5,0.658142,0.0679012,0,0.066,0.969891,,,,,,1.143
anim_reacttoface_unidentified_03_head_angle_40,v1.1,1.1,2fa8bc4f5012,71,2.31,0,0,0,0,0,0,0,3.03139,7162.04,0.433934,0.0679012,0,0.066,0.972126,,,,,,0
anim_reacttppl_surprise,v1.1,1.1,2fa8bc4f5012,274,9.009,0,0,0,0,0,0,0.010989,4,11084.9,0.550044,0.4675,0,0.066,0.99761,,0.937755,,,,0.44
anim_repair_fix_getin_01,v1.1,1.1,2fa8bc4f5012,31,0.99,0,0,0,0,0,0,0.1,4,39789.9,0.58256,0,0,0,0.980718,0.525101,,6.0881,15.6804,RATE;DYN,29
anim_repair_fix_getout_01,v1.1,1.1,2fa8bc4f5012,149,4.884,0,0,0,0,0,0,0.0675676,4,22187.1,1.16585,0.569596,0,0.066,0.867258,0.828768,0.979498,,,RATE,2.703
anim_repair_fix_getout_02,v1.1,1.1,2fa8bc4f5012,88,2.871,0,0,0,0,0,0,0.195402,4,29983.6,1.57459,0.483565,0,0.066,0.939343,-0.199078,0.981885,,,RATE;LOWCORR,22.816
anim_repair_fix_getout_03,v1.1,1.1,2fa8bc4f5012,87,2.838,0,0,0,0,0,0,0.0581395,4,26791.5,1.04849,0.502179,0,0.066,0.952174,0.887403,0.807792,,,RATE,2.326
anim_repair_fix_getready_01,v1.1,1.1,2fa8bc4f5012,35,1.122,0,0,0,0,0,0,0.147059,4,26690.5,0.914098,0.0805116,0,0.0553916,0.895606,,0.937958,,,RATE,5.882
anim_repair_fix_head_down_01,v1.1,1.1,2fa8bc4f5012,20,0.627,0,0,0,0,0,0,0.473684,4,41630.8,0.76421,0,0,0,0.712563,,,,,SHORT;RATE,28.947
anim_repair_fix_head_up_01,v1.1,1.1,2fa8bc4f5012,14,0.429,0,0,0,0,0,0,0,3.73275,22181.8,0.424576,0,0,0,0.993513,,,,,TINY;SHORT,20
anim_repair_fix_idle_01,v1.1,1.1,2fa8bc4f5012,201,6.6,0,0,0,0,0,0,0.035,4,9945.44,1.08823,0.0446245,0,0.0290966,0.979335,,0.927179,,,,1.4
anim_repair_fix_idle_02,v1.1,1.1,2fa8bc4f5012,156,5.115,0,0,0,0,0,0,0.00645161,4,11680.9,1.05324,0.112621,0,0.066,0.992867,,0.983631,,,,0.258
anim_repair_fix_idle_03,v1.1,1.1,2fa8bc4f5012,201,6.6,0,0,0,0,0,0,0,2.56707,5019.08,0.553147,0.0193044,0,0.0168259,0.993253,,0.996025,,,,0
anim_repair_fix_idle_fullyfull_01,v1.1,1.1,2fa8bc4f5012,141,4.62,0,0,0,0,0,0,0,2.35427,3122.65,0.743126,0.526359,0,0.066,0.942154,,,,,,0
anim_repair_fix_idle_fullyfull_02,v1.1,1.1,2fa8bc4f5012,201,6.6,0,0,0,0,0,0,0,2.91864,8492.79,0.79097,0.314042,0,0.066,0.987769,,0.976391,,,,0
anim_repair_fix_idle_fullyfull_03,v1.1,1.1,2fa8bc4f5012,201,6.6,0,0,0,0,0,0,0,3.15587,4893.46,1.00227,0.0143443,0,0.0143443,0.969918,,0.77594,,,,0
anim_repair_fix_lift_down_01,v1.1,1.1,2fa8bc4f5012,20,0.627,0,0,0,0,0,0,0,2.21596,20255.4,0.251579,0,0,0,0.747798,0.865618,,,,SHORT,10
anim_repair_fix_lift_up_01,v1.1,1.1,2fa8bc4f5012,20,0.627,0,0,0,0,0,0,0,2.93748,27371.9,0.353676,0,0,0,0.680691,0.924164,,,,SHORT,10
anim_repair_fix_lowerlift_01,v1.1,1.1,2fa8bc4f5012,32,1.023,0,0,0,0,0,0,0.16129,4,38087.3,0.65613,0,0,0,0.960696,0.367396,,,,RATE,6.452
anim_repair_fix_raiselift_01,v1.1,1.1,2fa8bc4f5012,32,1.023,0,0,0,0,0,0,0.129032,4,41386.9,0.868968,0,0,0,0.981513,0.879883,,,,RATE,5.161
anim_repair_fix_roundreact_01,v1.1,1.1,2fa8bc4f5012,51,1.65,0,0,0,0,0,0,0.04,4,29762.3,0.777478,0.0352111,0,0.0260713,0.950795,,,,,,1.6
anim_repair_fix_wheels_back_01,v1.1,1.1,2fa8bc4f5012,15,0.462,0,0,0,0,0,0,0,2.06547,18401,0.293476,0,0,0,0.989487,,,3.74248,8.31539,SHORT;DYN,35
anim_repair_fix_wheels_forward_01,v1.1,1.1,2fa8bc4f5012,20,0.627,0,0,0,0,0,0,0,1.46695,11495.1,0.163687,0,0,0,0.991747,,,,,SHORT,10
anim_repair_mild_fix_fail_01,v1.1,1.1,2fa8bc4f5012,65,2.112,0,0,0,0,0,0,0.15625,4,46648.5,0.838523,0.46372,0,0.066,0.899244,0.432191,0.99358,,,RATE,6.25
anim_repair_mild_fix_head_01,v1.1,1.1,2fa8bc4f5012,98,3.201,0,0,0,0,0,0,0.123711,4,35574.3,1.02769,0.470532,0,0.066,0.986082,-0.244658,,,,RATE;LOWCORR,19.948
anim_repair_mild_fix_head_02,v1.1,1.1,2fa8bc4f5012,75,2.442,0,0,0,0,0,0,0.148649,4,35365.8,0.846334,0.513651,0,0.066,0.930279,0.814943,,,,RATE,5.946
anim_repair_mild_fix_lift_01,v1.1,1.1,2fa8bc4f5012,101,3.3,0,0,0,0,0,0,0.09,4,32326.1,1.15146,0.524826,0,0.066,0.946117,0.553912,0.975015,,,RATE,3.6
anim_repair_mild_fix_lift_02,v1.1,1.1,2fa8bc4f5012,105,3.432,0,0,0,0,0,0,0.201923,4,31485.8,1.69578,0.296053,0,0.066,0.945348,0.870601,0.957592,,,RATE,8.077
anim_repair_mild_fix_tread_01,v1.1,1.1,2fa8bc4f5012,88,2.871,0,0,0,0,0,0,0.103448,4,30088.5,0.816725,0.127629,0,0.066,0.979505,0.356669,0.991572,,,RATE,4.138
anim_repair_mild_fix_tread_02,v1.1,1.1,2fa8bc4f5012,105,3.432,0,0,0,0,0,0,0.0384615,4,22551.2,1.02059,0.0210471,0,0.0141672,0.984517,,0.940096,,,,1.538
anim_repair_mild_reaction_02,v1.1,1.1,2fa8bc4f5012,39,1.254,0,0,0,0,0,0,0.105263,4,37460.3,0.714428,0.0736446,0,0.0451931,0.806571,0.00135232,0.937453,,,RATE;LOWCORR,19.211
anim_repair_react_fall_01,v1.1,1.1,2fa8bc4f5012,11,0.33,0,0,0,0,0,0,0.3,4,44030.8,0.522211,0.260805,0,0.066,0.791425,-0.0707586,,,,TINY;SHORT;RATE;LOWCORR,47
anim_repair_react_hit_01,v1.1,1.1,2fa8bc4f5012,135,4.422,0,0,0,0,0,0,0.0895522,4,38581,0.995358,0.489627,0,0.066,0.980741,0.769256,0.805046,,,RATE,3.582
anim_repair_react_stop_01,v1.1,1.1,2fa8bc4f5012,136,4.455,0,0,0,0,0,0,0.0222222,4,13160.1,0.573569,0.266921,0,0.066,0.961708,0.264585,,,,LOWCORR,15.889
anim_repair_reaction_01,v1.1,1.1,2fa8bc4f5012,231,7.59,0,0,0.025974,0,0,0.025974,0.121739,4,34373.8,1.23326,0.529265,0,0.066,0.909663,-0.0704901,0.948158,,,SAT;RATE;LOWCORR,22.467
anim_repair_severe_driving_end_01,v1.1,1.1,2fa8bc4f5012,17,0.528,0,0,0,0,0,0,0,0.852502,4377.94,0.176449,0.430974,0,0.066,0.971466,,,,,SHORT,10
anim_repair_severe_driving_loop_01,v1.1,1.1,2fa8bc4f5012,91,2.97,0,0,0,0,0,0,0,0.60615,2000.29,0.064221,0.22582,0,0.066,,,,,,,0
anim_repair_severe_driving_loop_02,v1.1,1.1,2fa8bc4f5012,76,2.475,0,0,0,0,0,0,0,0.162135,389.737,0.0226262,0.0494648,0,0.0494648,,,,,,STATIC,50
anim_repair_severe_driving_loop_03,v1.1,1.1,2fa8bc4f5012,101,3.3,0,0,0,0,0,0,0,1.00501,3320.35,0.284359,0.183707,0,0.066,0.96567,,,,,,0
anim_repair_severe_driving_start_01,v1.1,1.1,2fa8bc4f5012,53,1.716,0,0,0,0,0,0,0,0.846249,5131.07,0.229583,0.160367,0,0.066,0.992842,,,2.16106,3.76981,,0
anim_repair_severe_fix_fail_01,v1.1,1.1,2fa8bc4f5012,92,3.003,0,0,0,0,0,0,0.10989,4,34896.9,0.866172,0.58394,0,0.066,0.914481,0.170439,0.9961,,,RATE;LOWCORR,19.396
anim_repair_severe_fix_getin_01,v1.1,1.1,2fa8bc4f5012,176,5.775,0,0,0,0,0,0,0,1.04634,2123.66,0.525181,0.352328,0,0.066,0.987929,-0.439262,,,,LOWCORR,15
anim_repair_severe_fix_getout_01,v1.1,1.1,2fa8bc4f5012,231,7.59,0,0,0,0,0,0,0.0565217,4,22240.8,1.28939,0.573225,0,0.066,0.985829,0.682198,0.928457,,,RATE,2.261
anim_repair_severe_fix_getout_02,v1.1,1.1,2fa8bc4f5012,206,6.765,0,0,0,0,0,0,0.112195,4,36409,1.43363,0.576151,0,0.066,0.947217,0.35562,0.916911,,,RATE,4.488
anim_repair_severe_fix_getout_03,v1.1,1.1,2fa8bc4f5012,101,3.3,0,0,0.0792079,0,0,0.0792079,0.09,4,25509.2,1.28761,0.55894,0,0.066,0.972175,0.0684384,,,,SAT;RATE;LOWCORR,26.521
anim_repair_severe_fix_getready_01,v1.1,1.1,2fa8bc4f5012,52,1.683,0,0,0,0,0,0,0,2.24586,3795.61,0.502419,0.117378,0,0.0595623,0.959959,,,,,,0
anim_repair_severe_fix_head_down_01,v1.1,1.1,2fa8bc4f5012,20,0.627,0,0,0,0,0,0,0.473684,4,42711,0.76421,0.233356,0,0.066,0.640612,,,,,SHORT;RATE,28.947
anim_repair_severe_fix_lift_down_01,v1.1,1.1,2fa8bc4f5012,17,0.528,0,0,0,0,0,0,0,2.28171,23849.7,0.243926,0.0163599,0,0.0163599,0.723572,0.862739,,,,SHORT,10
anim_repair_severe_fix_lift_up_01,v1.1,1.1,2fa8bc4f5012,20,0.627,0,0,0,0,0,0,0,3.5442,28006.6,0.375833,0.0163599,0,0.0163599,0.874049,0.924164,,,,SHORT,10
anim_repair_severe_fix_lowerlift_01,v1.1,1.1,2fa8bc4f5012,31,0.99,0,0,0,0,0,0,0,1.83074,5479.99,0.282136,0.248583,0,0.066,-0.100405,,,,,LOWCORR,15
anim_repair_severe_fix_raiselift_01,v1.1,1.1,2fa8bc4f5012,31,0.99,0,0,0,0,0,0,0,2.02075,7048.64,0.720614,0.248583,0,0.066,-0.300601,0.99845,,,,LOWCORR,15
anim_repair_severe_fix_roundreaction_01,v1.1,1.1,2fa8bc4f5012,111,3.63,0,0,0.108108,0,0,0.108108,0.0363636,4,10380.8,1.25952,0.552116,0,0.066,0.943237,0.0503628,,,,SAT;LOWCORR,27.265
anim_repair_severe_fix_wheels_back_01,v1.1,1.1,2fa8bc4f5012,11,0.33,0,0,0,0,0,0,0,2.45193,22212.5,0.304081,0.0130067,0,0.0130067,0.995048,,,,,TINY;SHORT,20
anim_repair_severe_fix_wheels_forward_01,v1.1,1.1,2fa8bc4f5012,20,0.627,0,0,0,0,0,0,0,1.39236,11469.1,0.160121,0.0660133,0,0.0483777,0.994569,,,,,SHORT,10
anim_repair_severe_getin_01,v1.1,1.1,2fa8bc4f5012,217,7.128,0,0,0.00921659,0,0,0.00921659,0.0509259,4,20317.4,1.59386,0.689653,0,0.066,0.897916,0.495094,0.974903,,,RATE,2.959
anim_repair_severe_getout_01,v1.1,1.1,2fa8bc4f5012,18,0.561,0,0,0,0,0,0,0,3.24648,8302.74,0.457927,0.495639,0,0.066,0.994401,-0.910868,,,,SHORT;LOWCORR,25
anim_repair_severe_idle_01,v1.1,1.1,2fa8bc4f5012,101,3.3,0,0,0,0,0,0,0,1.37149,2928.81,0.379454,0.0444603,0,0.0444603,0.999391,,0.998231,,,,0
anim_repair_severe_idle_02,v1.1,1.1,2fa8bc4f5012,75,2.442,0,0,0,0,0,0,0,1.69349,4094.43,0.196488,0.0591311,0,0.0591311,0.997218,,,2.34526,7.28662,,0
anim_repair_severe_idle_03,v1.1,1.1,2fa8bc4f5012,111,3.63,0,0,0.018018,0,0,0.018018,0.0727273,4,14178.2,1.40455,0.211109,0,0.066,0.982582,,0.997239,,,SAT;RATE,4.711
anim_repair_severe_interruption_edge_01,v1.1,1.1,2fa8bc4f5012,85,2.772,0,0,0.0235294,0,0,0.0235294,0.238095,4,42066.9,1.09483,0.293885,0,0.066,0.942024,-0.530577,0.949769,,,SAT;RATE;LOWCORR,26.877
anim_repair_severe_interruption_offcube_01,v1.1,1.1,2fa8bc4f5012,146,4.785,0,0,0,0,0,0,0.117241,4,31673.2,1.30571,0.27397,0,0.066,0.969726,0.485375,0.995027,,,RATE,4.69
anim_repair_severe_reaction_01,v1.1,1.1,2fa8bc4f5012,231,7.59,0,0,0,0,0,0,0.026087,4,17492.4,0.877437,0.65352,0,0.066,0.96186,0.515565,,,,,1.043
anim_repair_severe_reaction_02,v1.1,1.1,2fa8bc4f5012,36,1.155,0,0,0,0,0,0,0.0571429,4,35334.5,0.759051,0.102506,0,0.066,0.915436,-0.719889,0.958251,,,RATE;LOWCORR,17.286
anim_repair_severe_wakeup_01,v1.1,1.1,2fa8bc4f5012,191,6.27,0,0,0,0,0,0,0.0421053,4,27512.9,0.819,0.672572,0,0.066,0.842361,0.663308,,,,,1.684
anim_rollblock_fail_01,v1.1,1.1,2fa8bc4f5012,46,1.485,0,0,0,0,0,0,0,1.32726,6426.02,0.463304,0.525322,0,0.066,0.988574,,,,,,0
anim_rtc_react_01,v1.1,1.1,2fa8bc4f5012,28,0.891,0,0,0,0,0,0,0,2.8855,17676.9,0.274868,0.0805116,0,0.066,0.93441,0.188291,,,,SHORT;LOWCORR,25
anim_rtpkeepaway_askforgame_01,v1.1,1.1,2fa8bc4f5012,106,3.465,0,0,0,0,0,0,0.180952,4,26438.1,1.28073,0.0903971,0,0.066,0.939327,0.916475,,,,RATE,7.238
anim_rtpkeepaway_askforgame_02,v1.1,1.1,2fa8bc4f5012,86,2.805,0,0,0,0,0,0,0.2,4,31160.2,1.43138,0.0903971,0,0.066,0.945766,0.886071,,,,RATE,8
anim_rtpkeepaway_ideatoplay_01,v1.1,1.1,2fa8bc4f5012,81,2.64,0,0,0,0,0,0,0.0375,4,18283.4,0.665336,0.604698,0,0.066,0.976453,,0.998362,,,,1.5
anim_rtpkeepaway_ideatoplay_02,v1.1,1.1,2fa8bc4f5012,97,3.168,0,0,0,0,0,0,0.0416667,4,24326.6,0.640185,0.531837,0,0.066,0.985663,-0.112108,,,,LOWCORR,16.667
anim_rtpkeepaway_ideatoplay_03,v1.1,1.1,2fa8bc4f5012,75,2.442,0,0,0,0,0,0,0.0810811,4,31459.9,0.737907,0.466636,0,0.066,0.979045,-0.0801908,,,,RATE;LOWCORR,18.243
anim_rtpkeepaway_idle_01,v1.1,1.1,2fa8bc4f5012,161,5.28,0,0,0,0,0,0,0,2.38671,7196.41,0.34906,0.0652019,0,0.0652019,0.978954,,0.991082,,,,0
anim_rtpkeepaway_idle_02,v1.1,1.1,2fa8bc4f5012,106,3.465,0,0,0,0,0,0,0,1.40653,4426.23,0.282333,0.0447232,0,0.0270908,0.950901,,,,,,0
anim_rtpkeepaway_idle_03,v1.1,1.1,2fa8bc4f5012,76,2.475,0,0,0,0,0,0,0,2.2861,9407.54,0.27327,0.0067997,0,0.0067997,0.972223,,,,,,0
anim_rtpkeepaway_playerno_01,v1.1,1.1,2fa8bc4f5012,101,3.3,0,0,0,0,0,0,0.04,4,23389.4,1.05497,0.564643,0,0.066,0.978384,0.851463,0.979103,,,,1.6
anim_rtpkeepaway_playerno_02,v1.1,1.1,2fa8bc4f5012,141,4.62,0,0,0,0,0,0,0,2.82942,12393.4,0.466754,0.367187,0,0.066,0.945615,,,3.75219,13.9544,DYN,25
anim_rtpkeepaway_playerno_03,v1.1,1.1,2fa8bc4f5012,127,4.158,0,0,0.173228,0,0,0.173228,0.0396825,4,18506.7,1.03587,0.517077,0,0.066,0.857719,0.301683,,,,SAT,18.91
anim_rtpkeepaway_playeryes_01,v1.1,1.1,2fa8bc4f5012,72,2.343,0,0,0,0,0,0,0,3.61085,20840.4,0.719129,0.466636,0,0.066,0.993496,0.444588,,,,,0
anim_rtpkeepaway_playeryes_02,v1.1,1.1,2fa8bc4f5012,87,2.838,0,0,0,0,0,0,0.0348837,4,35570.9,0.859741,0.466703,0,0.066,0.993494,0.59174,,,,,1.395
anim_rtpkeepaway_playeryes_03,v1.1,1.1,2fa8bc4f5012,86,2.805,0,0,0,0,0,0,0.0117647,4,24790.7,0.582376,0.492819,0,0.066,0.953426,0.217118,,,,LOWCORR,15.471
anim_rtpkeepaway_reacttocube_01,v1.1,1.1,2fa8bc4f5012,21,0.66,0,0,0,0,0,0,0.1,4,33336,0.558713,0.0493646,0,0.0493646,0.988365,-0.115078,,,,SHORT;RATE;LOWCORR,29
anim_rtpkeepaway_reacttocube_02,v1.1,1.1,2fa8bc4f5012,35,1.122,0,0,0,0,0,0,0,3.3687,28351.5,0.269002,0,0,0,0.996123,-0.576203,,,,LOWCORR,15
anim_rtpkeepaway_reacttocube_03,v1.1,1.1,2fa8bc4f5012,28,0.891,0,0,0,0,0,0,0,2.11946,8048.32,0.24507,0.0138603,0,0.00894976,0.998439,,,,,SHORT,10
anim_rtpmemorymatch_no_01,v1.1,1.1,2fa8bc4f5012,71,2.31,0,0,0.408451,0,0,0.408451,0.0571429,4,16785.8,1.13631,0.469569,0,0.066,0.924556,,,,,SAT;RATE,43.131
anim_rtpmemorymatch_no_02,v1.1,1.1,2fa8bc4f5012,136,4.455,0,0,0,0,0,0,0.0740741,4,27810.7,1.24288,0.606041,0,0.066,0.97589,0.430334,0.976763,,,RATE,2.963
anim_rtpmemorymatch_request_01,v1.1,1.1,2fa8bc4f5012,66,2.145,0,0,0,0,0,0,0.323077,4,30158.4,1.84519,0.466408,0,0.066,0.976651,0.607303,0.992992,,,RATE,12.923
anim_rtpmemorymatch_request_02,v1.1,1.1,2fa8bc4f5012,71,2.31,0,0,0,0,0,0,0.214286,4,40878.8,1.39609,0.0805116,0,0.066,0.814319,0.973581,,,,RATE,8.571
anim_rtpmemorymatch_request_03,v1.1,1.1,2fa8bc4f5012,71,2.31,0,0,0,0,0,0,0.214286,4,40878.8,1.39609,0.0805116,0,0.066,0.814319,0.973581,,,,RATE,8.571
anim_rtpmemorymatch_yes_01,v1.1,1.1,2fa8bc4f5012,36,1.155,0,0,0,0,0,0,0.0285714,4,22498.8,0.8759,0.525021,0,0.066,0.985682,0.990278,,,,,1.143
anim_rtpmemorymatch_yes_02,v1.1,1.1,2fa8bc4f5012,46,1.485,0,0,0,0,0,0,0.177778,4,34584,0.774921,0.432462,0,0.066,0.977649,0.85483,,,,RATE,7.111
anim_rtpmemorymatch_yes_03,v1.1,1.1,2fa8bc4f5012,26,0.825,0,0,0,0,0,0,0.08,4,19248.3,0.502172,0.488558,0,0.066,0.994654,,,,,SHORT;RATE,13.2
anim_rtpmemorymatch_yes_04,v1.1,1.1,2fa8bc4f5012,71,2.31,0,0,0,0,0,0,0.0285714,4,30123,0.914308,0.391036,0,0.066,0.987198,0.838016,,,,,1.143
anim_sdk_speak_01,v1.1,1.1,2fa8bc4f5012,31,0.99,0,0,0,0,0,0,0,0.72153,4840.26,0.0619557,0.0670235,0,0.066,,,,,,,0
anim_sparking_driving_loop_01,v1.1,1.1,2fa8bc4f5012,99,3.234,0,0,0,0,0,0,0,1.82633,5360.79,0.221547,0.0741385,0,0.066,0.997199,,,2.26221,7.20205,,0
anim_sparking_driving_loop_02,v1.1,1.1,2fa8bc4f5012,100,3.267,0,0,0,0,0,0,0,1.42528,4453.94,0.439478,0.263718,0,0.066,0.914031,,,,,,0
anim_sparking_driving_loop_03,v1.1,1.1,2fa8bc4f5012,100,3.267,0,0,0,0,0,0,0,1.14765,1665.78,0.215992,0.0785076,0,0.066,0.99888,,,,,,0
anim_sparking_driving_start_01,v1.1,1.1,2fa8bc4f5012,25,0.792,0,0,0,0,0,0,0,2.2229,9169.45,0.28211,0.499853,0,0.066,0.994165,,,,,SHORT,10
anim_sparking_driving_stop_01,v1.1,1.1,2fa8bc4f5012,32,1.023,0,0,0,0,0,0,0,1.8351,12137.1,0.220046,0.108716,0,0.066,0.891284,,,,,,0
anim_sparking_earnsparks_01,v1.1,1.1,2fa8bc4f5012,106,3.465,0,0,0,0,0,0,0.133333,4,34676.5,1.24295,0.127172,0,0.066,0.981436,0.465791,0.914216,,,RATE,5.333
anim_sparking_fail_01,v1.1,1.1,2fa8bc4f5012,81,2.64,0,0,0,0,0,0,0.0375,4,14718.9,0.785205,0.148209,0,0.066,0.883528,-0.662328,0.995905,,,LOWCORR,16.5
anim_sparking_getin_01,v1.1,1.1,2fa8bc4f5012,81,2.64,0,0,0,0,0,0,0.0125,4,14420,0.951616,0.519153,0,0.066,0.983076,-0.147022,0.966107,,,LOWCORR,15.5
anim_sparking_getout_01,v1.1,1.1,2fa8bc4f5012,31,0.99,0,0,0,0,0,0,0.166667,4,17052.9,0.804068,0,0,0,0.983331,-0.801428,0.982563,,,RATE;LOWCORR,21.667
anim_sparking_idle_01,v1.1,1.1,2fa8bc4f5012,100,3.267,0,0,0,0,0,0,0.030303,4,5245.96,0.77663,0.0143443,0,0.0143443,0.999775,,0.995162,,,,1.212
anim_sparking_idle_02,v1.1,1.1,2fa8bc4f5012,100,3.267,0,0,0,0,0,0,0.040404,4,10204.2,0.898847,0.0422347,0,0.0422347,0.996608,,0.991263,,,,1.616
anim_sparking_idle_03,v1.1,1.1,2fa8bc4f5012,196,6.435,0,0,0,0,0,0,0.025641,4,13376.4,0.930855,0.466961,0,0.066,0.933302,,0.986563,,,,1.026
anim_sparking_success_01,v1.1,1.1,2fa8bc4f5012,47,1.518,0,0,0,0,0,0,0,3.34843,20231.7,0.51048,0.541524,0,0.066,0.944075,0.690424,,,,,0
anim_sparking_success_02,v1.1,1.1,2fa8bc4f5012,119,3.894,0,0,0,0,0,0,0.135593,4,35440.5,1.22114,0.541524,0,0.066,0.892495,0.911005,0.94885,,,RATE,5.424
anim_speedtap_ask2play_01,v1.1,1.1,2fa8bc4f5012,28,0.891,0,0,0,0,0,0,0,2.61277,46337.5,0.248791,0.63554,0,0.066,0.985692,0.666419,,,,SHORT,10
anim_speedtap_drivingloop_01,v1.1,1.1,2fa8bc4f5012,46,1.485,0,0,0,0,0,0,0,0.16202,733.167,0.0358894,0.019819,0,0.019819,0.990758,,,,,STATIC,50
anim_speedtap_drivingloop_02,v1.1,1.1,2fa8bc4f5012,75,2.442,0,0,0,0,0,0,0,0.300657,1152.5,0.0358894,0.019819,0,0.019819,0.775179,,,,,STATIC,50
anim_speedtap_enddriving_01,v1.1,1.1,2fa8bc4f5012,21,0.66,0,0,0,0,0,0,0,0.633429,3025.63,0.057317,0.000339866,0,0.000339866,,,,,,SHORT,10
anim_speedtap_findsplayer_01,v1.1,1.1,2fa8bc4f5012,44,1.419,0,0,0,0,0,0,0,1.38773,9562.11,0.107135,0.0767224,0,0.066,,,,2.30585,4.00364,,0
anim_speedtap_foundblock_01,v1.1,1.1,2fa8bc4f5012,21,0.66,0,0,0,0,0,0,0.3,4,34212.5,0.891106,0.0805116,0,0.066,0.929944,,,,,SHORT;RATE,22
anim_speedtap_getout_01,v1.1,1.1,2fa8bc4f5012,21,0.66,0,0,0,0,0,0,0,0.970833,9409.38,0.133464,0.252845,0,0.066,,,,,,SHORT,10
anim_speedtap_idle_01,v1.1,1.1,2fa8bc4f5012,17,0.528,0,0,0,0,0,0,0,1.66429,11140.4,0.175622,0.120066,0,0.066,0.95281,0.926216,,,,SHORT,10
anim_speedtap_idle_02,v1.1,1.1,2fa8bc4f5012,21,0.66,0,0,0,0,0,0,0,2.55704,16632.8,0.265034,0.210473,0,0.066,0.949071,,,,,SHORT,10
anim_speedtap_look4block_01,v1.1,1.1,2fa8bc4f5012,40,1.287,0,0,0,0,0,0,0.128205,4,18618.1,0.951798,0.0554395,0,0.0554395,0.959169,0.124761,0.993973,,,RATE;LOWCORR,20.128
anim_speedtap_lookatplayer,v1.1,1.1,2fa8bc4f5012,41,1.32,0,0,0,0,0,0,0,2.21455,10159.8,0.253074,0.262895,0,0.066,0.948817,,,,,,0
anim_speedtap_losegame_intensity02_01,v1.1,1.1,2fa8bc4f5012,243,7.986,0,0,0,0,0,0,0,2.66234,3992.46,1.52832,0.295197,0,0.066,0.835109,0.78392,0.995598,,,,0
anim_speedtap_losegame_intensity02_02,v1.1,1.1,2fa8bc4f5012,231,7.59,0,0,0,0,0,0,0.143478,4,29139.9,1.88449,0.554876,0,0.066,0.910685,0.654759,0.822209,,,RATE,5.739
anim_speedtap_losegame_intensity02_03,v1.1,1.1,2fa8bc4f5012,351,11.55,0,0,0,0,0,0,0.0657143,4,26777.2,1.95367,0.583042,0,0.066,0.886688,0.879787,0.958436,,,RATE,2.629
anim_speedtap_losegame_intensity03_01,v1.1,1.1,2fa8bc4f5012,144,4.719,0,0,0.0833333,0,0,0.0833333,0.230769,4,40536.8,1.56233,0.655621,0,0.066,0.852875,0.678144,0.999693,,,SAT;RATE,17.564
anim_speedtap_losegame_intensity03_02,v1.1,1.1,2fa8bc4f5012,351,11.55,0,0,0,0,0,0,0.16,4,36492.5,2.37398,0.577112,0,0.066,0.85391,0.806597,0.976802,,,RATE,6.4
anim_speedtap_losegame_intensity03_03,v1.1,1.1,2fa8bc4f5012,301,9.9,0,0,0.013289,0,0,0.013289,0.173333,4,41055.9,1.87936,0.491224,0,0.066,0.613476,0.769184,0.98603,,,SAT;RATE,8.262
anim_speedtap_losehand_01,v1.1,1.1,2fa8bc4f5012,15,0.462,0,0,0,0,0,0,0,1.30809,8281.58,0.184926,0.328264,0,0.066,0.835817,0.831823,,,,SHORT,10
anim_speedtap_losehand_02,v1.1,1.1,2fa8bc4f5012,21,0.66,0,0,0,0,0,0,0,3.8342,25946.1,0.458739,0.252845,0,0.066,0.984572,0.587446,,,,SHORT,10
anim_speedtap_losehand_03,v1.1,1.1,2fa8bc4f5012,11,0.33,0,0,0,0,0,0,0,0.514969,5072.3,0.0629263,0.0405731,0,0.0405731,0.881782,0.963246,,,,TINY;SHORT,20
anim_speedtap_loseround_intensity01_01,v1.1,1.1,2fa8bc4f5012,70,2.277,0,0,0,0,0,0,0,3.36346,13541,1.24377,0.502249,0,0.066,0.978635,0.693769,,,,,0
anim_speedtap_loseround_intensity02_01,v1.1,1.1,2fa8bc4f5012,70,2.277,0,0,0,0,0,0,0,3.36346,13541,1.24377,0.502249,0,0.066,0.978635,0.693769,,,,,0
anim_speedtap_loseround_intensity02_02,v1.1,1.1,2fa8bc4f5012,70,2.277,0,0,0,0,0,0,0,3.36346,13541,1.24377,0.502249,0,0.066,0.978635,0.693769,,3.6291,10.1883,DYN,25
anim_speedtap_player_idle_01,v1.1,1.1,2fa8bc4f5012,60,1.947,0,0,0,0,0,0,0,1.32971,5257.17,0.215237,0.00431836,0,0.00431836,0.993915,,,,,,0
anim_speedtap_playerno_01,v1.1,1.1,2fa8bc4f5012,45,1.452,0,0,0.755556,0,0,0.755556,0.0909091,4,17031.1,1.03828,0.12416,0,0.066,0.926399,,,,,SAT;RATE,79.192
anim_speedtap_playeryes_01,v1.1,1.1,2fa8bc4f5012,21,0.66,0,0,0,0,0,0,0,3.142,16090.4,0.410717,0.624049,0,0.066,0.971908,,,,,SHORT,10
anim_speedtap_startdriving_01,v1.1,1.1,2fa8bc4f5012,15,0.462,0,0,0,0,0,0,0,1.45949,8108.22,0.152571,0.0780836,0,0.066,,,,,,SHORT,10
anim_speedtap_tap_01,v1.1,1.1,2fa8bc4f5012,21,0.66,0,0,0,0,0,0,0.1,4,27220.3,0.576276,0.222533,0,0.066,0.911002,0.946719,,,,SHORT;RATE,14
anim_speedtap_tap_02,v1.1,1.1,2fa8bc4f5012,11,0.33,0,0,0,0,0,0,0.2,4,68428.2,0.436046,0,0,0,0.817241,0.74447,,,,TINY;SHORT;RATE,28
anim_speedtap_tap_03,v1.1,1.1,2fa8bc4f5012,11,0.33,0,0,0,0,0,0,0.2,4,44205.8,0.548563,0,0,0,0.978561,0.958756,,,,TINY;SHORT;RATE,28
anim_speedtap_wait_long,v1.1,1.1,2fa8bc4f5012,61,1.98,0,0,0,0,0,0,0,1.43122,4621.01,0.340108,0.0270908,0,0.0270908,,,,,,,0
anim_speedtap_wait_medium_02,v1.1,1.1,2fa8bc4f5012,31,0.99,0,0,0,0,0,0,0,1.16396,10103.9,0.187873,0.0771588,0,0.066,,,,,,,0
anim_speedtap_wait_medium_03,v1.1,1.1,2fa8bc4f5012,31,0.99,0,0,0,0,0,0,0,2.03664,7154.48,0.248653,0,0,0,0.912751,,,,,,0
anim_speedtap_wait_short,v1.1,1.1,2fa8bc4f5012,11,0.33,0,0,0,0,0,0,0,0.384081,4587.4,0.0298047,0,0,0,,,,,,TINY;SHORT;STATIC,70
anim_speedtap_wingame_intensity02_01,v1.1,1.1,2fa8bc4f5012,211,6.93,0,0,0,0,0,0,0.261905,4,38257.3,2.12338,0.653308,0,0.066,0.783007,0.611608,0.910738,,,RATE,10.476
anim_speedtap_wingame_intensity02_02,v1.1,1.1,2fa8bc4f5012,46,1.485,0,0,0,0,0,0,0.2,4,32462.6,1.36787,0.589289,0,0.066,0.924165,0.663976,,,,RATE,8
anim_speedtap_wingame_intensity02_03,v1.1,1.1,2fa8bc4f5012,111,3.63,0,0,0,0,0,0,0.0727273,4,33544.2,1.41203,0.53714,0,0.066,0.855895,0.882239,0.997338,,,RATE,2.909
anim_speedtap_wingame_intensity02_04,v1.1,1.1,2fa8bc4f5012,141,4.62,0,0,0,0,0,0,0.3,4,54701.2,1.54539,0.532636,0,0.066,0.965541,0.798551,0.984322,,,RATE,12
anim_speedtap_wingame_intensity03_01,v1.1,1.1,2fa8bc4f5012,46,1.485,0,0,0,0,0,0,0.2,4,32462.6,1.36787,0.589289,0,0.066,0.924165,0.663976,,,,RATE,8
anim_speedtap_wingame_intensity03_02,v1.1,1.1,2fa8bc4f5012,126,4.125,0,0,0,0,0,0,0.312,4,53702.3,1.83156,0.466975,0,0.066,0.832615,0.838843,0.973895,,,RATE,12.48
anim_speedtap_wingame_intensity03_03,v1.1,1.1,2fa8bc4f5012,116,3.795,0,0,0,0,0,0,0.191304,4,37282.9,1.63588,0.466975,0,0.066,0.963554,0.797521,0.846098,10.5981,40.4788,RATE;DYN,32.652
anim_speedtap_winhand_01,v1.1,1.1,2fa8bc4f5012,18,0.561,0,0,0,0,0,0,0,2.83154,22685.2,0.272846,0.364669,0,0.066,0.928733,-0.773201,,,,SHORT;LOWCORR,25
anim_speedtap_winhand_02,v1.1,1.1,2fa8bc4f5012,18,0.561,0,0,0,0,0,0,0,2.18169,16884.1,0.248904,0.528,0,0.066,0.847277,0.796305,,,,SHORT,10
anim_speedtap_winhand_03,v1.1,1.1,2fa8bc4f5012,12,0.363,0,0,0,0,0,0,0,2.5394,19006.9,0.261799,0.0353614,0,0.0353614,0.956452,-0.902385,,,,TINY;SHORT;LOWCORR,35
anim_speedtap_winround_intensity01_01,v1.1,1.1,2fa8bc4f5012,21,0.66,0,0,0,0,0,0,0.25,4,31350.3,0.6556,0.422079,0,0.066,0.963116,0.309128,,,,SHORT;RATE,20
anim_speedtap_winround_intensity02_01,v1.1,1.1,2fa8bc4f5012,100,3.267,0,0,0,0,0,0,0.0808081,4,36068.4,1.61901,0.628574,0,0.066,0.833856,0.77566,,,,RATE,3.232
anim_speedtap_winround_intensity02_02,v1.1,1.1,2fa8bc4f5012,93,3.036,0,0,0,0,0,0,0.0326087,4,21671.8,1.47462,0.395481,0,0.066,0.93217,0.849694,,,,,1.304
anim_test_shiver,v1.1,1.1,2fa8bc4f5012,7,0.198,0,0,0,0,0,0,0,2.48491,5731.33,0.423533,0,0,0,,,,,,TINY;SHORT,20
anim_upgrade_reaction_lift_01,v1.1,1.1,2fa8bc4f5012,171,5.61,0,0,0,0,0,0,0.0176471,4,16160.9,0.754395,0.0778059,0,0.066,0.939452,0.45457,0.995354,,,,0.706
anim_upgrade_reaction_tracks_01,v1.1,1.1,2fa8bc4f5012,101,3.3,0,0,0,0,0,0,0.14,4,31550.3,0.950897,0.521319,0,0.066,0.94212,,0.998229,,,RATE,5.6
anim_vc_alrighty_01,v1.1,1.1,2fa8bc4f5012,45,1.452,0,0,0,0,0,0,0.159091,4,44925.8,0.70717,0.532569,0,0.066,0.951099,,,,,RATE,6.364
anim_vc_laser_lookdown_01,v1.1,1.1,2fa8bc4f5012,22,0.693,0,0,0,0,0,0,0.190476,4,32837.5,0.805642,0,0,0,0.958648,,,,,SHORT;RATE,17.619
anim_vc_listening_01,v1.1,1.1,2fa8bc4f5012,201,6.6,0,0,0,0,0,0,0.045,4,21011.8,0.941797,0.0805116,0,0.066,0.947245,0.741197,0.937933,,,,1.8
anim_vc_reaction_alreadyhere_01_head_angle_-20,v1.1,1.1,2fa8bc4f5012,116,3.795,0,0,0,0,0,0,0.156522,4,32669.8,1.07039,0.4922,0,0.066,0.967875,0.0734149,0.969571,,,RATE;LOWCORR,21.261
anim_vc_reaction_alreadyhere_01_head_angle_20,v1.1,1.1,2fa8bc4f5012,116,3.795,0,0,0,0,0,0,0.0782609,4,20900.5,1.07039,0.4922,0,0.066,0.979999,0.848983,0.969571,,,RATE,3.13
anim_vc_reaction_alreadyhere_01_head_angle_40,v1.1,1.1,2fa8bc4f5012,116,3.795,0,0,0,0,0,0,0.0695652,4,22399.6,1.07039,0.4922,0,0.066,0.980023,0.8868,0.969571,,,RATE,2.783
anim_vc_reaction_nofaceheardyou_01,v1.1,1.1,2fa8bc4f5012,289,9.504,0,0,0,0,0,0,0.0590278,4,24969.9,1.15557,0.522577,0,0.066,0.967271,0.947117,0.202083,,,RATE;LOWCORR,17.361
anim_vc_reaction_nofaceheardyou_getout_01,v1.1,1.1,2fa8bc4f5012,24,0.759,0,0,0,0,0,0,0.0434783,4,27811.5,0.526505,0.0805116,0,0.066,0.958396,,,,,SHORT,11.739
anim_vc_reaction_whatwasthat_01,v1.1,1.1,2fa8bc4f5012,84,2.739,0,0,0,0,0,0,0.0481928,4,22753.5,0.721636,0.220313,0,0.066,0.990555,0.841584,0.904288,,,,1.928
anim_vc_reaction_yesfaceheardyou_01_head_angle_-20,v1.1,1.1,2fa8bc4f5012,131,4.29,0,0,0.0152672,0,0,0.0152672,0.0846154,4,20788.5,1.05604,0.361895,0,0.066,0.975307,-0.0252914,0.964947,,,SAT;RATE;LOWCORR,19.911
anim_vc_reaction_yesfaceheardyou_01_head_angle_20,v1.1,1.1,2fa8bc4f5012,131,4.29,0,0,0,0,0,0,0.0692308,4,19912.3,0.94031,0.361895,0,0.066,0.987413,0.380861,0.964947,,,RATE,2.769
anim_vc_reaction_yesfaceheardyou_01_head_angle_40,v1.1,1.1,2fa8bc4f5012,131,4.29,0,0,0,0,0,0,0.0846154,4,18549.7,0.94031,0.361895,0,0.066,0.982239,0.879099,0.964947,,,RATE,3.385
anim_vc_refuse_energy_01,v1.1,1.1,2fa8bc4f5012,136,4.455,0,0,0.0735294,0,0,0.0735294,0.0666667,4,21364.2,1.19669,0.50322,0,0.066,0.987399,,0.984987,,,SAT;RATE,10.02
anim_vc_refuse_nosparks_01,v1.1,1.1,2fa8bc4f5012,101,3.3,0,0,0,0,0,0,0.07,4,19078,0.988265,0.151727,0,0.066,0.987313,0.369316,0.991226,,,RATE,2.8
anim_vc_refuse_repair_01,v1.1,1.1,2fa8bc4f5012,193,6.336,0,0,0,0,0,0,0.03125,4,24404,0.806373,0.636819,0,0.066,0.95711,0.423375,0.94987,,,,1.25
anim_workout_highenergy_getin_01,v1.1,1.1,2fa8bc4f5012,54,1.749,0,0,0,0,0,0,0.150943,4,28906.7,0.893613,0.497127,0,0.066,0.972793,-0.306434,,,,RATE;LOWCORR,21.038
anim_workout_highenergy_getout_01,v1.1,1.1,2fa8bc4f5012,197,6.468,0,0,0.0456853,0,0,0.0456853,0.214286,4,46930.5,1.69621,0.547355,0,0.066,0.884961,0.715294,0.90785,,,SAT;RATE,13.14
anim_workout_highenergy_getready_01,v1.1,1.1,2fa8bc4f5012,122,3.993,0,0,0,0,0,0,0,2.97152,7316.19,1.39074,0.583878,0,0.066,0.965925,0.800785,,,,,0
anim_workout_highenergy_strong_01,v1.1,1.1,2fa8bc4f5012,41,1.32,0,0,0,0,0,0,0.025,4,29740.9,0.946097,0.314052,0,0.066,0.984548,0.490145,,,,,1
anim_workout_highenergy_trans_01,v1.1,1.1,2fa8bc4f5012,59,1.914,0,0,0,0,0,0,0.0689655,4,17668.9,1.0044,0.175679,0,0.066,0.988313,0.893314,,,,RATE,2.759
anim_workout_highenergy_weak_01,v1.1,1.1,2fa8bc4f5012,55,1.782,0,0,0,0,0,0,0.0185185,4,16986.2,0.644176,0.347727,0,0.066,0.987404,0.658753,,,,,0.741
anim_workout_lowenergy_getin_01,v1.1,1.1,2fa8bc4f5012,62,2.013,0,0,0,0,0,0,0,3.8138,15994,0.933443,0.623721,0,0.066,0.963014,0.125864,,,,LOWCORR,15
anim_workout_lowenergy_getout_01,v1.1,1.1,2fa8bc4f5012,331,10.89,0,0,0,0,0,0,0.0121212,4,18661.6,0.891559,0.694314,0,0.066,0.987322,0.962264,0.990808,,,,0.485
anim_workout_lowenergy_getout_02,v1.1,1.1,2fa8bc4f5012,180,5.907,0,0,0,0,0,0,0.027933,4,21534.5,0.768161,0.603911,0,0.066,0.932235,0.503888,,,,,1.117
anim_workout_lowenergy_getready_01,v1.1,1.1,2fa8bc4f5012,127,4.158,0,0,0,0,0,0,0,3.06871,6951.93,1.10746,0.0561295,0,0.0561295,0.966347,0.335608,,,,,0
anim_workout_lowenergy_strong_01,v1.1,1.1,2fa8bc4f5012,158,5.181,0,0,0,0,0,0,0,3.62044,17265,0.768017,0.571114,0,0.066,0.971062,0.456213,,,,,0
anim_workout_lowenergy_trans_01,v1.1,1.1,2fa8bc4f5012,66,2.145,0,0,0,0,0,0,0,2.57456,11575.4,0.513571,0.382978,0,0.066,0.99306,0.319138,,,,,0
anim_workout_lowenergy_weak_01,v1.1,1.1,2fa8bc4f5012,146,4.785,0,0,0,0,0,0,0.0137931,4,17866.8,0.755376,0.45975,0,0.066,0.986364,0.229005,,,,LOWCORR,15.552
anim_workout_mediumenergy_getin_01,v1.1,1.1,2fa8bc4f5012,42,1.353,0,0,0,0,0,0,0,2.35478,17389.7,0.244362,0.0355527,0,0.0185348,0.981426,0.341601,,,,,0
anim_workout_mediumenergy_getout_01,v1.1,1.1,2fa8bc4f5012,131,4.29,0,0,0,0,0,0,0.0461538,4,13780,1.09088,0.474637,0,0.066,0.909472,0.988709,0.99639,,,,1.846
anim_workout_mediumenergy_getready_01,v1.1,1.1,2fa8bc4f5012,51,1.65,0,0,0,0,0,0,0,3.914,12490.4,0.964887,0.48157,0,0.066,0.621469,0.94603,,,,,0
anim_workout_mediumenergy_strong_01,v1.1,1.1,2fa8bc4f5012,71,2.31,0,0,0,0,0,0,0.0428571,4,10216.7,1.1035,0.470308,0,0.066,0.930144,0.759689,,,,,1.714
anim_workout_mediumenergy_trans_01,v1.1,1.1,2fa8bc4f5012,71,2.31,0,0,0,0,0,0,0.0285714,4,24333.2,0.839473,0.264,0,0.066,0.990856,0.654,,,,,1.143
anim_workout_mediumenergy_weak_01,v1.1,1.1,2fa8bc4f5012,71,2.31,0,0,0,0,0,0,0.0428571,4,18417.8,0.711485,0.328485,0,0.066,0.989041,0.719167,,,,,1.714
