clip_name,run,mapping_version,constants_sha1,T,dur_s,sat_j1,sat_j2,sat_j3,sat_j4,sat_j5,sat_max,rate_cap_frac,max_rate,jerk_rms,range_max_rad,light_range,light_step_per_s,light_max_step,r_head,r_lift,r_yaw,dyn_rms_deg,dyn_max_deg,flags,severity
anim_bored_01,v1.5,1.4,1e4c4ad2e6e1,34,1.089,0,0,0,0,0,0,0.272727,1.8,6581.46,0.779999,0.608947,0,0.0264,0.911554,0.927928,,,,RATE,10.909
anim_bored_02,v1.5,1.4,1e4c4ad2e6e1,41,1.32,0,0,0,0,0,0,0.125,1.8,2934.99,0.691263,0.612145,0,0.0264,0.980249,0.762914,,,,RATE,5
anim_bored_event_01,v1.5,1.4,1e4c4ad2e6e1,199,6.534,0,0,0,0,0,0,0.111111,1.8,4556.29,0.903556,0.325072,0,0.0253339,0.984693,0.68206,0.943687,,,RATE,4.444
anim_bored_event_02,v1.5,1.4,1e4c4ad2e6e1,151,4.95,0,0,0,0,0,0,0.133333,1.8,4752.77,0.861105,0,0,0,0.978935,0.528038,0.99768,,,RATE,5.333
anim_bored_event_03,v1.5,1.4,1e4c4ad2e6e1,314,10.329,0,0,0,0,0,0,0.115016,1.8,4664.55,0.997205,0.570376,0,0.0264,0.959208,0.0378621,0.934126,,,RATE;LOWCORR,19.601
anim_bored_event_04,v1.5,1.4,1e4c4ad2e6e1,369,12.144,0,0,0,0,0,0,0.0815217,1.8,5505.7,1.04121,0,0,0,0.953756,0.334905,0.757663,,,RATE,3.261
anim_bored_getout_01,v1.5,1.4,1e4c4ad2e6e1,45,1.452,0,0,0,0,0,0,0.386364,1.8,7388.69,0.914075,0.619925,0,0.0264,0.7824,,,,,RATE,15.455
anim_bored_getout_02,v1.5,1.4,1e4c4ad2e6e1,41,1.32,0,0,0,0,0,0,0,1.20897,3946.52,0.407437,0.337327,0,0.0216282,0.931185,0.0209078,,,,LOWCORR,15
anim_bouncer_getin_01,v1.5,1.4,1e4c4ad2e6e1,161,5.28,0,0,0,0,0,0,0,0.550856,324.495,0.0681888,0.664507,0,0.0264,,,,,,,0
anim_bouncer_getout_01,v1.5,1.4,1e4c4ad2e6e1,81,2.64,0,0,0,0,0,0,0.25,1.8,6058.86,0.969778,0.0235286,0,0.00372922,0.771939,,0.975555,,,RATE,10
anim_bouncer_ideatoplay_01,v1.5,1.4,1e4c4ad2e6e1,41,1.32,0,0,0,0,0,0,0.15,1.8,4333.74,0.581694,0,0,0,0.932156,-0.108264,0.991911,,,RATE;LOWCORR,21
anim_bouncer_intoscore_01,v1.5,1.4,1e4c4ad2e6e1,90,2.937,0,0,0,0,0,0,0.168539,1.8,5742.6,0.860352,0.0415416,0,0.00312549,0.956201,,,,,RATE,6.742
anim_bouncer_intoscore_02,v1.5,1.4,1e4c4ad2e6e1,121,3.96,0,0,0,0,0,0,0.266667,1.8,7013.3,0.947489,0.552936,0,0.0264,0.948614,0.653389,,,,RATE,10.667
anim_bouncer_intoscore_03,v1.5,1.4,1e4c4ad2e6e1,251,8.25,0,0,0,0,0,0,0.044,1.8,3024.23,0.925377,0.0832232,0,0.00586796,0.974111,,,,,,1.76
anim_bouncer_requesttoplay_01,v1.5,1.4,1e4c4ad2e6e1,101,3.3,0,0,0,0,0,0,0.1,1.8,4408.55,0.537502,0.542343,0,0.0264,0.110643,0.98212,0.919848,,,RATE;LOWCORR,19
anim_bouncer_rerequest_01,v1.5,1.4,1e4c4ad2e6e1,101,3.3,0,0,0,0,0,0,0.1,1.8,4408.55,0.537502,0.54307,0,0.0264,0.110643,0.98212,0.919848,,,RATE;LOWCORR,19
anim_bouncer_timeout_01,v1.5,1.4,1e4c4ad2e6e1,76,2.475,0,0,0,0,0,0,0.253333,1.8,5995.5,1.05748,0.485256,0,0.0264,0.706855,0.838071,0.915022,,,RATE,10.133
anim_bouncer_wait_01,v1.5,1.4,1e4c4ad2e6e1,101,3.3,0,0,0,0,0,0,0,0.0191453,16.5623,0.00379626,0.0153156,0,0.0010516,,,,,,STATIC,50
anim_bouncer_wait_02,v1.5,1.4,1e4c4ad2e6e1,101,3.3,0,0,0,0,0,0,0,0.0182607,17.4783,0.00361812,0.0049268,0,0.000348866,,,,,,STATIC,50
anim_bouncer_wait_03,v1.5,1.4,1e4c4ad2e6e1,101,3.3,0,0,0,0,0,0,0,0.227932,358.933,0.0342835,0.0168724,0,0.00143296,,,,,,STATIC,50
anim_codelab_123go,v1.5,1.4,1e4c4ad2e6e1,99,3.234,0,0,0,0,0,0,0.204082,1.8,7407.46,1.04908,0.0807948,0,0.00587237,0.911536,0.870877,0.984915,,,RATE,8.163
anim_codelab_bored_01,v1.5,1.4,1e4c4ad2e6e1,198,6.501,0,0,0,0,0,0,0.111675,1.8,4567.96,0.903556,0.325065,0,0.0253338,0.984451,0.67454,0.942832,,,RATE,4.467
anim_codelab_chicken_01,v1.5,1.4,1e4c4ad2e6e1,95,3.102,0,0,0,0,0,0,0.244681,1.8,6729.58,1.06514,1.15633e-05,0,8.9407e-07,0.934091,0.410246,0.87751,,,RATE,9.787
anim_codelab_chicken_01_head_angle_-20,v1.5,1.4,1e4c4ad2e6e1,95,3.102,0,0,0,0,0,0,0.361702,1.8,6901.18,1.06514,1.15633e-05,0,8.9407e-07,0.887966,0.0878872,0.87751,,,RATE;LOWCORR,29.468
anim_codelab_chicken_01_head_angle_20,v1.5,1.4,1e4c4ad2e6e1,95,3.102,0,0,0,0,0,0,0.255319,1.8,7551.16,1.06514,1.15633e-05,0,8.9407e-07,0.951667,0.497848,0.87751,,,RATE,10.213
anim_codelab_chicken_01_head_angle_40,v1.5,1.4,1e4c4ad2e6e1,95,3.102,0,0,0,0,0,0,0.202128,1.8,6849.73,1.06514,1.15633e-05,0,8.9407e-07,0.962764,0.497848,0.87751,,,RATE,8.085
anim_codelab_cow_01_head_angle_-20,v1.5,1.4,1e4c4ad2e6e1,321,10.56,0,0,0,0,0,0,0.1625,1.8,7295.44,1.02959,0.632144,0,0.0264,0.945039,-0.0448319,0.663851,,,RATE;LOWCORR,21.5
anim_codelab_cow_01_head_angle_20,v1.5,1.4,1e4c4ad2e6e1,321,10.56,0,0,0,0,0,0,0.15,1.8,6738.61,1.05653,0.632144,0,0.0264,0.961405,-0.00422521,0.663851,,,RATE;LOWCORR,21
anim_codelab_cow_01_head_angle_40,v1.5,1.4,1e4c4ad2e6e1,321,10.56,0,0,0,0,0,0,0.153125,1.8,6777.74,1.05655,0.632144,0,0.0264,0.961375,-0.00676594,0.663851,,,RATE;LOWCORR,21.125
anim_codelab_cubetap,v1.5,1.4,1e4c4ad2e6e1,9,0.264,0,0,0,0,0,0,0.375,1.8,18398.5,0.30294,0,0,0,0.506829,-0.871626,,,,TINY;SHORT;RATE;LOWCORR,50
anim_codelab_duck_01,v1.5,1.4,1e4c4ad2e6e1,189,6.204,0,0,0,0,0,0,0.25,1.8,6676.74,1.43142,0.497346,0,0.0264,0.469905,0.945385,0.780393,,,RATE,10
anim_codelab_elephant_01,v1.5,1.4,1e4c4ad2e6e1,111,3.63,0,0,0,0,0,0,0.409091,1.8,8812.21,1.15148,0.0832264,0,0.00586337,0.655606,0.852201,0.756809,,,RATE,16.364
anim_codelab_frightenedcozmo_01,v1.5,1.4,1e4c4ad2e6e1,101,3.3,0,0,0,0,0,0,0.02,1.8,3656.82,0.307383,0.0803182,0,0.00540417,0.945951,0.960879,,,,,0.8
anim_codelab_frog_01,v1.5,1.4,1e4c4ad2e6e1,46,1.485,0,0,0,0,0,0,0.0888889,1.8,6581.05,0.427261,0.0808513,0,0.00613624,0.761884,0.117967,,,,RATE;LOWCORR,18.556
anim_codelab_getin_01,v1.5,1.4,1e4c4ad2e6e1,133,4.356,0,0,0,0,0,0,0.0227273,1.8,3622.31,0.591288,0.0912884,0,0.00606871,0.962913,0.582542,,,,,0.909
anim_codelab_getout_01,v1.5,1.4,1e4c4ad2e6e1,63,2.046,0,0,0,0,0,0,0.258065,1.8,6253.2,0.876778,0.0192491,0,0.00260842,0.858001,0.0515262,0.963403,,,RATE;LOWCORR,25.323
anim_codelab_ghoulish_creeping_01,v1.5,1.4,1e4c4ad2e6e1,66,2.145,0,0,0,0,0,0,0.0307692,1.8,4785.38,0.497326,0.334833,0,0.021614,0.989859,0.323984,,,,,1.231
anim_codelab_kitchen_eating_01,v1.5,1.4,1e4c4ad2e6e1,131,4.29,0,0,0,0,0,0,0.0615385,1.8,3461.9,0.719734,0.273084,0,0.0145464,0.911677,0.924931,0.980768,,,RATE,2.462
anim_codelab_kitchen_yucky_01,v1.5,1.4,1e4c4ad2e6e1,74,2.409,0,0,0,0,0,0,0.506849,1.8,10104.9,1.47089,0.549879,0,0.0264,0.686795,0.822385,0.785024,,,RATE,20.274
anim_codelab_lightshow_idle,v1.5,1.4,1e4c4ad2e6e1,304,9.999,0,0,0,0,0,0,0.270627,1.8,8384.04,1.03339,0.575787,0,0.0264,0.932941,0.921919,0.927293,,,RATE,10.825
anim_codelab_magicfortuneteller_inquistive,v1.5,1.4,1e4c4ad2e6e1,102,3.333,0,0,0,0,0,0,0.0990099,1.8,3430.34,0.83252,0.0358281,0,0.00255394,0.830077,0.983858,,,,RATE,3.96
anim_codelab_rooster_01_head_angle_20,v1.5,1.4,1e4c4ad2e6e1,77,2.508,0,0,0,0,0,0,0.263158,1.8,5696.3,0.835834,0.170012,0,0.0131584,0.937282,0.227169,,,,RATE;LOWCORR,25.526
anim_codelab_rooster_01_head_angle_40,v1.5,1.4,1e4c4ad2e6e1,77,2.508,0,0,0,0,0,0,0.223684,1.8,5383.97,0.830474,0.170012,0,0.0131584,0.940495,0.227169,,,,RATE;LOWCORR,23.947
anim_codelab_scarycozmo_01,v1.5,1.4,1e4c4ad2e6e1,53,1.716,0,0,0,0,0,0,0,0.918313,1684.64,0.14197,0.410414,0,0.0264,0.786101,-0.587795,,,,LOWCORR,15
anim_codelab_sheep_01,v1.5,1.4,1e4c4ad2e6e1,131,4.29,0,0,0,0,0,0,0.0384615,1.8,1884.27,0.659238,0.0830782,0,0.00605017,0.984111,,,,,,1.538
anim_codelab_staring_loop,v1.5,1.4,1e4c4ad2e6e1,161,5.28,0,0,0,0,0,0,0,0.203696,229.852,0.0359466,0.170115,0,0.00772381,,,,,,STATIC,50
anim_codelab_tiger_01_head_angle_-20,v1.5,1.4,1e4c4ad2e6e1,257,8.448,0,0,0,0,0,0,0.199219,1.8,7613.55,1.029,0.555948,0,0.0264,0.903701,-0.131891,0.86795,,,RATE;LOWCORR,22.969
anim_codelab_tiger_01_head_angle_20,v1.5,1.4,1e4c4ad2e6e1,257,8.448,0,0,0,0,0,0,0.210938,1.8,7056.06,1.029,0.555948,0,0.0264,0.9409,0.207509,0.86795,,,RATE;LOWCORR,23.438
anim_codelab_tiger_01_head_angle_40,v1.5,1.4,1e4c4ad2e6e1,257,8.448,0,0,0,0,0,0,0.191406,1.8,6860.81,1.029,0.555948,0,0.0264,0.948464,0.207509,0.86795,,,RATE;LOWCORR,22.656
anim_codelab_tinyorchestra_conducting,v1.5,1.4,1e4c4ad2e6e1,185,6.072,0,0,0,0,0,0,0.173913,1.8,5944.54,1.11893,0.0431406,0,0.0023753,0.914168,0.966337,0.914945,,,RATE,6.957
anim_codelab_tinyorchestra_takataka_01,v1.5,1.4,1e4c4ad2e6e1,20,0.627,0,0,0,0,0,0,0.210526,1.8,10983.2,0.306481,0.0810168,0,0.00598431,0.845503,0.763555,,,,SHORT;RATE,18.421
anim_codelab_vampirebite_01,v1.5,1.4,1e4c4ad2e6e1,99,3.234,0,0,0.040404,0,0,0.040404,0.132653,1.8,7539.24,1.05779,0.449397,0,0.0264,0.857179,0.681513,0.917288,,,SAT;RATE,9.347
anim_codelab_zombiecrawl_01,v1.5,1.4,1e4c4ad2e6e1,131,4.29,0,0,0,0,0,0,0.0384615,1.8,1884.27,0.659238,0.0830782,0,0.00605017,0.984111,,,,,,1.538
anim_cozmosays_app_getin,v1.5,1.4,1e4c4ad2e6e1,35,1.122,0,0,0,0,0,0,0,1.305,3771.57,0.261511,0.0287901,0,0.00260466,0.872274,0.636528,,,,,0
anim_cozmosays_app_getout_01,v1.5,1.4,1e4c4ad2e6e1,31,0.99,0,0,0,0,0,0,0.4,1.8,7274.59,0.858926,0,0,0,0.990252,-0.8749,0.73882,,,RATE;LOWCORR,31
anim_cozmosays_app_getout_02,v1.5,1.4,1e4c4ad2e6e1,31,0.99,0,0,0,0,0,0,0.366667,1.8,7604.06,0.796228,0,0,0,0.9895,-0.787365,0.759116,,,RATE;LOWCORR,29.667
anim_cozmosays_badword_01_head_angle_-20,v1.5,1.4,1e4c4ad2e6e1,81,2.64,0,0,0,0,0,0,0.1625,1.8,8508.85,0.879028,0.614434,0,0.0264,0.889845,-0.0458969,0.912311,,,RATE;LOWCORR,21.5
anim_cozmosays_badword_01_head_angle_20,v1.5,1.4,1e4c4ad2e6e1,81,2.64,0,0,0,0,0,0,0.225,1.8,7692.43,0.879028,0.614434,0,0.0264,0.839507,0.930514,0.912311,,,RATE,9
anim_cozmosays_badword_01_head_angle_40,v1.5,1.4,1e4c4ad2e6e1,81,2.64,0,0,0,0,0,0,0.225,1.8,7505.53,0.879028,0.614434,0,0.0264,0.89264,0.930514,0.912311,,,RATE,9
anim_cozmosays_badword_02_head_angle_-20,v1.5,1.4,1e4c4ad2e6e1,90,2.937,0,0,0,0,0,0,0.292135,1.8,8178.07,0.838651,0.592463,0,0.0264,0.851109,-0.506321,0.891808,,,RATE;LOWCORR,26.685
anim_cozmosays_badword_02_head_angle_20,v1.5,1.4,1e4c4ad2e6e1,90,2.937,0,0,0,0,0,0,0.303371,1.8,8413.95,0.838651,0.592463,0,0.0264,0.63246,0.962901,0.891808,,,RATE,12.135
anim_cozmosays_badword_02_head_angle_40,v1.5,1.4,1e4c4ad2e6e1,90,2.937,0,0,0,0,0,0,0.247191,1.8,8444.07,0.838651,0.592463,0,0.0264,0.929506,0.962901,0.891808,,,RATE,9.888
anim_cozmosays_getin_long_01_head_angle_-20,v1.5,1.4,1e4c4ad2e6e1,120,3.927,0,0,0,0,0,0,0.252101,1.8,5971.61,1.04196,0.573316,0,0.0264,0.861314,0.621455,,,,RATE,10.084
anim_cozmosays_getin_long_01_head_angle_20,v1.5,1.4,1e4c4ad2e6e1,120,3.927,0,0,0,0,0,0,0.12605,1.8,5704.49,0.763132,0.573316,0,0.0264,0.920683,0.96323,,,,RATE,5.042
anim_cozmosays_getin_long_01_head_angle_40,v1.5,1.4,1e4c4ad2e6e1,120,3.927,0,0,0,0,0,0,0.0504202,1.8,5141.73,0.536389,0.573316,0,0.0264,0.946532,0.969908,,,,RATE,2.017
anim_cozmosays_getin_medium_01,v1.5,1.4,1e4c4ad2e6e1,93,3.036,0,0,0,0,0,0,0.184783,1.8,6642.36,0.67271,0.0961325,0,0.00503635,0.811182,0.489317,,,,RATE,7.391
anim_cozmosays_getin_medium_01_head_angle_-20,v1.5,1.4,1e4c4ad2e6e1,93,3.036,0,0,0,0,0,0,0.228261,1.8,7334.69,0.794845,0.0961325,0,0.00503635,0.673487,0.550573,,,,RATE,9.13
anim_cozmosays_getin_medium_01_head_angle_20,v1.5,1.4,1e4c4ad2e6e1,93,3.036,0,0,0,0,0,0,0.0326087,1.8,4982.75,0.497548,0.0961325,0,0.00503635,0.915472,0.92261,,,,,1.304
anim_cozmosays_getin_medium_01_head_angle_40,v1.5,1.4,1e4c4ad2e6e1,93,3.036,0,0,0,0,0,0,0.0434783,1.8,5051.27,0.526394,0.0961325,0,0.00503635,0.916816,0.92261,,,,,1.739
anim_cozmosays_getin_short_01_head_angle_-20,v1.5,1.4,1e4c4ad2e6e1,61,1.98,0,0,0,0,0,0,0.516667,1.8,11273.3,0.6202,0.0469583,0,0.00579023,0.702704,0.623937,,,,RATE,20.667
anim_cozmosays_getin_short_01_head_angle_20,v1.5,1.4,1e4c4ad2e6e1,61,1.98,0,0,0,0,0,0,0.0666667,1.8,4031.01,0.750035,0.0469583,0,0.00579023,0.904873,0.990615,,,,RATE,2.667
anim_cozmosays_getin_short_01_head_angle_40,v1.5,1.4,1e4c4ad2e6e1,61,1.98,0,0,0,0,0,0,0.0666667,1.8,3884.29,0.59295,0.0469583,0,0.00579023,0.932755,0.990615,,,,RATE,2.667
anim_cozmosays_getout_long_01_head_angle_-20,v1.5,1.4,1e4c4ad2e6e1,34,1.089,0,0,0,0,0,0,0.515152,1.8,12438.8,0.737025,0.0303238,0,0.00387394,0.721292,0.1585,0.82551,,,RATE;LOWCORR,35.606
anim_cozmosays_getout_long_01_head_angle_20,v1.5,1.4,1e4c4ad2e6e1,34,1.089,0,0,0,0,0,0,0.30303,1.8,10816.5,0.737025,0.0303238,0,0.00387394,0.817452,0.828266,0.82551,,,RATE,12.121
anim_cozmosays_getout_long_01_head_angle_40,v1.5,1.4,1e4c4ad2e6e1,34,1.089,0,0,0,0,0,0,0.30303,1.8,10791.1,0.737025,0.0303238,0,0.00387394,0.804319,0.828266,0.82551,,,RATE,12.121
anim_cozmosays_getout_medium_01_head_angle_-20,v1.5,1.4,1e4c4ad2e6e1,57,1.848,0,0,0,0,0,0,0.482143,1.8,9869.39,0.744729,0.0386025,0,0.00307584,0.396523,0.393011,0.717684,,,RATE,19.286
anim_cozmosays_getout_medium_01_head_angle_20,v1.5,1.4,1e4c4ad2e6e1,57,1.848,0,0,0,0,0,0,0.392857,1.8,9013.38,0.744729,0.0386025,0,0.00307584,0.628784,0.757783,0.717684,,,RATE,15.714
anim_cozmosays_getout_medium_01_head_angle_40,v1.5,1.4,1e4c4ad2e6e1,57,1.848,0,0,0,0,0,0,0.392857,1.8,9209.24,0.744729,0.0386025,0,0.00307584,0.73498,0.757783,0.717684,,,RATE,15.714
anim_cozmosays_getout_short_01,v1.5,1.4,1e4c4ad2e6e1,41,1.32,0,0,0,0,0,0,0.4,1.8,9296.95,0.693752,0.431279,0,0.0264,0.894389,0.113394,,,,RATE;LOWCORR,31
anim_cozmosays_getout_short_01_head_angle_-20,v1.5,1.4,1e4c4ad2e6e1,41,1.32,0,0,0,0,0,0,0.375,1.8,7795.6,0.653283,0.431279,0,0.0264,0.883844,-0.139389,,,,RATE;LOWCORR,30
anim_cozmosays_getout_short_01_head_angle_40,v1.5,1.4,1e4c4ad2e6e1,41,1.32,0,0,0,0,0,0,0.65,1.8,7411.06,0.89397,0.431279,0,0.0264,0.414836,0.96216,,,,RATE,26
anim_cozmosays_speakloop_01,v1.5,1.4,1e4c4ad2e6e1,31,0.99,0,0,0,0,0,0,0,0.0122245,19.4463,0.00251389,0.00917804,0,0.000904024,,,,,,STATIC,50
anim_cozmosays_speakloop_02,v1.5,1.4,1e4c4ad2e6e1,31,0.99,0,0,0,0,0,0,0,0,0,0,0,0,0,,,,,,STATIC,50
anim_cozmosays_speakloop_03,v1.5,1.4,1e4c4ad2e6e1,14,0.429,0,0,0,0,0,0,0,0.0906388,409.766,0.0117917,0.000219405,0,1.92523e-05,,,,,,TINY;SHORT;STATIC,70
anim_cozmosings_100_song_01,v1.5,1.4,1e4c4ad2e6e1,304,9.999,0,0,0,0,0,0,0.270627,1.8,8384.04,1.03339,0.575787,0,0.0264,0.932941,0.921919,0.927293,,,RATE,10.825
anim_cozmosings_120_song_01,v1.5,1.4,1e4c4ad2e6e1,261,8.58,0,0,0,0,0,0,0.311538,1.8,7074.67,1.76155,0.510235,0,0.0264,0.925545,0.957853,0.819811,,,RATE,12.462
anim_cozmosings_80_song_01,v1.5,1.4,1e4c4ad2e6e1,376,12.375,0,0,0,0,0,0,0.306667,1.8,8340.67,0.915498,0.531705,0,0.0264,0.926013,0.132559,0.877021,,,RATE;LOWCORR,27.267
anim_cozmosings_getin_01,v1.5,1.4,1e4c4ad2e6e1,251,8.25,0,0,0,0,0,0,0.356,1.8,6581.97,1.26174,0.633715,0,0.0264,0.892007,,0.987244,,,RATE,14.24
anim_cozmosings_getin_02,v1.5,1.4,1e4c4ad2e6e1,182,5.973,0,0,0,0,0,0,0.0607735,1.8,4368.97,0.750906,0.349062,0,0.0264,0.956908,,,,,RATE,2.431
anim_cozmosings_getin_03,v1.5,1.4,1e4c4ad2e6e1,161,5.28,0,0,0,0,0,0,0.11875,1.8,5034.16,1.04417,0.337841,0,0.0251932,0.977377,,0.957692,,,RATE,4.75
anim_cozmosings_getout_01,v1.5,1.4,1e4c4ad2e6e1,66,2.145,0,0,0,0,0,0,0.0615385,1.8,5736.58,0.533857,0.506882,0,0.0264,0.916112,0.894983,,,,RATE,2.462
anim_dancing_mambo_01,v1.5,1.4,1e4c4ad2e6e1,469,15.444,0,0,0.0426439,0,0,0.0426439,0.463675,1.8,9614.57,1.49858,0.566531,0,0.0264,0.839263,0.606565,0.732644,,,SAT;RATE,22.811
anim_dizzy_pickup_01,v1.5,1.4,1e4c4ad2e6e1,80,2.607,0,0,0,0,0,0,0.164557,1.8,7120.01,0.597206,0.375178,0,0.0264,0.965841,0.0478112,,,,RATE;LOWCORR,21.582
anim_dizzy_pickup_02,v1.5,1.4,1e4c4ad2e6e1,100,3.267,0,0,0,0,0,0,0.040404,1.8,5056.87,0.648714,0.359192,0,0.0264,0.878475,0.158406,0.901304,,,LOWCORR,16.616
anim_dizzy_pickup_03,v1.5,1.4,1e4c4ad2e6e1,91,2.97,0,0,0,0,0,0,0.188889,1.8,6415.41,0.714616,0.63661,0,0.0264,0.954025,0.119429,,,,RATE;LOWCORR,22.556
anim_dizzy_reaction_hard_01,v1.5,1.4,1e4c4ad2e6e1,377,12.408,0,0,0,0,0,0,0.0611702,1.8,3861.73,0.89263,0.505114,0,0.0264,0.966718,0.0531014,0.964789,,,RATE;LOWCORR,17.447
anim_dizzy_reaction_medium_01,v1.5,1.4,1e4c4ad2e6e1,276,9.075,0,0,0,0,0,0,0.0872727,1.8,5462.1,1.09296,0.649123,0,0.0264,0.950666,0.266578,0.959623,,,RATE;LOWCORR,18.491
anim_dizzy_reaction_medium_02,v1.5,1.4,1e4c4ad2e6e1,201,6.6,0,0,0,0,0,0,0.125,1.8,6096.35,1.07008,0.223911,0,0.00999922,0.646871,0.138024,0.442308,,,RATE;LOWCORR,20
anim_dizzy_reaction_medium_03,v1.5,1.4,1e4c4ad2e6e1,275,9.042,0,0,0,0,0,0,0.105839,1.8,5984.16,1.171,0.532792,0,0.0264,0.964068,0.839057,0.975859,,,RATE,4.234
anim_dizzy_reaction_soft_01,v1.5,1.4,1e4c4ad2e6e1,163,5.346,0,0,0,0,0,0,0.12963,1.8,6995.64,0.814463,0.412652,0,0.0229834,0.85538,0.613447,0.858422,,,RATE,5.185
anim_dizzy_reaction_soft_02,v1.5,1.4,1e4c4ad2e6e1,152,4.983,0,0,0,0,0,0,0.211921,1.8,7480.44,1.16648,0.491708,0,0.0264,0.942373,0.913753,0.930339,,,RATE,8.477
anim_dizzy_reaction_soft_03,v1.5,1.4,1e4c4ad2e6e1,165,5.412,0,0,0,0,0,0,0.0731707,1.8,4860.28,1.09523,0.0815064,0,0.00518769,0.769196,-0.125206,0.951039,,,RATE;LOWCORR,17.927
anim_dizzy_shake_loop_01,v1.5,1.4,1e4c4ad2e6e1,165,5.412,0,0,0,0,0,0,0,1.75459,2959.71,0.606341,0.0528491,0,0.00346756,0.165971,,,,,LOWCORR,15
anim_dizzy_shake_stop_01,v1.5,1.4,1e4c4ad2e6e1,127,4.158,0,0,0,0,0,0,0,1.52052,5786.55,0.367282,0.124452,0,0.00649643,0.692519,0.0974464,,,,LOWCORR,15
anim_driving_upset_end_01,v1.5,1.4,1e4c4ad2e6e1,8,0.231,0,0,0,0,0,0,0,1.55425,1558.8,0.238785,0,0,0,0.991064,,,,,TINY;SHORT,20
anim_driving_upset_loop_01,v1.5,1.4,1e4c4ad2e6e1,41,1.32,0,0,0,0,0,0,0,1.73114,2175.87,0.410611,0.340685,0,0.0264,0.990142,,,,,,0
anim_driving_upset_loop_02,v1.5,1.4,1e4c4ad2e6e1,51,1.65,0,0,0,0,0,0,0,0.508308,959.922,0.137702,0.0721113,0,0.00650722,0.848606,,,,,,0
anim_driving_upset_loop_03,v1.5,1.4,1e4c4ad2e6e1,101,3.3,0,0,0,0,0,0,0,0.0660513,56.5069,0.0140487,0.0109269,0,0.000765234,,,,,,STATIC,50
anim_driving_upset_start_01,v1.5,1.4,1e4c4ad2e6e1,13,0.396,0,0,0,0,0,0,0,0.440218,811.781,0.101621,0.3168,0,0.0264,,,,,,TINY;SHORT,20
anim_endmambo,v1.5,1.4,1e4c4ad2e6e1,99,3.234,0,0,0.020202,0,0,0.020202,0.704082,1.8,13375.7,1.0029,0.566611,0,0.0264,0.868223,0.781411,,,,SAT;RATE,30.183
anim_energy_cubedone_01,v1.5,1.4,1e4c4ad2e6e1,20,0.627,0,0,0,0,0,0,0.210526,1.8,10983.2,0.306481,0.0810168,0,0.00598431,0.845503,0.763555,,,,SHORT;RATE,18.421
anim_energy_cubedone_02,v1.5,1.4,1e4c4ad2e6e1,38,1.221,0,0,0,0,0,0,0,1.20358,3321.25,0.338179,0.128489,0,0.00862068,0.894354,0.996931,,,,,0
anim_energy_cubedonelvl1_02,v1.5,1.4,1e4c4ad2e6e1,38,1.221,0,0,0,0,0,0,0.486486,1.8,9081.67,0.936919,0.0925579,0,0.00719315,0.931685,0.464045,0.803061,,,RATE,19.459
anim_energy_cubedown_01,v1.5,1.4,1e4c4ad2e6e1,56,1.815,0,0,0,0,0,0,0.436364,1.8,8282.65,0.958212,0.424879,0,0.0264,0.626131,0.28453,,,,RATE;LOWCORR,32.455
anim_energy_cubedown_02,v1.5,1.4,1e4c4ad2e6e1,113,3.696,0,0,0,0,0,0,0.0357143,1.8,1986.48,0.702125,0.157767,0,0.0122958,0.994813,-0.0788338,,,,LOWCORR,16.429
anim_energy_cubedownlvl1_02,v1.5,1.4,1e4c4ad2e6e1,73,2.376,0,0,0,0,0,0,0.486111,1.8,9509.83,0.948648,0.520333,0,0.0264,0.928214,0.508883,,,,RATE,19.444
anim_energy_cubedownlvl1_03,v1.5,1.4,1e4c4ad2e6e1,93,3.036,0,0,0,0,0,0,0.141304,1.8,4613.22,0.625132,0.116761,0,0.00849402,0.959397,,,,,RATE,5.652
anim_energy_cubedownlvl2_02,v1.5,1.4,1e4c4ad2e6e1,90,2.937,0,0,0,0,0,0,0.11236,1.8,4387.73,0.719053,0.331377,0,0.0223255,0.956086,,,,,RATE,4.494
anim_energy_cubedownlvl2_03,v1.5,1.4,1e4c4ad2e6e1,65,2.112,0,0,0,0,0,0,0.125,1.8,5646.8,0.627181,0.347274,0,0.020925,0.78623,0.264361,,,,RATE;LOWCORR,20
anim_energy_cubenotfound_01,v1.5,1.4,1e4c4ad2e6e1,83,2.706,0,0,0,0,0,0,0.182927,1.8,7012.6,0.663968,0.508105,0,0.0264,0.876903,0.0563623,0.984465,,,RATE;LOWCORR,22.317
anim_energy_cubenotfound_02,v1.5,1.4,1e4c4ad2e6e1,116,3.795,0,0,0,0,0,0,0.147826,1.8,6044.74,0.726367,0.31303,0,0.0210515,0.905247,-0.176529,0.998571,,,RATE;LOWCORR,20.913
anim_energy_cubeshake_01,v1.5,1.4,1e4c4ad2e6e1,119,3.894,0,0,0,0,0,0,0.29661,1.8,9652.9,1.09322,0.0551611,0,0.00471807,0.67552,0.771598,0.987244,,,RATE,11.864
anim_energy_cubeshake_02,v1.5,1.4,1e4c4ad2e6e1,69,2.244,0,0,0.0724638,0,0,0.0724638,0.235294,1.8,6611.21,1.07632,0.255691,0,0.0181636,0.976993,0.852287,,,,SAT;RATE,16.658
anim_energy_cubeshake_lv2_02,v1.5,1.4,1e4c4ad2e6e1,175,5.742,0,0,0,0,0,0,0,1.57096,1805.47,0.699119,0.295848,0,0.0214167,0.994851,,,,,,0
anim_energy_cubeshake_lv2_03,v1.5,1.4,1e4c4ad2e6e1,174,5.709,0,0,0,0,0,0,0.0751445,1.8,4223.4,0.760093,0.443394,0,0.0264,0.979208,0.695196,,,,RATE,3.006
anim_energy_cubeshakelvl1_02,v1.5,1.4,1e4c4ad2e6e1,106,3.465,0,0,0,0,0,0,0.352381,1.8,11972,1.30295,0.158643,0,0.0162237,0.841292,-0.116881,0.824385,,,RATE;LOWCORR,29.095
anim_energy_cubeshakelvl1_03,v1.5,1.4,1e4c4ad2e6e1,131,4.29,0,0,0,0,0,0,0.0384615,1.8,1884.27,0.659238,0.0830782,0,0.00605017,0.984111,,,,,,1.538
anim_energy_drivegeout_01,v1.5,1.4,1e4c4ad2e6e1,35,1.122,0,0,0,0,0,0,0,1.60496,4239.92,0.303828,0.0554979,0,0.00493869,0.917418,,,,,,0
anim_energy_drivegetin_01,v1.5,1.4,1e4c4ad2e6e1,91,2.97,0,0,0,0,0,0,0,1.68244,2596.53,0.451701,0.170033,0,0.00830829,0.977967,,,,,,0
anim_energy_driveloop_01,v1.5,1.4,1e4c4ad2e6e1,151,4.95,0,0,0,0,0,0,0,0.805308,1813.08,0.135108,0.0558439,0,0.00281391,0.860131,,,,,,0
anim_energy_driveloop_02,v1.5,1.4,1e4c4ad2e6e1,104,3.399,0,0,0,0,0,0,0,1.29264,2319.08,0.233407,0.0915722,0,0.00789151,0.917658,,,,,,0
anim_energy_driveloop_03,v1.5,1.4,1e4c4ad2e6e1,101,3.3,0,0,0,0,0,0,0,1.21855,1625.98,0.228477,0.0962149,0,0.00789961,0.96188,,,,,,0
anim_energy_eat_01,v1.5,1.4,1e4c4ad2e6e1,421,13.86,0,0,0,0,0,0,0.107143,1.8,3607.72,1.42608,0.601765,0,0.0264,0.928874,0.96424,0.995563,,,RATE,4.286
anim_energy_eat_02,v1.5,1.4,1e4c4ad2e6e1,262,8.613,0,0,0,0,0,0,0.203065,1.8,6813.38,1.50901,0.643298,0,0.0264,0.69424,0.943085,0.958897,,,RATE,8.123
anim_energy_eat_03,v1.5,1.4,1e4c4ad2e6e1,254,8.349,0,0,0,0,0,0,0.106719,1.8,5089.5,1.02115,0.418577,0,0.0263383,0.977277,0.915148,,,,RATE,4.269
anim_energy_eat_04,v1.5,1.4,1e4c4ad2e6e1,285,9.372,0,0,0,0,0,0,0.137324,1.8,4930.47,1.55103,0.585181,0,0.0195369,0.962721,0.916732,0.975416,,,RATE,5.493
anim_energy_eat_lvl1_03,v1.5,1.4,1e4c4ad2e6e1,244,8.019,0,0,0,0,0,0,0.218107,1.8,7718.59,1.15569,0.62884,0,0.0264,0.855096,0.954007,0.728508,,,RATE,8.724
anim_energy_eat_lvl1_06,v1.5,1.4,1e4c4ad2e6e1,272,8.943,0,0,0,0,0,0,0.0664207,1.8,4448.16,1.25173,0.542106,0,0.0264,0.95402,0.971372,0.948266,,,RATE,2.657
anim_energy_eat_lvl1_07,v1.5,1.4,1e4c4ad2e6e1,300,9.867,0,0,0,0,0,0,0.133779,1.8,5032.24,1.6211,0.577178,0,0.0264,0.906303,0.986681,0.982564,,,RATE,5.351
anim_energy_eat_lvl1_08,v1.5,1.4,1e4c4ad2e6e1,422,13.893,0,0,0,0,0,0,0.0997625,1.8,5970.1,1.72424,0.667103,0,0.0264,0.746673,0.892719,0.954751,,,RATE,3.99
anim_energy_eat_lvl1_09,v1.5,1.4,1e4c4ad2e6e1,285,9.372,0,0,0,0,0,0,0.232394,1.8,7035.88,1.33836,0.649437,0,0.0264,0.910341,0.890066,0.849607,,,RATE,9.296
anim_energy_eat_lvl2_05,v1.5,1.4,1e4c4ad2e6e1,241,7.92,0,0,0,0,0,0,0.141667,1.8,4079.07,1.1775,0.550624,0,0.0264,0.983483,0.824524,0.972307,,,RATE,5.667
anim_energy_failgetout_01,v1.5,1.4,1e4c4ad2e6e1,56,1.815,0,0,0,0,0,0,0.327273,1.8,6029.06,0.714787,0.376213,0,0.0258965,0.934602,,,,,RATE,13.091
anim_energy_failgetout_02,v1.5,1.4,1e4c4ad2e6e1,64,2.079,0,0,0,0,0,0,0.190476,1.8,6599.92,0.910676,0.0832204,0,0.00589412,0.949207,0.305329,,,,RATE,7.619
anim_energy_getin_01,v1.5,1.4,1e4c4ad2e6e1,65,2.112,0,0,0,0,0,0,0.421875,1.8,9328.29,0.91252,0.568456,0,0.0264,0.976661,0.953346,,,,RATE,16.875
anim_energy_getout_01,v1.5,1.4,1e4c4ad2e6e1,101,3.3,0,0,0,0,0,0,0.25,1.8,6569.19,0.865018,0.480691,0,0.0239747,0.948015,,,,,RATE,10
anim_energy_idlel1_01,v1.5,1.4,1e4c4ad2e6e1,108,3.531,0,0,0,0,0,0,0,1.11261,1470.28,0.281008,0.0100767,0,0.000555038,0.964513,,,,,,0
anim_energy_idlel1_02,v1.5,1.4,1e4c4ad2e6e1,101,3.3,0,0,0,0,0,0,0,1.01922,1040.54,0.237379,0,0,0,0.988761,,,,,,0
anim_energy_idlel1_03,v1.5,1.4,1e4c4ad2e6e1,100,3.267,0,0,0,0,0,0,0,0.764128,550.897,0.252677,0.025115,0,0.00180006,0.984037,,,,,,0
anim_energy_idlel2_01_nohead,v1.5,1.4,1e4c4ad2e6e1,99,3.234,0,0,0,0,0,0,0,0.359137,214.423,0.0988479,0.326064,0,0.0259545,,,,,,,0
anim_energy_idlel2_02_nohead,v1.5,1.4,1e4c4ad2e6e1,151,4.95,0,0,0,0,0,0,0,1.10253,886.928,0.256963,0.0435408,0,0.00334138,,,,,,,0
anim_energy_idlel2_03_nohead,v1.5,1.4,1e4c4ad2e6e1,99,3.234,0,0,0,0,0,0,0,0.249376,230.505,0.0548752,0.143727,0,0.0108488,,,,,,,0
anim_energy_idlel2_04,v1.5,1.4,1e4c4ad2e6e1,113,3.696,0,0,0,0,0,0,0,0.891555,1057.2,0.201776,0.194615,0,0.0143903,0.974218,,,,,,0
anim_energy_idlel2_05,v1.5,1.4,1e4c4ad2e6e1,126,4.125,0,0,0,0,0,0,0,1.14362,1238.48,0.250391,0.229679,0,0.0154723,0.984959,,,,,,0
anim_energy_idlel2_06,v1.5,1.4,1e4c4ad2e6e1,99,3.234,0,0,0,0,0,0,0,1.0623,1043.68,0.208349,0.252714,0,0.0243982,0.970375,,,,,,0
anim_energy_idlel2_search_01,v1.5,1.4,1e4c4ad2e6e1,99,3.234,0,0,0,0,0,0,0.0714286,1.8,4240.06,0.588483,0.339544,0,0.0264,0.933257,,,,,RATE,2.857
anim_energy_idlel2_search_02,v1.5,1.4,1e4c4ad2e6e1,151,4.95,0,0,0,0,0,0,0,1.10253,2032.45,0.256963,0.0435408,0,0.00334138,0.862857,,,,,,0
anim_energy_idlel2_search_03,v1.5,1.4,1e4c4ad2e6e1,99,3.234,0,0,0,0,0,0,0,1.19992,1946.95,0.213158,0.143727,0,0.0108488,0.864279,,,,,,0
anim_energy_liftoncube_01,v1.5,1.4,1e4c4ad2e6e1,26,0.825,0,0,0,0,0,0,0.6,1.8,10966.9,0.957856,0,0,0,0.787642,0.898007,,,,SHORT;RATE,34
anim_energy_liftoncube_02,v1.5,1.4,1e4c4ad2e6e1,31,0.99,0,0,0,0,0,0,0.466667,1.8,8313.26,1.07447,0,0,0,0.786058,0.926718,,,,RATE,18.667
anim_energy_react_stop_01,v1.5,1.4,1e4c4ad2e6e1,113,3.696,0,0,0,0,0,0,0.133929,1.8,6276.94,0.658346,0.345531,0,0.0264,0.888062,,0.944739,,,RATE,5.357
anim_energy_reacttocliff_lv2_01,v1.5,1.4,1e4c4ad2e6e1,108,3.531,0,0,0,0,0,0,0.130841,1.8,4100.72,0.837718,0.357426,0,0.0264,0.97779,,,,,RATE,5.234
anim_energy_requestlvlone_01,v1.5,1.4,1e4c4ad2e6e1,131,4.29,0,0,0,0,0,0,0.0846154,1.8,5276.97,0.699919,0.0229356,0,0.00190878,0.974848,0.918498,,,,RATE,3.385
anim_energy_requestlvltwo_01,v1.5,1.4,1e4c4ad2e6e1,146,4.785,0,0,0,0,0,0,0.131034,1.8,5176.7,0.990823,0.344048,0,0.0259001,0.971568,0.914346,,,,RATE,5.241
anim_energy_requestshortlvl1_01,v1.5,1.4,1e4c4ad2e6e1,79,2.574,0,0,0,0,0,0,0.0384615,1.8,5712.09,0.556257,0.0404643,0,0.0031808,0.99018,0.968393,,,,,1.538
anim_energy_requestshortlvl2_01,v1.5,1.4,1e4c4ad2e6e1,91,2.97,0,0,0,0,0,0,0.1,1.8,6855.6,0.662854,0.267104,0,0.0204263,0.98505,0.960446,,,,RATE,4
anim_energy_shortreact_lvl2_01,v1.5,1.4,1e4c4ad2e6e1,46,1.485,0,0,0,0,0,0,0.222222,1.8,6977.92,0.552074,0.158564,0,0.0137657,0.877672,,,,,RATE,8.889
anim_energy_stuckonblock_lv2,v1.5,1.4,1e4c4ad2e6e1,167,5.478,0,0,0,0,0,0,0.253012,1.8,6918.89,1.31744,0.171831,0,0.0152509,0.898261,0.578425,,,,RATE,10.12
anim_energy_successgetout_01,v1.5,1.4,1e4c4ad2e6e1,34,1.089,0,0,0,0,0,0,0.454545,1.8,8655.82,0.67284,0.366245,0,0.0264,0.920469,0.786558,,,,RATE,18.182
anim_energy_successgetout_02,v1.5,1.4,1e4c4ad2e6e1,76,2.475,0,0,0,0,0,0,0.613333,1.8,7285.89,1.90824,0.515541,0,0.0264,0.920344,-0.251164,0.804986,,,RATE;LOWCORR,39.533
anim_energy_wakeup_01,v1.5,1.4,1e4c4ad2e6e1,129,4.224,0,0,0,0,0,0,0.0234375,1.8,2733.53,0.578711,0.350355,0,0.00984699,0.991157,,,,,,0.938
anim_explorer_driving01_end_01_head_angle_-10,v1.5,1.4,1e4c4ad2e6e1,11,0.33,0,0,0,0,0,0,0,0.318303,1047.66,0.0528091,0.0407993,0,0.00435573,,,,,,TINY;SHORT,20
anim_explorer_driving01_end_01_head_angle_-20,v1.5,1.4,1e4c4ad2e6e1,11,0.33,0,0,0,0,0,0,0,0.318303,1047.66,0.0528091,0.0407993,0,0.00435573,,,,,,TINY;SHORT,20
anim_explorer_driving01_end_01_head_angle_10,v1.5,1.4,1e4c4ad2e6e1,11,0.33,0,0,0,0,0,0,0,0.318303,1047.66,0.0528091,0.0407993,0,0.00435573,,,,,,TINY;SHORT,20
anim_explorer_driving01_end_01_head_angle_20,v1.5,1.4,1e4c4ad2e6e1,11,0.33,0,0,0,0,0,0,0,0.318303,1047.66,0.0528091,0.0407993,0,0.00435573,,,,,,TINY;SHORT,20
anim_explorer_driving01_end_01_head_angle_30,v1.5,1.4,1e4c4ad2e6e1,11,0.33,0,0,0,0,0,0,0,0.318303,1047.66,0.0528091,0.0407993,0,0.00435573,,,,,,TINY;SHORT,20
anim_explorer_driving01_end_01_head_angle_40,v1.5,1.4,1e4c4ad2e6e1,11,0.33,0,0,0,0,0,0,0,0.318303,1047.66,0.0528091,0.0407993,0,0.00435573,,,,,,TINY;SHORT,20
anim_explorer_driving01_loop_01_head_angle_-10,v1.5,1.4,1e4c4ad2e6e1,58,1.881,0,0,0,0,0,0,0,0.530221,1007.33,0.169389,0.0619276,0,0.00472903,,,,,,,0
anim_explorer_driving01_loop_01_head_angle_-20,v1.5,1.4,1e4c4ad2e6e1,58,1.881,0,0,0,0,0,0,0,0.530221,1007.33,0.169389,0.0619276,0,0.00472903,,,,,,,0
anim_explorer_driving01_loop_01_head_angle_10,v1.5,1.4,1e4c4ad2e6e1,58,1.881,0,0,0,0,0,0,0,0.530221,1007.33,0.169389,0.0619276,0,0.00472903,,,,,,,0
anim_explorer_driving01_loop_01_head_angle_20,v1.5,1.4,1e4c4ad2e6e1,58,1.881,0,0,0,0,0,0,0,0.530221,1007.33,0.169389,0.0619276,0,0.00472903,,,,,,,0
anim_explorer_driving01_loop_01_head_angle_30,v1.5,1.4,1e4c4ad2e6e1,58,1.881,0,0,0,0,0,0,0,0.530221,1007.33,0.169389,0.0619276,0,0.00472903,,,,,,,0
anim_explorer_driving01_loop_01_head_angle_40,v1.5,1.4,1e4c4ad2e6e1,58,1.881,0,0,0,0,0,0,0,0.530221,1007.33,0.169389,0.0619276,0,0.00472903,,,,,,,0
anim_explorer_driving01_loop_02_head_angle_-10,v1.5,1.4,1e4c4ad2e6e1,75,2.442,0,0,0,0,0,0,0,0.237154,86.0126,0.0496783,0.0100782,0,0.000769258,,,,,,STATIC,50
anim_explorer_driving01_loop_02_head_angle_-20,v1.5,1.4,1e4c4ad2e6e1,75,2.442,0,0,0,0,0,0,0,0.237154,86.0126,0.0496783,0.0100782,0,0.000769258,,,,,,STATIC,50
anim_explorer_driving01_loop_02_head_angle_10,v1.5,1.4,1e4c4ad2e6e1,75,2.442,0,0,0,0,0,0,0,0.237154,86.0126,0.0496783,0.0100782,0,0.000769258,,,,,,STATIC,50
anim_explorer_driving01_loop_02_head_angle_20,v1.5,1.4,1e4c4ad2e6e1,75,2.442,0,0,0,0,0,0,0,0.237154,86.0126,0.0496783,0.0100782,0,0.000769258,,,,,,STATIC,50
anim_explorer_driving01_loop_02_head_angle_30,v1.5,1.4,1e4c4ad2e6e1,75,2.442,0,0,0,0,0,0,0,0.237154,86.0126,0.0496783,0.0100782,0,0.000769258,,,,,,STATIC,50
anim_explorer_driving01_loop_02_head_angle_40,v1.5,1.4,1e4c4ad2e6e1,75,2.442,0,0,0,0,0,0,0,0.237154,86.0126,0.0496783,0.0100782,0,0.000769258,,,,,,STATIC,50
anim_explorer_driving01_loop_03_head_angle_-10,v1.5,1.4,1e4c4ad2e6e1,101,3.3,0,0,0,0,0,0,0,1.485,2676.38,0.17396,0.0695143,0,0.00465733,,,,,,,0
anim_explorer_driving01_loop_03_head_angle_-20,v1.5,1.4,1e4c4ad2e6e1,101,3.3,0,0,0,0,0,0,0,1.485,2676.38,0.17396,0.0695143,0,0.00465733,,,,,,,0
anim_explorer_driving01_loop_03_head_angle_10,v1.5,1.4,1e4c4ad2e6e1,101,3.3,0,0,0,0,0,0,0,1.485,2676.38,0.17396,0.0695143,0,0.00465733,,,,,,,0
anim_explorer_driving01_loop_03_head_angle_20,v1.5,1.4,1e4c4ad2e6e1,101,3.3,0,0,0,0,0,0,0,1.485,2676.38,0.17396,0.0695143,0,0.00465733,,,,,,,0
anim_explorer_driving01_loop_03_head_angle_30,v1.5,1.4,1e4c4ad2e6e1,101,3.3,0,0,0,0,0,0,0,1.485,2676.38,0.17396,0.0695143,0,0.00465733,,,,,,,0
anim_explorer_driving01_loop_03_head_angle_40,v1.5,1.4,1e4c4ad2e6e1,101,3.3,0,0,0,0,0,0,0,1.485,2676.38,0.17396,0.0695143,0,0.00465733,,,,,,,0
anim_explorer_driving01_start_01,v1.5,1.4,1e4c4ad2e6e1,28,0.891,0,0,0,0,0,0,0,0.670307,1023.37,0.122795,0.000895143,0,6.79493e-05,,,,,,SHORT,10
anim_explorer_driving01_start_01_head_angle_-10,v1.5,1.4,1e4c4ad2e6e1,28,0.891,0,0,0,0,0,0,0,0.670307,1023.37,0.122795,0.000895143,0,6.79493e-05,,,,,,SHORT,10
anim_explorer_driving01_start_01_head_angle_-20,v1.5,1.4,1e4c4ad2e6e1,28,0.891,0,0,0,0,0,0,0,0.670307,1023.37,0.122795,0.000895143,0,6.79493e-05,,,,,,SHORT,10
anim_explorer_driving01_start_01_head_angle_10,v1.5,1.4,1e4c4ad2e6e1,28,0.891,0,0,0,0,0,0,0,0.670307,1023.37,0.122795,0.000895143,0,6.79493e-05,,,,,,SHORT,10
anim_explorer_driving01_start_01_head_angle_20,v1.5,1.4,1e4c4ad2e6e1,28,0.891,0,0,0,0,0,0,0,0.670307,1023.37,0.122795,0.000895143,0,6.79493e-05,,,,,,SHORT,10
anim_explorer_driving01_start_01_head_angle_30,v1.5,1.4,1e4c4ad2e6e1,28,0.891,0,0,0,0,0,0,0,0.670307,1023.37,0.122795,0.000895143,0,6.79493e-05,,,,,,SHORT,10
anim_explorer_driving01_start_01_head_angle_40,v1.5,1.4,1e4c4ad2e6e1,28,0.891,0,0,0,0,0,0,0,0.670307,1023.37,0.122795,0.000895143,0,6.79493e-05,,,,,,SHORT,10
anim_explorer_driving01_start_02_head_angle_-10,v1.5,1.4,1e4c4ad2e6e1,34,1.089,0,0,0,0,0,0,0,1.26335,1166.84,0.125208,0.0305328,0,0.00363278,,,,,,,0
anim_explorer_driving01_start_02_head_angle_-20,v1.5,1.4,1e4c4ad2e6e1,34,1.089,0,0,0,0,0,0,0,1.26335,1166.84,0.125208,0.0305328,0,0.00363278,,,,,,,0
anim_explorer_driving01_start_02_head_angle_10,v1.5,1.4,1e4c4ad2e6e1,34,1.089,0,0,0,0,0,0,0,1.26335,1166.84,0.125208,0.0305328,0,0.00363278,,,,,,,0
anim_explorer_driving01_start_02_head_angle_20,v1.5,1.4,1e4c4ad2e6e1,34,1.089,0,0,0,0,0,0,0,1.26335,1166.84,0.125208,0.0305328,0,0.00363278,,,,,,,0
anim_explorer_driving01_start_02_head_angle_30,v1.5,1.4,1e4c4ad2e6e1,34,1.089,0,0,0,0,0,0,0,1.26335,1166.84,0.125208,0.0305328,0,0.00363278,,,,,,,0
anim_explorer_driving01_start_02_head_angle_40,v1.5,1.4,1e4c4ad2e6e1,34,1.089,0,0,0,0,0,0,0,1.26335,1166.84,0.125208,0.0305328,0,0.00363278,,,,,,,0
anim_explorer_driving01_turbo_01,v1.5,1.4,1e4c4ad2e6e1,40,1.287,0,0,0,0,0,0,0,1.76298,6620.9,0.336404,0.39099,0,0.0264,0.938334,,,,,,0
anim_explorer_driving01_turbo_01_head_angle_-10,v1.5,1.4,1e4c4ad2e6e1,40,1.287,0,0,0,0,0,0,0.282051,1.8,8781.85,0.4455,0.39099,0,0.0264,0.819299,,,,,RATE,11.282
anim_explorer_driving01_turbo_01_head_angle_-20,v1.5,1.4,1e4c4ad2e6e1,40,1.287,0,0,0,0,0,0,0.333333,1.8,8384.83,0.646868,0.39099,0,0.0264,0.86328,,,,,RATE,13.333
anim_explorer_driving01_turbo_01_head_angle_10,v1.5,1.4,1e4c4ad2e6e1,40,1.287,0,0,0,0,0,0,0.102564,1.8,6782.74,0.400042,0.39099,0,0.0264,0.919249,,,,,RATE,4.103
anim_explorer_driving01_turbo_01_head_angle_20,v1.5,1.4,1e4c4ad2e6e1,40,1.287,0,0,0,0,0,0,0.128205,1.8,7459.13,0.431093,0.39099,0,0.0264,0.873763,,,,,RATE,5.128
anim_explorer_driving01_turbo_01_head_angle_30,v1.5,1.4,1e4c4ad2e6e1,40,1.287,0,0,0,0,0,0,0.128205,1.8,8077.16,0.418615,0.39099,0,0.0264,0.892075,,,,,RATE,5.128
anim_explorer_driving01_turbo_01_head_angle_40,v1.5,1.4,1e4c4ad2e6e1,40,1.287,0,0,0,0,0,0,0.0769231,1.8,6724.88,0.409001,0.39099,0,0.0264,0.954091,,,,,RATE,3.077
anim_explorer_drvback_end_01,v1.5,1.4,1e4c4ad2e6e1,11,0.33,0,0,0,0,0,0,0,0.318303,1047.66,0.0528091,0.0407993,0,0.00435573,,,,,,TINY;SHORT,20
anim_explorer_drvback_loop_01,v1.5,1.4,1e4c4ad2e6e1,58,1.881,0,0,0,0,0,0,0,0.530221,1007.33,0.169389,0.0619276,0,0.00472903,,,,,,,0
anim_explorer_drvback_loop_02,v1.5,1.4,1e4c4ad2e6e1,88,2.871,0,0,0,0,0,0,0,0.0709022,75.7699,0.0145179,0.00868523,0,0.000770032,,,,,,STATIC,50
anim_explorer_drvback_loop_03,v1.5,1.4,1e4c4ad2e6e1,117,3.828,0,0,0,0,0,0,0,1.485,2481.47,0.17396,0.0695152,0,0.00465733,,,,,,,0
anim_explorer_drvback_start_01,v1.5,1.4,1e4c4ad2e6e1,28,0.891,0,0,0,0,0,0,0,0.670307,1023.37,0.122795,0.000895143,0,6.79493e-05,,,,,,SHORT,10
anim_explorer_drvback_start_02,v1.5,1.4,1e4c4ad2e6e1,34,1.089,0,0,0,0,0,0,0,1.26335,1166.84,0.125208,0.0305328,0,0.00363278,,,,,,,0
anim_explorer_getin_01,v1.5,1.4,1e4c4ad2e6e1,39,1.254,0,0,0,0,0,0,0.368421,1.8,6020.37,0.658117,0.0547844,0,0.00493383,0.9286,0.856587,,,,RATE,14.737
anim_explorer_huh_01,v1.5,1.4,1e4c4ad2e6e1,15,0.462,0,0,0.2,0,0,0.2,0.285714,1.8,18261.7,0.287502,0.0772606,0,0.00662833,0.326472,,,,,SHORT;SAT;RATE,41.429
anim_explorer_huh_01_head_angle_-10,v1.5,1.4,1e4c4ad2e6e1,15,0.462,0,0,0.266667,0,0,0.266667,0.428571,1.8,19675.9,0.30294,0.0772606,0,0.00662833,0.0866537,,,,,SHORT;SAT;RATE;LOWCORR,68.81
anim_explorer_huh_01_head_angle_-20,v1.5,1.4,1e4c4ad2e6e1,15,0.462,0,0,0.266667,0,0,0.266667,0.428571,1.8,19675.9,0.30294,0.0772606,0,0.00662833,0.0866537,,,,,SHORT;SAT;RATE;LOWCORR,68.81
anim_explorer_huh_01_head_angle_10,v1.5,1.4,1e4c4ad2e6e1,15,0.462,0,0,0,0,0,0,0.214286,1.8,9677.49,0.38021,0.0772606,0,0.00662833,0.902753,,,,,SHORT;RATE,18.571
anim_explorer_huh_01_head_angle_20,v1.5,1.4,1e4c4ad2e6e1,15,0.462,0,0,0,0,0,0,0.214286,1.8,11664.6,0.4377,0.0772606,0,0.00662833,0.86056,,,,,SHORT;RATE,18.571
anim_explorer_huh_01_head_angle_30,v1.5,1.4,1e4c4ad2e6e1,15,0.462,0,0,0,0,0,0,0.214286,1.8,11664.5,0.4377,0.0772606,0,0.00662833,0.86056,,,,,SHORT;RATE,18.571
anim_explorer_huh_01_head_angle_40,v1.5,1.4,1e4c4ad2e6e1,15,0.462,0,0,0,0,0,0,0.214286,1.8,11664.5,0.4377,0.0772606,0,0.00662833,0.86056,,,,,SHORT;RATE,18.571
anim_explorer_idle_01_head_angle_-10,v1.5,1.4,1e4c4ad2e6e1,56,1.815,0,0,0,0,0,0,0,0.882936,706.779,0.182122,0.0606282,0,0.00366396,0.943192,,,,,,0
anim_explorer_idle_01_head_angle_-20,v1.5,1.4,1e4c4ad2e6e1,56,1.815,0,0,0,0,0,0,0,0.882936,706.784,0.182122,0.0606282,0,0.00366396,0.943192,,,,,,0
anim_explorer_idle_01_head_angle_10,v1.5,1.4,1e4c4ad2e6e1,56,1.815,0,0,0,0,0,0,0,0.635003,628.569,0.130707,0.0606282,0,0.00366396,0.930918,,,,,,0
anim_explorer_idle_01_head_angle_20,v1.5,1.4,1e4c4ad2e6e1,56,1.815,0,0,0,0,0,0,0,0.635003,628.567,0.130707,0.0606282,0,0.00366396,0.930918,,,,,,0
anim_explorer_idle_01_head_angle_30,v1.5,1.4,1e4c4ad2e6e1,56,1.815,0,0,0,0,0,0,0,0.635003,628.556,0.130707,0.0606282,0,0.00366396,0.930918,,,,,,0
anim_explorer_idle_01_head_angle_40,v1.5,1.4,1e4c4ad2e6e1,56,1.815,0,0,0,0,0,0,0,0.635003,628.561,0.130707,0.0606282,0,0.00366396,0.930918,,,,,,0
anim_explorer_idle_02,v1.5,1.4,1e4c4ad2e6e1,61,1.98,0,0,0,0,0,0,0,0.734506,979.566,0.179925,0.00743377,0,0.000553846,0.962599,,,,,,0
anim_explorer_idle_02_head_angle_-10,v1.5,1.4,1e4c4ad2e6e1,61,1.98,0,0,0,0,0,0,0,1.07993,1437.66,0.259367,0.00743377,0,0.000553846,0.975735,,,,,,0
anim_explorer_idle_02_head_angle_-20,v1.5,1.4,1e4c4ad2e6e1,61,1.98,0,0,0,0,0,0,0,1.07993,1437.66,0.259367,0.00743377,0,0.000553846,0.975718,,,,,,0
anim_explorer_idle_02_head_angle_10,v1.5,1.4,1e4c4ad2e6e1,61,1.98,0,0,0,0,0,0,0,0.869209,1032.71,0.213726,0.00743377,0,0.000553846,0.963791,,,,,,0
anim_explorer_idle_02_head_angle_20,v1.5,1.4,1e4c4ad2e6e1,61,1.98,0,0,0,0,0,0,0,0.869209,1032.71,0.213726,0.00743377,0,0.000553846,0.963772,,,,,,0
anim_explorer_idle_02_head_angle_30,v1.5,1.4,1e4c4ad2e6e1,61,1.98,0,0,0,0,0,0,0,0.869209,1032.71,0.213726,0.00743377,0,0.000553846,0.963751,,,,,,0
anim_explorer_idle_02_head_angle_40,v1.5,1.4,1e4c4ad2e6e1,61,1.98,0,0,0,0,0,0,0,0.828974,1040.89,0.195911,0.00743377,0,0.000553846,0.948355,,,,,,0
anim_explorer_idle_03_head_angle_-10,v1.5,1.4,1e4c4ad2e6e1,101,3.3,0,0,0,0,0,0,0,0.331734,520.975,0.0933986,0,0,0,0.456384,,,,,,0
anim_explorer_idle_03_head_angle_-20,v1.5,1.4,1e4c4ad2e6e1,101,3.3,0,0,0,0,0,0,0,0.331734,520.975,0.0933987,0,0,0,0.45633,,,,,,0
anim_explorer_idle_03_head_angle_10,v1.5,1.4,1e4c4ad2e6e1,101,3.3,0,0,0,0,0,0,0,0.476613,549.1,0.110201,0,0,0,0.399773,,,,,,0
anim_explorer_idle_03_head_angle_20,v1.5,1.4,1e4c4ad2e6e1,101,3.3,0,0,0,0,0,0,0,0.476613,549.104,0.110201,0,0,0,0.399727,,,,,,0
anim_explorer_idle_03_head_angle_30,v1.5,1.4,1e4c4ad2e6e1,101,3.3,0,0,0,0,0,0,0,0.47661,549.098,0.110201,0,0,0,0.399682,,,,,,0
anim_explorer_idle_03_head_angle_40,v1.5,1.4,1e4c4ad2e6e1,101,3.3,0,0,0,0,0,0,0,0.476613,549.099,0.110201,0,0,0,0.399634,,,,,,0
anim_factory_audio_test_01,v1.5,1.4,1e4c4ad2e6e1,565,18.612,0,0,0,0,0,0,0,0,0,0,0,0,0,,,,,,STATIC,50
anim_factory_audio_test_02,v1.5,1.4,1e4c4ad2e6e1,901,29.7,0,0,0,0,0,0,0.655556,1.8,13025.1,0.770022,0,0,0,0.883643,,,,,RATE,26.222
anim_fistbump_fail_01,v1.5,1.4,1e4c4ad2e6e1,235,7.722,0,0,0,0,0,0,0.200855,1.8,5441.19,1.14397,0.492709,0,0.0264,0.985771,0.866858,0.990994,,,RATE,8.034
anim_fistbump_idle_01,v1.5,1.4,1e4c4ad2e6e1,92,3.003,0,0,0,0,0,0,0,1.04225,795.716,0.24516,0.0288247,0,0.00242245,,,,,,,0
anim_fistbump_idle_02,v1.5,1.4,1e4c4ad2e6e1,91,2.97,0,0,0,0,0,0,0,0.302417,380.42,0.0505654,0,0,0,,,,,,,0
anim_fistbump_idle_03,v1.5,1.4,1e4c4ad2e6e1,92,3.003,0,0,0,0,0,0,0,1.20667,1011.65,0.27364,0.0269927,0,0.00177318,,,,,,,0
anim_fistbump_requestonce_01,v1.5,1.4,1e4c4ad2e6e1,51,1.65,0,0,0,0,0,0,0.56,1.8,9616.22,1.01072,0.0841254,0,0.0083316,0.868982,0.943736,,,,RATE,22.4
anim_fistbump_requestonce_02,v1.5,1.4,1e4c4ad2e6e1,119,3.894,0,0,0,0,0,0,0.127119,1.8,4929.33,0.841886,0.492389,0,0.0264,0.912052,0.971795,,,,RATE,5.085
anim_fistbump_requestoncelong_01,v1.5,1.4,1e4c4ad2e6e1,104,3.399,0,0,0,0,0,0,0.271845,1.8,8044.74,0.808102,0,0,0,0.85398,0.52448,0.986502,,,RATE,10.874
anim_fistbump_requesttwice_01,v1.5,1.4,1e4c4ad2e6e1,50,1.617,0,0,0,0,0,0,0.0612245,1.8,4397.71,0.451684,0.00712395,0,0.000604987,0.977244,0.978787,,,,RATE,2.449
anim_fistbump_success_01,v1.5,1.4,1e4c4ad2e6e1,73,2.376,0,0,0,0,0,0,0.625,1.8,7832.82,1.90825,0.575969,0,0.0264,0.963037,0.9591,0.79457,,,RATE,25
anim_fistbump_success_02,v1.5,1.4,1e4c4ad2e6e1,80,2.607,0,0,0,0,0,0,0.265823,1.8,8083.14,1.00507,0.508485,0,0.0264,0.698151,0.87701,,,,RATE,10.633
anim_fistbump_success_03,v1.5,1.4,1e4c4ad2e6e1,101,3.3,0,0,0,0,0,0,0.62,1.8,11306.1,1.99543,0.547799,0,0.0264,0.805818,0.916807,0.953412,,,RATE,24.8
anim_freeplay_reacttoface_identified_01,v1.5,1.4,1e4c4ad2e6e1,36,1.155,0,0,0,0,0,0,0.228571,1.8,6389.37,0.781122,0.474416,0,0.0264,0.96792,0.972298,,,,RATE,9.143
anim_freeplay_reacttoface_identified_01_head_angle_-20,v1.5,1.4,1e4c4ad2e6e1,36,1.155,0,0,0,0,0,0,0.457143,1.8,7188.7,0.888204,0.473924,0,0.0264,0.959845,0.619554,,,,RATE,18.286
anim_freeplay_reacttoface_identified_01_head_angle_20,v1.5,1.4,1e4c4ad2e6e1,36,1.155,0,0,0,0,0,0,0.171429,1.8,6200.4,0.777504,0.473654,0,0.0264,0.960008,0.974216,,,,RATE,6.857
anim_freeplay_reacttoface_identified_01_head_angle_40,v1.5,1.4,1e4c4ad2e6e1,36,1.155,0,0,0,0,0,0,0,1.75434,3385.81,0.485787,0.470745,0,0.0264,0.649335,0.974216,,,,,0
anim_freeplay_reacttoface_identified_02,v1.5,1.4,1e4c4ad2e6e1,46,1.485,0,0,0,0,0,0,0.4,1.8,7098.01,0.666551,0.232018,0,0.0194519,0.859964,,,,,RATE,16
anim_freeplay_reacttoface_identified_02_head_angle_-20,v1.5,1.4,1e4c4ad2e6e1,46,1.485,0,0,0,0,0,0,0.555556,1.8,7401.71,0.67856,0.232018,0,0.0194519,0.908801,,,,,RATE,22.222
anim_freeplay_reacttoface_identified_02_head_angle_20,v1.5,1.4,1e4c4ad2e6e1,46,1.485,0,0,0,0,0,0,0.0888889,1.8,4855.82,0.488235,0.232018,0,0.0194519,0.960661,,,,,RATE,3.556
anim_freeplay_reacttoface_identified_02_head_angle_40,v1.5,1.4,1e4c4ad2e6e1,46,1.485,0,0,0,0,0,0,0,0.795349,1250,0.228811,0.232018,0,0.0194519,0.503397,,,,,,0
anim_freeplay_reacttoface_identified_03_head_angle_-20,v1.5,1.4,1e4c4ad2e6e1,55,1.782,0,0,0,0,0,0,0.351852,1.8,6865.01,0.816732,0,0,0,0.947365,0.143316,,,,RATE;LOWCORR,29.074
anim_freeplay_reacttoface_identified_03_head_angle_20,v1.5,1.4,1e4c4ad2e6e1,55,1.782,0,0,0,0,0,0,0.203704,1.8,5673.4,0.699125,0,0,0,0.863137,0.947342,,,,RATE,8.148
anim_freeplay_reacttoface_identified_03_head_angle_40,v1.5,1.4,1e4c4ad2e6e1,55,1.782,0,0,0,0,0,0,0,1.70209,2750.56,0.581778,0,0,0,0.765169,0.947342,,,,,0
anim_freeplay_reacttoface_like_01,v1.5,1.4,1e4c4ad2e6e1,141,4.62,0,0,0,0,0,0,0.121429,1.8,6101.61,1.01767,0.562436,0,0.0264,0.939503,0.874447,,,,RATE,4.857
anim_freeplay_reacttoface_longname_01,v1.5,1.4,1e4c4ad2e6e1,89,2.904,0,0,0,0,0,0,0,1.31527,1561.96,0.318751,0.487662,0,0.0264,0.945686,,,,,,0
anim_freeplay_reacttoface_sayname_01_head_angle_-20,v1.5,1.4,1e4c4ad2e6e1,89,2.904,0,0,0,0,0,0,0.284091,1.8,6533.43,0.736212,0.500417,0,0.0264,0.844512,-0.118338,,,,RATE;LOWCORR,26.364
anim_freeplay_reacttoface_sayname_01_head_angle_20,v1.5,1.4,1e4c4ad2e6e1,89,2.904,0,0,0,0,0,0,0.0113636,1.8,3415.2,0.412385,0.500417,0,0.0264,0.874781,0.422157,,,,,0.455
anim_freeplay_reacttoface_sayname_01_head_angle_40,v1.5,1.4,1e4c4ad2e6e1,89,2.904,0,0,0,0,0,0,0.0227273,1.8,3349.29,0.450905,0.500417,0,0.0264,0.879926,0.433299,,,,,0.909
anim_freeplay_reacttoface_sayname_02,v1.5,1.4,1e4c4ad2e6e1,85,2.772,0,0,0,0,0,0,0.261905,1.8,8641.35,0.849268,0.513825,0,0.0264,0.202833,0.0730724,,,,RATE;LOWCORR,25.476
anim_freeplay_reacttoface_sayname_02_head_angle_-20,v1.5,1.4,1e4c4ad2e6e1,85,2.772,0,0,0.0588235,0,0,0.0588235,0.321429,1.8,8560.14,0.701723,0.513825,0,0.0264,0.678054,-0.18434,,,,SAT;RATE;LOWCORR,33.739
anim_freeplay_reacttoface_sayname_02_head_angle_20,v1.5,1.4,1e4c4ad2e6e1,85,2.772,0,0,0,0,0,0,0,1.73344,4086.88,0.64923,0.513825,0,0.0264,0.791096,0.174768,,,,LOWCORR,15
anim_freeplay_reacttoface_sayname_02_head_angle_40,v1.5,1.4,1e4c4ad2e6e1,85,2.772,0,0,0,0,0,0,0,1.67833,4315.88,0.636493,0.513825,0,0.0264,0.778934,0.187535,,,,LOWCORR,15
anim_freeplay_reacttoface_sayname_03_head_angle_-20,v1.5,1.4,1e4c4ad2e6e1,46,1.485,0,0,0,0,0,0,0.6,1.8,9168.26,1.06295,0.501634,0,0.0264,0.879055,0.70055,,,,RATE,24
anim_freeplay_reacttoface_sayname_03_head_angle_20,v1.5,1.4,1e4c4ad2e6e1,46,1.485,0,0,0,0,0,0,0.4,1.8,8357.71,0.760506,0.501634,0,0.0264,0.719244,0.908262,,,,RATE,16
anim_freeplay_reacttoface_sayname_03_head_angle_40,v1.5,1.4,1e4c4ad2e6e1,46,1.485,0,0,0,0,0,0,0.422222,1.8,8301.3,0.739219,0.501634,0,0.0264,0.00144991,0.908262,,,,RATE;LOWCORR,31.889
anim_freeplay_reacttoface_wiggle_01,v1.5,1.4,1e4c4ad2e6e1,73,2.376,0,0,0,0,0,0,0.388889,1.8,5799.85,1.37091,0.505699,0,0.0264,0.927625,0.959576,0.967565,,,RATE,15.556
anim_gamesetup_getin_01_head_angle_-20,v1.5,1.4,1e4c4ad2e6e1,15,0.462,0,0,0,0,0,0,0,0.91893,2969.73,0.16676,0,0,0,0.839696,-0.299554,,,,SHORT;LOWCORR,25
anim_gamesetup_getin_01_head_angle_20,v1.5,1.4,1e4c4ad2e6e1,15,0.462,0,0,0,0,0,0,0.571429,1.8,10467.6,0.632637,0,0,0,0.968883,0.151875,,,,SHORT;RATE;LOWCORR,47.857
anim_gamesetup_getin_01_head_angle_40,v1.5,1.4,1e4c4ad2e6e1,15,0.462,0,0,0,0,0,0,0.571429,1.8,12228.6,0.630942,0,0,0,0.911561,0.15704,,,,SHORT;RATE;LOWCORR,47.857
anim_gamesetup_getout_01,v1.5,1.4,1e4c4ad2e6e1,76,2.475,0,0,0,0,0,0,0.12,1.8,4015.51,0.746475,0.642392,0,0.0264,0.980112,0.128566,0.907337,,,RATE;LOWCORR,19.8
anim_gamesetup_idle_01,v1.5,1.4,1e4c4ad2e6e1,116,3.795,0,0,0,0,0,0,0,1.60441,1889.86,0.380041,0.0379866,0,0.00195438,0.978599,,,,,,0
anim_gamesetup_idle_02,v1.5,1.4,1e4c4ad2e6e1,89,2.904,0,0,0,0,0,0,0,0.834718,925.61,0.239397,0.159605,0,0.00989753,0.546527,,,,,,0
anim_gamesetup_idle_03,v1.5,1.4,1e4c4ad2e6e1,42,1.353,0,0,0,0,0,0,0,0.573978,711.559,0.0737422,0.0176117,0,0.00122899,,,,,,,0
anim_gamesetup_reaction_01,v1.5,1.4,1e4c4ad2e6e1,30,0.957,0,0,0,0,0,0,0,1.45393,5162.97,0.190695,0.0414392,0,0.00357419,0.715718,,,,,,0
anim_gif_gleeserious_01,v1.5,1.4,1e4c4ad2e6e1,91,2.97,0,0,0,0,0,0,0.166667,1.8,6290.39,0.783023,0.552128,0,0.0264,0.980723,-0.157005,0.9747,,,RATE;LOWCORR,21.667
anim_gif_idk_01,v1.5,1.4,1e4c4ad2e6e1,116,3.795,0,0,0,0,0,0,0.0434783,1.8,3456.33,0.495096,0.0454841,0,0.00303549,0.916969,0.830842,,,,,1.739
anim_gif_no_01,v1.5,1.4,1e4c4ad2e6e1,66,2.145,0,0,0,0,0,0,0.507692,1.8,8823.37,0.762438,0.0994453,0,0.00832283,0.985473,,0.411128,,,RATE,20.308
anim_gotosleep_getin_01,v1.5,1.4,1e4c4ad2e6e1,161,5.28,0,0,0,0,0,0,0,0.816389,392.012,0.602952,0.656065,0,0.0242868,0.994576,,,,,,0
anim_gotosleep_getout_01,v1.5,1.4,1e4c4ad2e6e1,121,3.96,0,0,0,0,0,0,0,1.20819,1982.14,0.640331,0.687399,0,0.0264,0.991986,,,,,,0
anim_gotosleep_getout_02,v1.5,1.4,1e4c4ad2e6e1,136,4.455,0,0,0,0,0,0,0,1.45071,1207.2,0.672497,0.707126,0,0.0264,0.988514,0.774162,,,,,0
anim_gotosleep_getout_03,v1.5,1.4,1e4c4ad2e6e1,103,3.366,0,0,0,0,0,0,0,1.03574,995.339,0.372649,0.689877,0,0.0264,0.974597,,,,,,0
anim_gotosleep_getout_04,v1.5,1.4,1e4c4ad2e6e1,96,3.135,0,0,0,0,0,0,0.168421,1.8,7385.65,0.79037,0.765762,0,0.0264,0.667147,0.277511,0.932986,,,RATE;LOWCORR,21.737
anim_gotosleep_off_01,v1.5,1.4,1e4c4ad2e6e1,33,1.056,0,0,0,0,0,0,0,0,0,0,0.0229985,0,0.00337768,,,,,,STATIC,50
anim_gotosleep_sleeping_01,v1.5,1.4,1e4c4ad2e6e1,445,14.652,0,0,0,0,0,0,0,0.563087,254.588,0.343786,0.119091,0,0.00796646,0.99599,,,,,,0
anim_gotosleep_sleeploop_01,v1.5,1.4,1e4c4ad2e6e1,445,14.652,0,0,0,0,0,0,0,0.24187,117.03,0.138183,0.119091,0,0.00796646,0.979081,,,,,,0
anim_greeting_happy_01,v1.5,1.4,1e4c4ad2e6e1,136,4.455,0,0,0,0,0,0,0.340741,1.8,4609.75,2.01954,0.482868,0,0.0264,0.726534,0.546983,0.978121,,,RATE,13.63
anim_greeting_happy_02,v1.5,1.4,1e4c4ad2e6e1,132,4.323,0,0,0,0,0,0,0.343511,1.8,6568.97,1.07382,0.561291,0,0.0256411,0.969614,0.908801,0.966393,,,RATE,13.74
anim_greeting_happy_03,v1.5,1.4,1e4c4ad2e6e1,95,3.102,0,0,0,0,0,0,0.255319,1.8,7361.38,1.06514,1.15633e-05,0,8.9407e-07,0.915335,0.527909,0.87751,,,RATE,10.213
anim_greeting_happy_03_head_angle_-20,v1.5,1.4,1e4c4ad2e6e1,95,3.102,0,0,0,0,0,0,0.329787,1.8,6995.54,1.06514,1.15633e-05,0,8.9407e-07,0.91865,-0.246631,0.87751,,,RATE;LOWCORR,28.191
anim_greeting_happy_03_head_angle_20,v1.5,1.4,1e4c4ad2e6e1,95,3.102,0,0,0,0,0,0,0.287234,1.8,7140.29,1.06514,1.15633e-05,0,8.9407e-07,0.924383,0.657954,0.87751,,,RATE,11.489
anim_greeting_happy_03_head_angle_40,v1.5,1.4,1e4c4ad2e6e1,95,3.102,0,0,0,0,0,0,0.212766,1.8,6655.41,1.06514,1.15633e-05,0,8.9407e-07,0.961594,0.657954,0.87751,,,RATE,8.511
anim_guarddog_cubedisconnect_01,v1.5,1.4,1e4c4ad2e6e1,16,0.495,0,0,0,0,0,0,0.0666667,1.8,9495.06,0.219712,0.00019902,0,1.59144e-05,0.495837,0.553409,,,,SHORT;RATE,12.667
anim_guarddog_fakeout_01,v1.5,1.4,1e4c4ad2e6e1,198,6.501,0,0,0,0,0,0,0.0203046,1.8,5229.3,0.644272,0.571447,0,0.0264,0.863263,0.113726,,,,LOWCORR,15.812
anim_guarddog_fakeout_02,v1.5,1.4,1e4c4ad2e6e1,133,4.356,0,0,0,0,0,0,0,1.08222,2768.93,0.420272,0.187121,0,0.018032,0.958806,0.946195,,,,,0
anim_guarddog_fakeout_03,v1.5,1.4,1e4c4ad2e6e1,127,4.158,0,0,0,0,0,0,0.134921,1.8,8290.96,0.740691,0.496932,0,0.0264,0.520079,0.603191,0.822567,,,RATE,5.397
anim_guarddog_getout_busted_01,v1.5,1.4,1e4c4ad2e6e1,264,8.679,0,0,0,0,0,0,0.174905,1.8,7739.48,1.52227,0.482198,0,0.0264,0.671563,0.887035,0.694002,,,RATE,6.996
anim_guarddog_getout_playersucess_01,v1.5,1.4,1e4c4ad2e6e1,296,9.735,0,0,0,0,0,0,0.0169492,1.8,4531.56,0.630652,0.642919,0,0.0264,0.897153,0.522779,0.845812,,,,0.678
anim_guarddog_getout_timeout_01,v1.5,1.4,1e4c4ad2e6e1,171,5.61,0,0,0,0,0,0,0,1.76102,2699.21,0.561648,0.594575,0,0.0264,0.980551,0.969864,,,,,0
anim_guarddog_getout_timeout_02,v1.5,1.4,1e4c4ad2e6e1,115,3.762,0,0,0,0,0,0,0.0263158,1.8,4968.72,0.39492,0.5212,0,0.0232004,0.8954,0.441028,0.980058,,,,1.053
anim_guarddog_getout_touched_01,v1.5,1.4,1e4c4ad2e6e1,181,5.94,0,0,0,0,0,0,0.227778,1.8,7213.28,0.723564,0.549243,0,0.0264,0.773317,0.577599,0.664141,,,RATE,9.111
anim_guarddog_getout_untouched_01,v1.5,1.4,1e4c4ad2e6e1,26,0.825,0,0,0,0,0,0,0,1.33648,2768.64,0.292785,0.3168,0,0.0264,0.963136,,,,,SHORT,10
anim_guarddog_getout_untouched_02,v1.5,1.4,1e4c4ad2e6e1,71,2.31,0,0,0,0,0,0,0,1.485,4881.31,0.366567,0.426899,0,0.0264,0.952917,0.912284,,,,,0
anim_guarddog_interruption_01,v1.5,1.4,1e4c4ad2e6e1,242,7.953,0,0,0,0,0,0,0.136929,1.8,6014.55,0.779689,0.47892,0,0.0264,0.937925,0.353231,0.934931,,,RATE,5.477
anim_guarddog_pulse_01,v1.5,1.4,1e4c4ad2e6e1,10,0.297,0,0,0,0,0,0,0,1.48799,12130.9,0.232999,0,0,0,0.877648,0.879947,,,,TINY;SHORT,20
anim_guarddog_settle_01,v1.5,1.4,1e4c4ad2e6e1,296,9.735,0,0,0,0,0,0,0.0474576,1.8,3106.95,1.08232,0.471726,0,0.0238939,0.879081,0.946292,0.685323,,,,1.898
anim_guarddog_sleeploop_01,v1.5,1.4,1e4c4ad2e6e1,200,6.567,0,0,0,0,0,0,0,1.06028,702.263,0.282235,0.193588,0,0.0145787,0.976693,,,,,,0
anim_guarddog_sleeploop_02,v1.5,1.4,1e4c4ad2e6e1,351,11.55,0,0,0,0,0,0,0,0.44443,303.744,0.133918,0.189075,0,0.0107389,0.976853,,,,,,0
anim_hiccup_01,v1.5,1.4,1e4c4ad2e6e1,48,1.551,0,0,0,0,0,0,0,1.48939,5231.42,0.42427,0.0271956,0,0.00245017,0.874246,0.177792,,,,LOWCORR,15
anim_hiccup_02,v1.5,1.4,1e4c4ad2e6e1,95,3.102,0,0,0,0,0,0,0.0212766,1.8,3436.55,0.456307,0.0745243,0,0.0055359,0.662651,0.756024,,,,,0.851
anim_hiccup_faceplant_01,v1.5,1.4,1e4c4ad2e6e1,131,4.29,0,0,0,0,0,0,0.169231,1.8,6806.73,0.948048,0.506267,0,0.0264,0.782941,0.325064,,,,RATE,6.769
anim_hiccup_faceplant_02,v1.5,1.4,1e4c4ad2e6e1,71,2.31,0,0,0,0,0,0,0.528571,1.8,8479.75,1.24908,0.417818,0,0.0264,0.821553,0.577972,,,,RATE,21.143
anim_hiccup_getin,v1.5,1.4,1e4c4ad2e6e1,46,1.485,0,0,0,0,0,0,0.0888889,1.8,6581.05,0.427261,0.0808513,0,0.00613624,0.761884,0.117967,,,,RATE;LOWCORR,18.556
anim_hiccup_playercure_getout,v1.5,1.4,1e4c4ad2e6e1,166,5.445,0,0,0,0,0,0,0.0363636,1.8,3402.53,1.02764,0.569888,0,0.0264,0.962978,-0.00222905,0.986488,,,LOWCORR,16.455
anim_hiccup_playercure_pickupreact,v1.5,1.4,1e4c4ad2e6e1,92,3.003,0,0,0,0,0,0,0.186813,1.8,5023.59,0.714616,0.636591,0,0.0264,0.94084,0.116596,,,,RATE;LOWCORR,22.473
anim_hiccup_selfcure_getout,v1.5,1.4,1e4c4ad2e6e1,212,6.963,0,0,0,0,0,0,0.113744,1.8,4385.51,0.91047,0.383437,0,0.0257564,0.974637,-0.0751165,0.993969,,,RATE;LOWCORR,19.55
anim_hiccup_turtleroll_01,v1.5,1.4,1e4c4ad2e6e1,91,2.97,0,0,0,0,0,0,0.533333,1.8,8549.27,1.22971,0.458254,0,0.0264,0.791051,-0.208011,,,,RATE;LOWCORR,36.333
anim_hiccup_withreaction_01,v1.5,1.4,1e4c4ad2e6e1,86,2.805,0,0,0,0,0,0,0.117647,1.8,5881.09,0.593171,0.461248,0,0.0264,0.89925,-0.0136035,0.901367,,,RATE;LOWCORR,19.706
anim_hiking_driving_end_01,v1.5,1.4,1e4c4ad2e6e1,11,0.33,0,0,0,0,0,0,0,0.997657,2765.24,0.213398,0.0407993,0,0.00435573,0.95389,,,,,TINY;SHORT,20
anim_hiking_driving_end_02,v1.5,1.4,1e4c4ad2e6e1,23,0.726,0,0,0,0,0,0,0,1.22102,3833.41,0.22463,0.0107729,0,0.0011974,0.926717,-0.567162,,,,SHORT;LOWCORR,25
anim_hiking_driving_loop_01,v1.5,1.4,1e4c4ad2e6e1,58,1.881,0,0,0,0,0,0,0,0.530218,998.147,0.151693,0.0619276,0,0.00472903,0.849846,,,,,,0
anim_hiking_driving_loop_02,v1.5,1.4,1e4c4ad2e6e1,75,2.442,0,0,0,0,0,0,0,0.237154,125.305,0.0496783,0.0100782,0,0.000769258,0.98924,,,,,STATIC,50
anim_hiking_driving_loop_03,v1.5,1.4,1e4c4ad2e6e1,101,3.3,0,0,0,0,0,0,0,1.485,2762.14,0.28975,0.0695143,0,0.00465733,0.974056,,,,,,0
anim_hiking_driving_loop_04,v1.5,1.4,1e4c4ad2e6e1,94,3.069,0,0,0,0,0,0,0,1.21842,1920.94,0.262825,0.0393691,0,0.00265056,0.99168,,,,,,0
anim_hiking_driving_loop_05,v1.5,1.4,1e4c4ad2e6e1,121,3.96,0,0,0,0,0,0,0,1.27856,1351.64,0.271223,0.46269,0,0.0264,0.968556,,,,,,0
anim_hiking_driving_loop_06,v1.5,1.4,1e4c4ad2e6e1,141,4.62,0,0,0,0,0,0,0.0142857,1.8,1614.35,0.447949,0.520894,0,0.0264,0.91017,,,,,,0.571
anim_hiking_driving_start_01,v1.5,1.4,1e4c4ad2e6e1,116,3.795,0,0,0,0,0,0,0,1.04411,1409.9,0.214114,0.0305148,0,0.00280446,0.952256,,,,,,0
anim_hiking_driving_start_02,v1.5,1.4,1e4c4ad2e6e1,34,1.089,0,0,0,0,0,0,0,1.08817,1205.33,0.179925,0.0305328,0,0.00363278,0.857285,,,,,,0
anim_hiking_driving_start_03,v1.5,1.4,1e4c4ad2e6e1,88,2.871,0,0,0,0,0,0,0.0689655,1.8,3229.56,0.459187,0.557911,0,0.0264,0.957115,0.0300034,,,,RATE;LOWCORR,17.759
anim_hiking_driving_start_04,v1.5,1.4,1e4c4ad2e6e1,41,1.32,0,0,0,0,0,0,0,1.68428,2036.05,0.43359,0.373416,0,0.0264,0.99229,,,,,,0
anim_hiking_edgesquintgetin_01,v1.5,1.4,1e4c4ad2e6e1,75,2.442,0,0,0,0,0,0,0,0.656402,695.654,0.110416,0.540113,0,0.0264,,,,,,,0
anim_hiking_edgesquintgetout_01,v1.5,1.4,1e4c4ad2e6e1,25,0.792,0,0,0,0,0,0,0,0.556498,989.775,0.110959,0.348056,0,0.0208591,,,,,,SHORT,10
anim_hiking_edgesquintloop_01,v1.5,1.4,1e4c4ad2e6e1,35,1.122,0,0,0,0,0,0,0,0.228327,393.314,0.0457711,0.00932285,0,0.000883013,,,,,,STATIC,50
anim_hiking_getin_01,v1.5,1.4,1e4c4ad2e6e1,35,1.122,0,0,0,0,0,0,0,1.30696,3041.44,0.23893,0.0287901,0,0.00260466,0.889182,-0.355496,,,,LOWCORR,15
anim_hiking_getin_02,v1.5,1.4,1e4c4ad2e6e1,48,1.551,0,0,0,0,0,0,0,1.52316,4826.74,0.348819,0.0292367,0,0.00545335,0.720985,0.631355,0.721499,,,,0
anim_hiking_getin_03,v1.5,1.4,1e4c4ad2e6e1,37,1.188,0,0,0,0,0,0,0.194444,1.8,9278.8,0.528873,0.0785214,0,0.00597471,0.871454,-0.181836,,,,RATE;LOWCORR,22.778
anim_hiking_lookaround_01,v1.5,1.4,1e4c4ad2e6e1,121,3.96,0,0,0,0,0,0,0.0916667,1.8,3228.59,0.746348,0.0251203,0,0.00211877,0.904408,,0.979027,,,RATE,3.667
anim_hiking_lookaround_02,v1.5,1.4,1e4c4ad2e6e1,90,2.937,0,0,0,0,0,0,0.0337079,1.8,3223.35,0.438595,0,0,0,0.970059,-0.48655,,,,LOWCORR,16.348
anim_hiking_lookaround_03,v1.5,1.4,1e4c4ad2e6e1,151,4.95,0,0,0,0,0,0,0.0133333,1.8,2853.13,0.922847,0.0823561,0,0.00585651,0.934267,,0.910488,,,,0.533
anim_hiking_observe_01,v1.5,1.4,1e4c4ad2e6e1,141,4.62,0,0,0,0,0,0,0.15,1.8,6121.13,1.10097,0.52389,0,0.0264,0.8863,0.587545,0.924053,,,RATE,6
anim_hiking_react_01,v1.5,1.4,1e4c4ad2e6e1,35,1.122,0,0,0,0,0,0,0.176471,1.8,9395.28,0.48114,0.0724206,0,0.00644845,0.843314,-0.913517,,,,RATE;LOWCORR,22.059
anim_hiking_react_02,v1.5,1.4,1e4c4ad2e6e1,178,5.841,0,0,0,0,0,0,0.0564972,1.8,4052.97,0.714315,0.159537,0,0.00872606,0.930256,0.119673,0.885591,,,RATE;LOWCORR,17.26
anim_hiking_react_03,v1.5,1.4,1e4c4ad2e6e1,93,3.036,0,0,0,0,0,0,0.076087,1.8,5182.06,0.610134,0.151202,0,0.00872582,0.900009,0.31957,0.933443,,,RATE,3.043
anim_hiking_react_04,v1.5,1.4,1e4c4ad2e6e1,41,1.32,0,0,0,0,0,0,0,1.49782,4175.8,0.298961,0.0834825,0,0.005858,0.864897,-0.0278633,,,,LOWCORR,15
anim_hiking_react_05,v1.5,1.4,1e4c4ad2e6e1,74,2.409,0,0,0,0,0,0,0.219178,1.8,6308.87,0.939268,0.484465,0,0.0264,0.943128,0.0555208,0.905748,,,RATE;LOWCORR,23.767
anim_hiking_rtnewarea_01,v1.5,1.4,1e4c4ad2e6e1,91,2.97,0,0,0,0,0,0,0.255556,1.8,6244.38,0.634274,0.458855,0,0.0264,0.984509,0.882372,,,,RATE,10.222
anim_hiking_rtnewarea_02,v1.5,1.4,1e4c4ad2e6e1,86,2.805,0,0,0,0,0,0,0.211765,1.8,6359.3,0.894639,0.566399,0,0.0264,0.976584,-0.467656,0.959887,,,RATE;LOWCORR,23.471
anim_hiking_rtnewarea_03,v1.5,1.4,1e4c4ad2e6e1,73,2.376,0,0,0,0,0,0,0.194444,1.8,6708.36,0.734715,0.549654,0,0.0264,0.919698,0.842006,,,,RATE,7.778
anim_hiking_rtpmarker_01,v1.5,1.4,1e4c4ad2e6e1,98,3.201,0,0,0,0,0,0,0.0618557,1.8,3955.2,0.410484,0.617627,0,0.0264,0.91361,0.762369,,,,RATE,2.474
anim_keepalive_blink_01,v1.5,1.4,1e4c4ad2e6e1,19,0.594,0,0,0,0,0,0,0,0.438358,884.693,0.0328231,0,0,0,,,,,,SHORT;STATIC,60
anim_keepalive_eyes_01_forward,v1.5,1.4,1e4c4ad2e6e1,161,5.28,0,0,0,0,0,0,0,1.77605,1592.14,0.535591,0.0358691,0,0.00220972,0.903249,,0.960299,,,,0
anim_keepalive_eyes_01_right,v1.5,1.4,1e4c4ad2e6e1,331,10.89,0,0,0,0,0,0,0,1.42171,1061.79,0.765497,0.0631502,0,0.00242341,0.93691,,0.987869,,,,0
anim_keepalive_eyes_01_updown,v1.5,1.4,1e4c4ad2e6e1,211,6.93,0,0,0,0,0,0,0,0.985792,1071.77,0.270968,0.0229355,0,0.00154322,0.968199,,,,,,0
anim_keepalive_eyesonly_loop_02,v1.5,1.4,1e4c4ad2e6e1,301,9.9,0,0,0,0,0,0,0,0.459942,417.605,0.0870324,0.275083,0,0.018416,,,,,,,0
anim_keepalive_eyesonly_loop_03,v1.5,1.4,1e4c4ad2e6e1,101,3.3,0,0,0,0,0,0,0,1.485,2676.38,0.17396,0.0695143,0,0.00465733,,,,,,,0
anim_keepaway_fakeout_01,v1.5,1.4,1e4c4ad2e6e1,121,3.96,0,0,0,0,0,0,0.216667,1.8,6892.7,1.23696,0.403517,0,0.0260232,0.870298,0.856114,0.927697,,,RATE,8.667
anim_keepaway_fakeout_02,v1.5,1.4,1e4c4ad2e6e1,156,5.115,0,0,0,0,0,0,0.154839,1.8,5830.59,1.69681,0.592939,0,0.0264,0.671627,0.986446,0.850701,,,RATE,6.194
anim_keepaway_fakeout_03,v1.5,1.4,1e4c4ad2e6e1,47,1.518,0,0,0,0,0,0,0.0652174,1.8,3138.02,0.463416,0.00971991,0,0.000824273,0.934148,0.521209,,,,RATE,2.609
anim_keepaway_fakeout_04,v1.5,1.4,1e4c4ad2e6e1,101,3.3,0,0,0,0,0,0,0,1.71199,3143.96,0.524077,0.442465,0,0.0264,0.916444,-0.385296,,,,LOWCORR,15
anim_keepaway_fakeout_05,v1.5,1.4,1e4c4ad2e6e1,53,1.716,0,0,0,0,0,0,0,0.918023,1716.42,0.14213,0.410414,0,0.0264,0.803772,0.146542,,,,LOWCORR,15
anim_keepaway_fakeout_06,v1.5,1.4,1e4c4ad2e6e1,70,2.277,0,0,0,0,0,0,0.26087,1.8,7008.03,1.28514,0.629698,0,0.0264,-0.187333,0.976301,,,,RATE;LOWCORR,25.435
anim_keepaway_getin_01,v1.5,1.4,1e4c4ad2e6e1,81,2.64,0,0,0,0,0,0,0,1.62155,3223.59,0.684222,0.579633,0,0.0264,0.961489,0.802113,,,,,0
anim_keepaway_getin_02,v1.5,1.4,1e4c4ad2e6e1,59,1.914,0,0,0,0,0,0,0,1.22423,1780.66,0.765017,0.0831981,0,0.00579756,0.907363,,,,,,0
anim_keepaway_getin_03,v1.5,1.4,1e4c4ad2e6e1,61,1.98,0,0,0,0,0,0,0,0.875552,1700.89,0.242777,0.286649,0,0.0207831,0.713878,0.627693,,,,,0
anim_keepaway_getout_01,v1.5,1.4,1e4c4ad2e6e1,33,1.056,0,0,0,0,0,0,0.125,1.8,3474.41,0.595532,0.00596845,0,0.000544667,0.987463,,,,,RATE,5
anim_keepaway_getout_02,v1.5,1.4,1e4c4ad2e6e1,24,0.759,0,0,0,0,0,0,0.130435,1.8,3582.09,0.638686,0,0,0,0.995038,,0.938717,,,SHORT;RATE,15.217
anim_keepaway_getout_03,v1.5,1.4,1e4c4ad2e6e1,44,1.419,0,0,0,0,0,0,0.209302,1.8,3907.73,0.747038,0.0234709,0,0.00102115,0.949734,,,,,RATE,8.372
anim_keepaway_getready_01,v1.5,1.4,1e4c4ad2e6e1,57,1.848,0,0,0,0,0,0,0,1.26153,3254.55,0.321429,0.572471,0,0.0264,0.963922,,0.788011,,,,0
anim_keepaway_getready_02,v1.5,1.4,1e4c4ad2e6e1,44,1.419,0,0,0,0,0,0,0,1.42527,3379.87,0.313448,0.558194,0,0.0264,0.755632,-0.461235,,,,LOWCORR,15
anim_keepaway_getready_03,v1.5,1.4,1e4c4ad2e6e1,38,1.221,0,0,0,0,0,0,0,1.42162,2595.06,0.315352,0.287573,0,0.0243643,0.98339,,,,,,0
anim_keepaway_idle_01,v1.5,1.4,1e4c4ad2e6e1,127,4.158,0,0,0,0,0,0,0,1.30414,1357.15,0.355028,0.0989683,0,0.00607508,0.932185,0.376763,0.999637,,,,0
anim_keepaway_idle_02,v1.5,1.4,1e4c4ad2e6e1,133,4.356,0,0,0,0,0,0,0,0.92585,1453.37,0.205919,0.0421653,0,0.00509113,0.852507,0.162998,,,,LOWCORR,15
anim_keepaway_idle_03,v1.5,1.4,1e4c4ad2e6e1,161,5.28,0,0,0,0,0,0,0,1.37018,1252.1,0.332895,0.0103546,0,0.000558257,0.986093,,,,,,0
anim_keepaway_losegame_01,v1.5,1.4,1e4c4ad2e6e1,202,6.633,0,0,0,0,0,0,0.104478,1.8,4284.8,1.01467,0.70143,0,0.0264,0.945037,0.360846,0.997674,,,RATE,4.179
anim_keepaway_losegame_02,v1.5,1.4,1e4c4ad2e6e1,178,5.841,0,0,0,0,0,0,0.107345,1.8,3376.15,1.02959,0.541957,0,0.0264,0.975465,0.0121152,0.999385,,,RATE;LOWCORR,19.294
anim_keepaway_losegame_03,v1.5,1.4,1e4c4ad2e6e1,179,5.874,0,0,0,0,0,0,0.202247,1.8,5134.63,1.26935,0.663283,0,0.0264,0.935042,0.691481,0.871427,,,RATE,8.09
anim_keepaway_losehand_01,v1.5,1.4,1e4c4ad2e6e1,68,2.211,0,0,0,0,0,0,0.149254,1.8,5955.62,0.562654,0.560607,0,0.0264,0.957851,,0.338017,,,RATE,5.97
anim_keepaway_losehand_02,v1.5,1.4,1e4c4ad2e6e1,99,3.234,0,0,0,0,0,0,0.295918,1.8,9104.64,0.996731,0.610137,0,0.0264,0.638291,0.82708,,,,RATE,11.837
anim_keepaway_losehand_03,v1.5,1.4,1e4c4ad2e6e1,75,2.442,0,0,0,0,0,0,0.0945946,1.8,4265.85,0.60876,0.555391,0,0.0264,0.981532,,,,,RATE,3.784
anim_keepaway_pounce_01,v1.5,1.4,1e4c4ad2e6e1,50,1.617,0,0,0,0,0,0,0.755102,1.8,9687.07,1.19186,0.499855,0,0.0264,,0.812793,,,,RATE,30.204
anim_keepaway_pounce_02,v1.5,1.4,1e4c4ad2e6e1,77,2.508,0,0,0,0,0,0,0.394737,1.8,8569.8,1.08826,0.596097,0,0.0264,,0.805796,,,,RATE,15.789
anim_keepaway_pounce_03,v1.5,1.4,1e4c4ad2e6e1,23,0.726,0,0,0,0,0,0,0.454545,1.8,10919.7,0.3992,0,0,0,,0.358709,,,,SHORT;RATE,28.182
anim_keepaway_pounce_04,v1.5,1.4,1e4c4ad2e6e1,20,0.627,0,0,0,0,0,0,0.578947,1.8,10181.7,0.764598,0,0,0,,-0.464688,,,,SHORT;RATE;LOWCORR,48.158
anim_keepaway_wingame_01,v1.5,1.4,1e4c4ad2e6e1,121,3.96,0,0,0,0,0,0,0.383333,1.8,9087.57,1.84483,0.500108,0,0.0264,0.853401,0.93196,0.917224,,,RATE,15.333
anim_keepaway_wingame_02,v1.5,1.4,1e4c4ad2e6e1,91,2.97,0,0,0,0,0,0,0.277778,1.8,8327.94,1.03952,0.46544,0,0.0264,0.847331,0.917212,0.890044,,,RATE,11.111
anim_keepaway_wingame_03,v1.5,1.4,1e4c4ad2e6e1,99,3.234,0,0,0,0,0,0,0.0510204,1.8,4017.49,0.62603,0.510667,0,0.0264,0.992997,-0.0331655,,,,RATE;LOWCORR,17.041
anim_keepaway_winhand_01,v1.5,1.4,1e4c4ad2e6e1,67,2.178,0,0,0,0,0,0,0.19697,1.8,6000.11,0.77701,0.517909,0,0.0264,0.966207,0.402978,,,,RATE,7.879
anim_keepaway_winhand_02,v1.5,1.4,1e4c4ad2e6e1,68,2.211,0,0,0,0,0,0,0,1.70756,4600.37,0.37523,0.469014,0,0.0264,0.898168,,,,,,0
anim_keepaway_winhand_03,v1.5,1.4,1e4c4ad2e6e1,70,2.277,0,0,0,0,0,0,0.376812,1.8,6280.21,1.1005,0.496208,0,0.0264,0.781329,0.418934,,,,RATE,15.072
anim_laser_drive_01,v1.5,1.4,1e4c4ad2e6e1,36,1.155,0,0,0,0,0,0,0,1.20019,541.841,0.234746,0.00591505,0,0.000671268,,,,,,,0
anim_laser_drive_02,v1.5,1.4,1e4c4ad2e6e1,46,1.485,0,0,0,0,0,0,0,0.689768,884.623,0.0654721,0.417687,0,0.0264,,,,,,,0
anim_laser_drive_03,v1.5,1.4,1e4c4ad2e6e1,31,0.99,0,0,0,0,0,0,0,0.172713,162.859,0.015003,0.00438583,0,0.000406742,,,,,,STATIC,50
anim_launch_altwakeup_01,v1.5,1.4,1e4c4ad2e6e1,148,4.851,0,0,0,0,0,0,0.272109,1.8,5618.02,1.31376,0.205723,0,0.0117059,0.926316,0.0204661,0.991743,,,RATE;LOWCORR,25.884
anim_launch_backpackidle,v1.5,1.4,1e4c4ad2e6e1,46,1.485,0,0,0,0,0,0,0,0,0,0,0,0,0,,,,,,STATIC,50
anim_launch_blankscreen,v1.5,1.4,1e4c4ad2e6e1,21,0.66,0,0,0,0,0,0,0,0,0,0,0,0,0,,,,,,SHORT;STATIC,60
anim_launch_cubediscovery,v1.5,1.4,1e4c4ad2e6e1,26,0.825,0,0,0,0,0,0,0.4,1.8,7172.22,0.866477,0,0,0,0.534145,0.660094,,,,SHORT;RATE,26
anim_launch_drivingloop_01,v1.5,1.4,1e4c4ad2e6e1,71,2.31,0,0,0,0,0,0,0,0.49052,589.693,0.108886,0.0337753,0,0.0023661,0.976522,,,,,,0
anim_launch_drivingloop_02,v1.5,1.4,1e4c4ad2e6e1,171,5.61,0,0,0,0,0,0,0,0.788727,858.316,0.167817,0.0318104,0,0.00270304,0.666441,,,,,,0
anim_launch_drivingloop_03,v1.5,1.4,1e4c4ad2e6e1,111,3.63,0,0,0,0,0,0,0,1.1323,1267,0.332888,0.477074,0,0.0264,0.886286,,,,,,0
anim_launch_enddriving_01,v1.5,1.4,1e4c4ad2e6e1,51,1.65,0,0,0,0,0,0,0,1.69814,2602.52,0.443467,0.469242,0,0.0264,0.926149,,,,,,0
anim_launch_eyeson_01,v1.5,1.4,1e4c4ad2e6e1,16,0.495,0,0,0,0,0,0,0,0.892074,698.987,0.145364,0,0,0,0.992063,,,,,SHORT,10
anim_launch_firsttimewakeup,v1.5,1.4,1e4c4ad2e6e1,749,24.684,0,0,0,0,0,0,0.0227273,1.8,1874.45,1.25561,0.817863,0,0.0225278,0.970045,-0.444153,0.974968,,,LOWCORR,15.909
anim_launch_firsttimewakeup_helloplayer_head_angle_-20,v1.5,1.4,1e4c4ad2e6e1,481,15.84,0,0,0,0,0,0,0.0270833,1.8,1757.93,0.842591,0.520575,0,0.0264,0.981746,0.040988,,,,LOWCORR,16.083
anim_launch_firsttimewakeup_helloplayer_head_angle_20,v1.5,1.4,1e4c4ad2e6e1,481,15.84,0,0,0,0,0,0,0.00833333,1.8,1634.18,0.657796,0.520575,0,0.0264,0.974778,0.95538,,,,,0.333
anim_launch_firsttimewakeup_helloplayer_head_angle_40,v1.5,1.4,1e4c4ad2e6e1,481,15.84,0,0,0,0,0,0,0,1.42724,1273.44,0.460637,0.520575,0,0.0264,0.905366,0.95538,,,,,0
anim_launch_firsttimewakeup_helloworld,v1.5,1.4,1e4c4ad2e6e1,302,9.933,0,0,0,0,0,0,0,1.54476,2009.76,0.574498,0.56354,0,0.0264,0.962855,0.592956,,,,,0
anim_launch_idle_01,v1.5,1.4,1e4c4ad2e6e1,117,3.828,0,0,0,0,0,0,0,0.900025,1480.99,0.30649,0.02328,0,0.00154239,0.940894,,,,,,0
anim_launch_idle_02,v1.5,1.4,1e4c4ad2e6e1,106,3.465,0,0,0,0,0,0,0,0.59974,894.516,0.185822,0.0101948,0,0.000666738,0.963418,,,,,,0
anim_launch_idle_03,v1.5,1.4,1e4c4ad2e6e1,61,1.98,0,0,0,0,0,0,0,0.470263,652.544,0.118527,0.0282701,0,0.00193328,0.91236,,,,,,0
anim_launch_lifteffortpickup_01,v1.5,1.4,1e4c4ad2e6e1,31,0.99,0,0,0,0,0,0,0,1.47658,4359,0.212053,0.183645,0,0.0264,,,,,,,0
anim_launch_lifteffortplacehigh_01,v1.5,1.4,1e4c4ad2e6e1,21,0.66,0,0,0,0,0,0,0,0.550917,880.776,0.118632,0.0494589,0,0.00737804,,,,,,SHORT,10
anim_launch_lifteffortplacelow_01,v1.5,1.4,1e4c4ad2e6e1,23,0.726,0,0,0,0,0,0,0,0.955683,2052.7,0.156116,0,0,0,,,,,,SHORT,10
anim_launch_reacttocubepickup,v1.5,1.4,1e4c4ad2e6e1,165,5.412,0,0,0,0,0,0,0.317073,1.8,5767.35,1.87038,0.0483723,0,0.00410831,0.941797,0.376116,0.911872,,,RATE,12.683
anim_launch_reacttoputdown,v1.5,1.4,1e4c4ad2e6e1,119,3.894,0,0,0,0,0,0,0.576271,1.8,9014.72,1.10791,0.510607,0,0.0264,0.875772,0.796231,0.895438,,,RATE,23.051
anim_launch_search_head_angle_-20,v1.5,1.4,1e4c4ad2e6e1,23,0.726,0,0,0,0,0,0,0,1.18897,1726.43,0.291153,0.032274,0,0.00167871,0.975057,,,,,SHORT,10
anim_launch_search_head_angle_20,v1.5,1.4,1e4c4ad2e6e1,23,0.726,0,0,0,0,0,0,0,0.857483,1631.32,0.166456,0.032274,0,0.00167871,0.949507,,,,,SHORT,10
anim_launch_search_head_angle_40,v1.5,1.4,1e4c4ad2e6e1,23,0.726,0,0,0,0,0,0,0,0.783779,1577.44,0.150092,0.032274,0,0.00167871,0.933106,,,,,SHORT,10
anim_launch_sleeping_01,v1.5,1.4,1e4c4ad2e6e1,395,13.002,0,0,0,0,0,0,0.00253807,1.8,1422.52,0.38388,0.248445,0,0.0160338,0.984572,,,,,,0.102
anim_launch_startdriving_01,v1.5,1.4,1e4c4ad2e6e1,29,0.924,0,0,0,0,0,0,0,1.23296,1749.89,0.296777,0.0126853,0,0.00127056,0.991887,,,,,SHORT,10
anim_launch_startsleeping_01,v1.5,1.4,1e4c4ad2e6e1,11,0.33,0,0,0,0,0,0,0,0,0,0,0,0,0,,,,,,TINY;SHORT;STATIC,70
anim_launch_wakeup_01,v1.5,1.4,1e4c4ad2e6e1,231,7.59,0,0,0,0,0,0,0.00434783,1.8,1690.71,0.707213,0.710748,0,0.0264,0.984139,,0.684585,,,,0.174
anim_launch_wakeup_02,v1.5,1.4,1e4c4ad2e6e1,121,3.96,0,0,0,0,0,0,0,1.58718,1775.17,0.576996,0.691588,0,0.0264,0.986437,,,,,,0
anim_launch_wakeup_03,v1.5,1.4,1e4c4ad2e6e1,136,4.455,0,0,0,0,0,0,0,1.55581,1595.78,0.673784,0.753745,0,0.0264,0.99275,0.745766,,,,,0
anim_launch_wakeup_04,v1.5,1.4,1e4c4ad2e6e1,106,3.465,0,0,0,0,0,0,0,1.35404,1948.63,0.568661,0.701932,0,0.0264,0.990248,,,,,,0
anim_launch_wakeup_05,v1.5,1.4,1e4c4ad2e6e1,96,3.135,0,0,0,0,0,0,0.178947,1.8,7567.35,0.755803,0.765762,0,0.0264,0.715837,0.30034,0.935351,,,RATE,7.158
anim_launch_wakeup_drivingloop_01,v1.5,1.4,1e4c4ad2e6e1,58,1.881,0,0,0,0,0,0,0,0.57931,1050.14,0.20455,0.0619276,0,0.00472903,0.867817,,,,,,0
anim_launch_wakeup_drivingloop_02,v1.5,1.4,1e4c4ad2e6e1,75,2.442,0,0,0,0,0,0,0,0.237154,93.003,0.0496783,0.0100782,0,0.000769258,0.977968,,,,,STATIC,50
anim_launch_wakeup_enddriving_01,v1.5,1.4,1e4c4ad2e6e1,14,0.429,0,0,0,0,0,0,0,0.389612,1258.48,0.0515811,0.0404798,0,0.00362003,,,,,,TINY;SHORT,20
anim_launch_wakeup_startdriving_01,v1.5,1.4,1e4c4ad2e6e1,123,4.026,0,0,0.170732,0,0,0.170732,0.0491803,1.8,3069.37,0.987083,0.0335606,0,0.00280446,0.993362,,,,,SAT,19.04
anim_loco_driving01_end_01,v1.5,1.4,1e4c4ad2e6e1,17,0.528,0,0,0,0,0,0,0,0.886974,2028.27,0.184178,0.0142382,0,0.00298715,0.881384,,,,,SHORT,10
anim_loco_driving01_loop_01,v1.5,1.4,1e4c4ad2e6e1,58,1.881,0,0,0,0,0,0,0,0.530207,1007.77,0.133997,0.0619276,0,0.00472903,0.895805,,,,,,0
anim_loco_driving01_loop_02,v1.5,1.4,1e4c4ad2e6e1,75,2.442,0,0,0,0,0,0,0,0.282723,200.228,0.073429,0.0100782,0,0.000769258,0.995851,,,,,,0
anim_loco_driving01_loop_03,v1.5,1.4,1e4c4ad2e6e1,101,3.3,0,0,0,0,0,0,0,1.485,2738.47,0.253414,0.0695143,0,0.00465733,0.975114,,,,,,0
anim_loco_driving01_start_01,v1.5,1.4,1e4c4ad2e6e1,116,3.795,0,0,0,0,0,0,0,1.04411,1409.9,0.214114,0.0305148,0,0.00280446,0.952256,,,,,,0
anim_loco_driving01_start_02,v1.5,1.4,1e4c4ad2e6e1,34,1.089,0,0,0,0,0,0,0,1.08817,1205.33,0.179925,0.0305328,0,0.00363278,0.857285,,,,,,0
anim_lookinplaceforfaces_keepalive_long_head_angle_-20,v1.5,1.4,1e4c4ad2e6e1,61,1.98,0,0,0,0,0,0,0,1.07993,1589.11,0.286824,0.00743377,0,0.000553846,0.975801,,,,,,0
anim_lookinplaceforfaces_keepalive_long_head_angle_20,v1.5,1.4,1e4c4ad2e6e1,61,1.98,0,0,0,0,0,0,0,0.869209,1234.87,0.286824,0.00743377,0,0.000553846,0.963692,,,,,,0
anim_lookinplaceforfaces_keepalive_long_head_angle_40,v1.5,1.4,1e4c4ad2e6e1,61,1.98,0,0,0,0,0,0,0,0.828974,1241.72,0.286824,0.00743377,0,0.000553846,0.947795,,,,,,0
anim_lookinplaceforfaces_keepalive_medium_head_angle_-20,v1.5,1.4,1e4c4ad2e6e1,31,0.99,0,0,0,0,0,0,0,1.40937,2586.24,0.358467,0.0254893,0,0.0033356,0.971897,,,,,,0
anim_lookinplaceforfaces_keepalive_medium_head_angle_20,v1.5,1.4,1e4c4ad2e6e1,31,0.99,0,0,0,0,0,0,0,0.883355,1391.6,0.220436,0.0254893,0,0.0033356,0.971884,,,,,,0
anim_lookinplaceforfaces_keepalive_medium_head_angle_40,v1.5,1.4,1e4c4ad2e6e1,31,0.99,0,0,0,0,0,0,0,0.876116,1395.7,0.220436,0.0254893,0,0.0033356,0.970295,,,,,,0
anim_lookinplaceforfaces_keepalive_short_head_angle_-20,v1.5,1.4,1e4c4ad2e6e1,11,0.33,0,0,0,0,0,0,0,0,0,0,0,0,0,,,,,,TINY;SHORT;STATIC,70
anim_lookinplaceforfaces_keepalive_short_head_angle_20,v1.5,1.4,1e4c4ad2e6e1,11,0.33,0,0,0,0,0,0,0,0,0,0,0,0,0,,,,,,TINY;SHORT;STATIC,70
anim_lookinplaceforfaces_keepalive_short_head_angle_40,v1.5,1.4,1e4c4ad2e6e1,11,0.33,0,0,0,0,0,0,0,0,0,0,0,0,0,,,,,,TINY;SHORT;STATIC,70
anim_majorfail,v1.5,1.4,1e4c4ad2e6e1,264,8.679,0,0,0,0,0,0,0.174905,1.8,7739.48,1.52227,0.482198,0,0.0264,0.671563,0.887035,0.694002,,,RATE,6.996
anim_majorwin,v1.5,1.4,1e4c4ad2e6e1,65,2.112,0,0,0,0,0,0,0,1.56429,3380.81,0.332034,0.621737,0,0.0264,0.978128,0.307871,,,,,0
anim_meetcozmo_celebration,v1.5,1.4,1e4c4ad2e6e1,313,10.296,0,0,0,0,0,0,0.391026,1.8,8772.82,1.38254,0.74005,0,0.0264,0.83431,0.841139,0.752376,,,RATE,15.641
anim_meetcozmo_celebration_02,v1.5,1.4,1e4c4ad2e6e1,89,2.904,0,0,0,0,0,0,0.397727,1.8,9543.07,1.08327,0.481621,0,0.0264,0.852836,0.907851,,,,RATE,15.909
anim_meetcozmo_celebration_02_head_angle_-20,v1.5,1.4,1e4c4ad2e6e1,89,2.904,0,0,0,0,0,0,0.397727,1.8,9259.7,1.06285,0.480494,0,0.0264,0.601778,0.729481,,,,RATE,15.909
anim_meetcozmo_celebration_02_head_angle_20,v1.5,1.4,1e4c4ad2e6e1,89,2.904,0,0,0,0,0,0,0.375,1.8,9594.75,1.09224,0.480494,0,0.0264,0.888833,0.89117,,,,RATE,15
anim_meetcozmo_celebration_02_head_angle_40,v1.5,1.4,1e4c4ad2e6e1,89,2.904,0,0,0,0,0,0,0.431818,1.8,9313.66,1.05288,0.486418,0,0.0264,0.880904,0.904741,,,,RATE,17.273
anim_meetcozmo_getin_head_angle_-20,v1.5,1.4,1e4c4ad2e6e1,21,0.66,0,0,0,0,0,0,0,0.883301,2277.2,0.14052,0,0,0,0.915853,,,,,SHORT,10
anim_meetcozmo_getin_head_angle_20,v1.5,1.4,1e4c4ad2e6e1,21,0.66,0,0,0,0,0,0,0,0.874089,2461.31,0.134315,0,0,0,0.909285,,,,,SHORT,10
anim_meetcozmo_getin_head_angle_40,v1.5,1.4,1e4c4ad2e6e1,21,0.66,0,0,0,0,0,0,0,0.874086,2461.31,0.134315,0,0,0,0.909285,,,,,SHORT,10
anim_meetcozmo_lookface,v1.5,1.4,1e4c4ad2e6e1,116,3.795,0,0,0,0,0,0,0,0.35683,438.302,0.154243,0.0642924,0,0.00491235,0.988944,0.474961,,,,,0
anim_meetcozmo_lookface_02,v1.5,1.4,1e4c4ad2e6e1,163,5.346,0,0,0,0,0,0,0,0.203696,228.909,0.0359466,0.170124,0,0.00772381,,,,,,STATIC,50
anim_meetcozmo_lookface_getin_head_angle_-20,v1.5,1.4,1e4c4ad2e6e1,35,1.122,0,0,0,0,0,0,0.0882353,1.8,3576.2,0.442997,0.495569,0,0.0264,0.896844,0.190876,,,,RATE;LOWCORR,18.529
anim_meetcozmo_lookface_getin_head_angle_20,v1.5,1.4,1e4c4ad2e6e1,35,1.122,0,0,0,0,0,0,0,1.46203,2923.19,0.261682,0.495569,0,0.0264,0.868315,0.532046,,,,,0
anim_meetcozmo_lookface_getin_head_angle_40,v1.5,1.4,1e4c4ad2e6e1,35,1.122,0,0,0,0,0,0,0,0.896656,2079.95,0.144581,0.495569,0,0.0264,0.754219,0.532046,,,,,0
anim_meetcozmo_lookface_getout_head_angle_-20,v1.5,1.4,1e4c4ad2e6e1,13,0.396,0,0,0,0,0,0,0,0.546423,2084.54,0.122932,0.000951946,0,9.31621e-05,-0.377816,0.11246,,,,TINY;SHORT;LOWCORR,35
anim_meetcozmo_lookface_getout_head_angle_20,v1.5,1.4,1e4c4ad2e6e1,13,0.396,0,0,0,0,0,0,0,0.306759,1626.17,0.0599091,0.000951946,0,9.31621e-05,-0.275836,0.447022,,,,TINY;SHORT;LOWCORR,35
anim_meetcozmo_lookface_getout_head_angle_40,v1.5,1.4,1e4c4ad2e6e1,13,0.396,0,0,0,0,0,0,0,0.38402,1450.89,0.0452828,0.000951946,0,9.31621e-05,-0.413838,0.447022,,,,TINY;SHORT;STATIC;LOWCORR,85
anim_meetcozmo_lookface_head_angle_-20,v1.5,1.4,1e4c4ad2e6e1,116,3.795,0,0,0,0,0,0,0,0.472528,466.205,0.214311,0.0642924,0,0.00491235,0.993504,0.0766034,,,,LOWCORR,15
anim_meetcozmo_lookface_head_angle_20,v1.5,1.4,1e4c4ad2e6e1,116,3.795,0,0,0,0,0,0,0,0.35683,438.301,0.154243,0.0642924,0,0.00491235,0.988944,0.474961,,,,,0
anim_meetcozmo_lookface_head_angle_40,v1.5,1.4,1e4c4ad2e6e1,116,3.795,0,0,0,0,0,0,0,0.265335,438.125,0.0511141,0.0642924,0,0.00491235,,0.474961,,,,,0
anim_meetcozmo_lookface_interrupt,v1.5,1.4,1e4c4ad2e6e1,13,0.396,0,0,0,0,0,0,0,0.306759,1300.8,0.0525115,0.000951946,0,9.31621e-05,-0.549815,0.447022,,,,TINY;SHORT;LOWCORR,35
anim_meetcozmo_reenrollment_sayname_01,v1.5,1.4,1e4c4ad2e6e1,81,2.64,0,0,0,0,0,0,0.2125,1.8,4275.14,0.799425,0.491439,0,0.0264,0.934534,0.434593,,,,RATE,8.5
anim_meetcozmo_reenrollment_sayname_02,v1.5,1.4,1e4c4ad2e6e1,83,2.706,0,0,0,0,0,0,0.207317,1.8,7614.7,0.875307,0.491055,0,0.0264,0.923175,0.0882843,,,,RATE;LOWCORR,23.293
anim_meetcozmo_reenrollment_sayname_03,v1.5,1.4,1e4c4ad2e6e1,48,1.551,0,0,0,0,0,0,0.574468,1.8,8182.49,0.868214,0.508107,0,0.0264,0.887893,0.882405,,,,RATE,22.979
anim_meetcozmo_sayname_01_head_angle_-20,v1.5,1.4,1e4c4ad2e6e1,109,3.564,0,0,0,0,0,0,0.0555556,1.8,3869.35,0.612885,0.0700806,0,0.00336218,0.969333,-0.0473053,0.806169,,,RATE;LOWCORR,17.222
anim_meetcozmo_sayname_01_head_angle_20,v1.5,1.4,1e4c4ad2e6e1,109,3.564,0,0,0,0,0,0,0.138889,1.8,5701.26,0.612885,0.0700806,0,0.00336218,0.99453,-0.135272,0.806169,,,RATE;LOWCORR,20.556
anim_meetcozmo_sayname_01_head_angle_40,v1.5,1.4,1e4c4ad2e6e1,109,3.564,0,0,0,0,0,0,0.148148,1.8,4529.6,0.746076,0.0700806,0,0.00336218,0.991595,0.378478,0.806169,,,RATE,5.926
anim_meetcozmo_sayname_02_head_angle_-20,v1.5,1.4,1e4c4ad2e6e1,75,2.442,0,0,0,0,0,0,0.202703,1.8,6581.41,0.930756,0.41571,0,0.0264,0.950138,0.0089864,,,,RATE;LOWCORR,23.108
anim_meetcozmo_sayname_02_head_angle_20,v1.5,1.4,1e4c4ad2e6e1,75,2.442,0,0,0,0,0,0,0.0540541,1.8,3408.6,0.540678,0.41571,0,0.0264,0.963518,0.294848,,,,RATE;LOWCORR,17.162
anim_meetcozmo_sayname_02_head_angle_40,v1.5,1.4,1e4c4ad2e6e1,75,2.442,0,0,0,0,0,0,0.0945946,1.8,4831.96,0.606815,0.41571,0,0.0264,0.953096,0.509099,,,,RATE,3.784
anim_memorymatch_failgame_cozmo_01,v1.5,1.4,1e4c4ad2e6e1,151,4.95,0,0,0,0,0,0,0.326667,1.8,8692.05,1.23096,0.507236,0,0.0264,0.696503,0.855391,0.85535,,,RATE,13.067
anim_memorymatch_failgame_cozmo_02,v1.5,1.4,1e4c4ad2e6e1,136,4.455,0,0,0,0,0,0,0.244444,1.8,8251.56,1.02023,0.6462,0,0.0264,0.589006,0.902083,0.960666,,,RATE,9.778
anim_memorymatch_failgame_cozmo_03,v1.5,1.4,1e4c4ad2e6e1,177,5.808,0,0,0,0,0,0,0,1.60174,1831.05,0.436932,0.39067,0,0.0264,0.895994,,,,,,0
anim_memorymatch_failgame_player_01,v1.5,1.4,1e4c4ad2e6e1,31,0.99,0,0,0,0,0,0,0,1.02391,1483.89,0.302248,0.000976861,0,6.65188e-05,0.979128,,,,,,0
anim_memorymatch_failgame_player_02,v1.5,1.4,1e4c4ad2e6e1,94,3.069,0,0,0,0,0,0,0.182796,1.8,8904.31,1.0379,0.482186,0,0.0264,0.699079,0.831597,0.78945,,,RATE,7.312
anim_memorymatch_failgame_player_03,v1.5,1.4,1e4c4ad2e6e1,81,2.64,0,0,0,0,0,0,0.1375,1.8,5897.52,0.810539,0.569381,0,0.0264,0.931291,0.836201,,,,RATE,5.5
anim_memorymatch_failhand_01,v1.5,1.4,1e4c4ad2e6e1,34,1.089,0,0,0,0,0,0,0.151515,1.8,4432.1,0.471216,0.324142,0,0.0264,0.847793,0.279465,0.834827,,,RATE;LOWCORR,21.061
anim_memorymatch_failhand_02,v1.5,1.4,1e4c4ad2e6e1,41,1.32,0,0,0,0,0,0,0,1.75143,4013.93,0.364789,0.194044,0,0.0234776,0.890524,0.803308,,,,,0
anim_memorymatch_failhand_03,v1.5,1.4,1e4c4ad2e6e1,34,1.089,0,0,0,0,0,0,0.212121,1.8,3804.48,0.51615,0.204443,0,0.023879,0.865193,,,,,RATE,8.485
anim_memorymatch_failhand_player_01,v1.5,1.4,1e4c4ad2e6e1,57,1.848,0,0,0,0,0,0,0.303571,1.8,7332.24,0.733724,0.543189,0,0.0264,0.811592,0.804316,,,,RATE,12.143
anim_memorymatch_failhand_player_02,v1.5,1.4,1e4c4ad2e6e1,56,1.815,0,0,0,0,0,0,0,1.70778,4993.88,0.472571,0.491491,0,0.0264,0.924926,0.835218,0.87609,,,,0
anim_memorymatch_failhand_player_03,v1.5,1.4,1e4c4ad2e6e1,59,1.914,0,0,0,0,0,0,0.465517,1.8,9801.64,0.81385,0.179495,0,0.0174804,0.910813,0.92779,0.947043,,,RATE,18.621
anim_memorymatch_getout_01,v1.5,1.4,1e4c4ad2e6e1,15,0.462,0,0,0.133333,0,0,0.133333,0.214286,1.8,9052.54,0.316432,0.0772606,0,0.00662833,0.988907,-0.886611,,,,SHORT;SAT;RATE;LOWCORR,46.905
anim_memorymatch_idle_01,v1.5,1.4,1e4c4ad2e6e1,117,3.828,0,0,0,0,0,0,0,1.72263,2080,0.474359,0.02328,0,0.00154239,0.953263,,0.981322,,,,0
anim_memorymatch_idle_02,v1.5,1.4,1e4c4ad2e6e1,106,3.465,0,0,0,0,0,0,0,1.01142,1132.02,0.243178,0.0101948,0,0.000666738,0.966988,,,,,,0
anim_memorymatch_idle_03,v1.5,1.4,1e4c4ad2e6e1,61,1.98,0,0,0,0,0,0,0,1.09395,1324.4,0.276863,0.0260553,0,0.00187171,0.781632,0.980367,,,,,0
anim_memorymatch_point_player_audio,v1.5,1.4,1e4c4ad2e6e1,1,0,0,0,0,0,0,0,0,0,0,0,0,0,0,,,,,,DEGENERATE;TINY;SHORT;STATIC,170
anim_memorymatch_pointbigleft_01,v1.5,1.4,1e4c4ad2e6e1,21,0.66,0,0,0,0,0,0,0.8,1.8,13179.7,0.649352,0.110523,0,0.00834447,0.970611,-0.101807,0.959103,,,SHORT;RATE;LOWCORR,57
anim_memorymatch_pointbigleft_02,v1.5,1.4,1e4c4ad2e6e1,21,0.66,0,0,0,0,0,0,0.8,1.8,13179.7,0.649352,0.110523,0,0.00834447,0.970611,-0.101807,0.959103,,,SHORT;RATE;LOWCORR,57
anim_memorymatch_pointbigleft_fast_01,v1.5,1.4,1e4c4ad2e6e1,9,0.264,0,0,0,0,0,0,0.625,1.8,22825,0.39501,0,0,0,0.905168,-0.160941,0.921491,,,TINY;SHORT;RATE;LOWCORR,60
anim_memorymatch_pointbigleft_fast_02,v1.5,1.4,1e4c4ad2e6e1,13,0.396,0,0,0,0,0,0,0.75,1.8,15064.3,0.607113,0.160447,0,0.0146774,0.976174,-0.0682973,0.841613,,,TINY;SHORT;RATE;LOWCORR,65
anim_memorymatch_pointbigright_01,v1.5,1.4,1e4c4ad2e6e1,21,0.66,0,0,0,0,0,0,0.45,1.8,9045.65,0.631477,0.0359944,0,0.00348675,0.946216,-0.214852,0.973579,,,SHORT;RATE;LOWCORR,43
anim_memorymatch_pointbigright_02,v1.5,1.4,1e4c4ad2e6e1,21,0.66,0,0,0,0,0,0,0.45,1.8,9045.65,0.631477,0.0359944,0,0.00348675,0.946216,-0.214852,0.973579,,,SHORT;RATE;LOWCORR,43
anim_memorymatch_pointbigright_fast_01,v1.5,1.4,1e4c4ad2e6e1,11,0.33,0,0,0,0,0,0,0.7,1.8,11721,0.51381,0,0,0,0.896098,0.0207913,0.938974,,,TINY;SHORT;RATE;LOWCORR,63
anim_memorymatch_pointbigright_fast_02,v1.5,1.4,1e4c4ad2e6e1,11,0.33,0,0,0,0,0,0,0.7,1.8,19488.3,0.51381,0,0,0,0.978552,0.38748,0.938974,,,TINY;SHORT;RATE,48
anim_memorymatch_pointcenter_01,v1.5,1.4,1e4c4ad2e6e1,19,0.594,0,0,0,0,0,0,0.388889,1.8,12062.3,0.500959,0.0825492,0,0.00659686,0.892432,0.925207,,,,SHORT;RATE,25.556
anim_memorymatch_pointcenter_02,v1.5,1.4,1e4c4ad2e6e1,19,0.594,0,0,0,0,0,0,0.222222,1.8,12946.3,0.324782,0.0180873,0,0.0014739,0.838643,-0.371768,,,,SHORT;RATE;LOWCORR,33.889
anim_memorymatch_pointcenter_03,v1.5,1.4,1e4c4ad2e6e1,21,0.66,0,0,0,0,0,0,0.25,1.8,7060.3,0.424682,0,0,0,0.509692,0.898555,,,,SHORT;RATE,20
anim_memorymatch_pointcenter_fast_01,v1.5,1.4,1e4c4ad2e6e1,12,0.363,0,0,0,0,0,0,0.454545,1.8,10373.6,0.51387,0.0761708,0,0.0077318,0.866093,0.880079,,,,TINY;SHORT;RATE,38.182
anim_memorymatch_pointcenter_fast_02,v1.5,1.4,1e4c4ad2e6e1,11,0.33,0,0,0,0,0,0,0.2,1.8,13073.7,0.293435,0,0,0,0.78733,-0.436748,,,,TINY;SHORT;RATE;LOWCORR,43
anim_memorymatch_pointcenter_fast_03,v1.5,1.4,1e4c4ad2e6e1,12,0.363,0,0,0,0,0,0,0.0909091,1.8,10420.7,0.257746,0,0,0,0.717634,0.559944,,,,TINY;SHORT;RATE,23.636
anim_memorymatch_pointsmallleft_01,v1.5,1.4,1e4c4ad2e6e1,21,0.66,0,0,0,0,0,0,0.6,1.8,12640.3,0.756182,0.0694861,0,0.00808525,0.837454,0.576216,0.922322,,,SHORT;RATE,34
anim_memorymatch_pointsmallleft_02,v1.5,1.4,1e4c4ad2e6e1,21,0.66,0,0,0,0,0,0,0.6,1.8,12640.3,0.756182,0.0694861,0,0.00808525,0.837454,0.576216,0.922322,,,SHORT;RATE,34
anim_memorymatch_pointsmallleft_fast_01,v1.5,1.4,1e4c4ad2e6e1,11,0.33,0,0,0,0,0,0,0.7,1.8,22156.1,0.443976,0.129166,0,0.0137899,0.619748,0.576143,0.960351,,,TINY;SHORT;RATE,48
anim_memorymatch_pointsmallleft_fast_02,v1.5,1.4,1e4c4ad2e6e1,10,0.297,0,0,0,0,0,0,0.666667,1.8,20479.3,0.45441,0,0,0,0.960031,0.661388,0.969271,,,TINY;SHORT;RATE,46.667
anim_memorymatch_pointsmallright_01,v1.5,1.4,1e4c4ad2e6e1,26,0.825,0,0,0,0,0,0,0.36,1.8,11691.8,0.643314,0.0402148,0,0.00349319,0.794077,0.461459,0.85623,,,SHORT;RATE,24.4
anim_memorymatch_pointsmallright_02,v1.5,1.4,1e4c4ad2e6e1,26,0.825,0,0,0,0,0,0,0.36,1.8,11815.6,0.643314,0.0402148,0,0.00349319,0.773988,0.461459,0.85623,,,SHORT;RATE,24.4
anim_memorymatch_pointsmallright_fast_01,v1.5,1.4,1e4c4ad2e6e1,16,0.495,0,0,0,0,0,0,0.6,1.8,11602.9,0.624073,0.0556394,0,0.00669312,0.785358,0.556985,0.874039,,,SHORT;RATE,34
anim_memorymatch_pointsmallright_fast_02,v1.5,1.4,1e4c4ad2e6e1,13,0.396,0,0,0,0,0,0,0.416667,1.8,18904.6,0.420893,0.125158,0,0.0114492,0.66056,-0.130041,0.835813,,,TINY;SHORT;RATE;LOWCORR,51.667
anim_memorymatch_reacttopattern_01,v1.5,1.4,1e4c4ad2e6e1,12,0.363,0,0,0,0,0,0,0,1.27291,1960.85,0.141231,0.00148207,0,0.000196934,0.98884,-0.844877,,,,TINY;SHORT;LOWCORR,35
anim_memorymatch_reacttopattern_02,v1.5,1.4,1e4c4ad2e6e1,15,0.462,0,0,0,0,0,0,0,0.741493,1292.23,0.161893,0.0130809,0,0.00108731,0.982664,,,,,SHORT,10
anim_memorymatch_reacttopattern_standard_01,v1.5,1.4,1e4c4ad2e6e1,99,3.234,0,0,0,0,0,0,0.0612245,1.8,4422.18,0.444087,0,0,0,0.930831,0.89264,,,,RATE,2.449
anim_memorymatch_reacttopattern_struggle_01,v1.5,1.4,1e4c4ad2e6e1,130,4.257,0,0,0,0,0,0,0.0387597,1.8,3125.96,0.932331,0.544454,0,0.0264,0.801306,0.978691,0.711855,,,,1.55
anim_memorymatch_reacttopattern_struggle_02,v1.5,1.4,1e4c4ad2e6e1,211,6.93,0,0,0,0,0,0,0.0142857,1.8,2962.51,0.645797,0.144872,0,0.0099256,0.905128,0.0070032,0.635912,,,LOWCORR,15.571
anim_memorymatch_reacttopattern_struggle_03,v1.5,1.4,1e4c4ad2e6e1,40,1.287,0,0,0,0,0,0,0.410256,1.8,12092.9,0.619352,0.376044,0,0.0264,0.884246,0.753362,0.604168,,,RATE,16.41
anim_memorymatch_solo_failhand_player_01,v1.5,1.4,1e4c4ad2e6e1,71,2.31,0,0,0,0,0,0,0,1.41789,3636.49,0.422526,0.1438,0,0.0136161,0.95679,0.211655,,,,LOWCORR,15
anim_memorymatch_solo_failhand_player_02,v1.5,1.4,1e4c4ad2e6e1,71,2.31,0,0,0,0,0,0,0,1.41789,3636.49,0.422526,0.1438,0,0.0136161,0.95679,0.211655,,,,LOWCORR,15
anim_memorymatch_solo_failhand_player_03,v1.5,1.4,1e4c4ad2e6e1,71,2.31,0,0,0,0,0,0,0,1.41789,3636.49,0.422526,0.1438,0,0.0136161,0.95679,0.211655,,,,LOWCORR,15
anim_memorymatch_solo_reacttopattern_01,v1.5,1.4,1e4c4ad2e6e1,96,3.135,0,0,0,0,0,0,0,1.38306,2283.96,0.223857,0.50588,0,0.0264,0.743004,-0.448955,,,,LOWCORR,15
anim_memorymatch_solo_reacttopattern_02,v1.5,1.4,1e4c4ad2e6e1,22,0.693,0,0,0,0,0,0,0,0.733126,2177.22,0.105146,0,0,0,0.749734,-0.00623546,,,,SHORT;LOWCORR,25
anim_memorymatch_solo_reacttopattern_03,v1.5,1.4,1e4c4ad2e6e1,31,0.99,0,0,0,0,0,0,0,0.932982,1823.08,0.209431,0.4224,0,0.0264,0.877744,-0.889679,,,,LOWCORR,15
anim_memorymatch_solo_successgame_player_01,v1.5,1.4,1e4c4ad2e6e1,47,1.518,0,0,0,0,0,0,0.630435,1.8,12280.9,0.838413,0.41232,0,0.0264,0.768541,0.59476,0.69299,,,RATE,25.217
anim_memorymatch_solo_successgame_player_02,v1.5,1.4,1e4c4ad2e6e1,43,1.386,0,0,0,0,0,0,0.642857,1.8,11702.1,0.83843,0.413034,0,0.0264,0.765967,0.581487,0.658263,,,RATE,25.714
anim_memorymatch_solo_successgame_player_03,v1.5,1.4,1e4c4ad2e6e1,43,1.386,0,0,0,0,0,0,0.642857,1.8,11702.1,0.83843,0.413034,0,0.0264,0.765967,0.581487,0.658263,,,RATE,25.714
anim_memorymatch_successhand_cozmo_01,v1.5,1.4,1e4c4ad2e6e1,34,1.089,0,0,0,0,0,0,0,1.68681,7403.72,0.292564,0.4488,0,0.0264,0.88806,-0.185592,,,,LOWCORR,15
anim_memorymatch_successhand_cozmo_02,v1.5,1.4,1e4c4ad2e6e1,51,1.65,0,0,0,0,0,0,0.58,1.8,8484.14,0.973878,0.498603,0,0.0264,0.944398,-0.449283,,,,RATE;LOWCORR,38.2
anim_memorymatch_successhand_cozmo_03,v1.5,1.4,1e4c4ad2e6e1,94,3.069,0,0,0,0,0,0,0.182796,1.8,8904.31,1.0379,0.482186,0,0.0264,0.699079,0.831597,0.78945,,,RATE,7.312
anim_memorymatch_successhand_cozmo_04,v1.5,1.4,1e4c4ad2e6e1,189,6.204,0,0,0,0,0,0,0.228723,1.8,5261.5,1.76212,0.497346,0,0.0264,0.417718,0.905802,0.780393,,,RATE,9.149
anim_memorymatch_successhand_player_01,v1.5,1.4,1e4c4ad2e6e1,69,2.244,0,0,0,0,0,0,0,1.24447,2652.93,0.387129,0,0,0,0.885683,0.526629,,,,,0
anim_memorymatch_successhand_player_02,v1.5,1.4,1e4c4ad2e6e1,96,3.135,0,0,0,0,0,0,0.189474,1.8,6101.01,0.722569,0.514088,0,0.0264,0.968252,0.886257,0.929199,,,RATE,7.579
anim_memorymatch_successhand_player_03,v1.5,1.4,1e4c4ad2e6e1,111,3.63,0,0,0,0,0,0,0.363636,1.8,8948.65,0.753291,0.0831578,0,0.00661105,0.69509,0.800974,0.71647,,,RATE,14.545
anim_mm_newidea,v1.5,1.4,1e4c4ad2e6e1,41,1.32,0,0,0,0,0,0,0,0.338544,673.215,0.0509948,0.0245478,0,0.00179201,,,,,,,0
anim_mm_thinking,v1.5,1.4,1e4c4ad2e6e1,11,0.33,0,0,0,0,0,0,0,0,0,0,0,0,0,,,,,,TINY;SHORT;STATIC,70
anim_motiontrack_turnsmall,v1.5,1.4,1e4c4ad2e6e1,6,0.165,0,0,0,0,0,0,0,0,0,0,0,0,0,,,,,,TINY;SHORT;STATIC,70
anim_neutral_eyes_01,v1.5,1.4,1e4c4ad2e6e1,1,0,0,0,0,0,0,0,0,0,0,0,0,0,0,,,,,,DEGENERATE;TINY;SHORT;STATIC,170
anim_pause_idle_01,v1.5,1.4,1e4c4ad2e6e1,171,5.61,0,0,0,0,0,0,0,1.31669,1372.58,0.306206,0.00883025,0,0.000780106,0.986975,,0.990593,,,,0
anim_pause_idle_02,v1.5,1.4,1e4c4ad2e6e1,116,3.795,0,0,0,0,0,0,0,1.00988,1185.41,0.232056,0.010129,0,0.000559032,0.953537,,,,,,0
anim_pause_idle_03,v1.5,1.4,1e4c4ad2e6e1,101,3.3,0,0,0,0,0,0,0,1.49167,1824.05,0.21891,0.0190552,0,0.00131196,0.923435,,,,,,0
anim_peekaboo_fail_01,v1.5,1.4,1e4c4ad2e6e1,116,3.795,0,0,0,0,0,0,0.0608696,1.8,3257.6,0.562024,0.476949,0,0.0264,0.98158,0.0331885,,,,RATE;LOWCORR,17.435
anim_peekaboo_failgetout_01,v1.5,1.4,1e4c4ad2e6e1,206,6.765,0,0,0,0,0,0,0.146341,1.8,4160.51,1.37215,0.561509,0,0.0264,0.97192,,0.947574,,,RATE,5.854
anim_peekaboo_getin_01,v1.5,1.4,1e4c4ad2e6e1,71,2.31,0,0,0,0,0,0,0.0857143,1.8,4980.66,0.447269,0.0512868,0,0.00374585,0.941358,0.0260853,,,,RATE;LOWCORR,18.429
anim_peekaboo_idle_01,v1.5,1.4,1e4c4ad2e6e1,141,4.62,0,0,0,0,0,0,0,1.25984,1103.26,0.315107,0.031063,0,0.00165224,0.987097,,,,,,0
anim_peekaboo_idle_02,v1.5,1.4,1e4c4ad2e6e1,126,4.125,0,0,0,0,0,0,0,0.828147,945.776,0.204327,0.0104344,0,0.000557899,0.89385,,,,,,0
anim_peekaboo_idle_03,v1.5,1.4,1e4c4ad2e6e1,151,4.95,0,0,0,0,0,0,0,0.854622,835.393,0.237742,0.0102287,0,0.000554919,0.961952,,,,,,0
anim_peekaboo_requestonce_01,v1.5,1.4,1e4c4ad2e6e1,93,3.036,0,0,0,0,0,0,0.478261,1.8,10286,1.46803,0.502473,0,0.0264,0.713064,0.857082,,,,RATE,19.13
anim_peekaboo_requestshorts_01,v1.5,1.4,1e4c4ad2e6e1,53,1.716,0,0,0,0,0,0,0.596154,1.8,7307.1,1.10936,0.360029,0,0.0264,0.517346,0.814843,,,,RATE,23.846
anim_peekaboo_requestthrice_01,v1.5,1.4,1e4c4ad2e6e1,134,4.389,0,0,0,0,0,0,0.586466,1.8,9714.83,1.29056,0.496377,0,0.0264,0.363112,0.741444,0.79969,,,RATE,23.459
anim_peekaboo_requesttwice_01,v1.5,1.4,1e4c4ad2e6e1,129,4.224,0,0,0,0,0,0,0.460938,1.8,10875.4,1.84502,0.503117,0,0.0264,0.659737,0.799386,0.86973,,,RATE,18.438
anim_peekaboo_success_01,v1.5,1.4,1e4c4ad2e6e1,73,2.376,0,0,0,0,0,0,0.680556,1.8,9276.41,1.90824,0.515531,0,0.0264,0.969946,-0.205064,0.794505,,,RATE;LOWCORR,42.222
anim_peekaboo_success_02,v1.5,1.4,1e4c4ad2e6e1,86,2.805,0,0,0,0,0,0,0.788235,1.8,14927.8,1.33033,0.49241,0,0.0264,0.750204,0.723906,0.6081,,,RATE,31.529
anim_peekaboo_success_03,v1.5,1.4,1e4c4ad2e6e1,101,3.3,0,0,0,0,0,0,0.29,1.8,9994.12,0.968902,0.498688,0,0.0264,0.287545,0.300487,0.996727,,,RATE;LOWCORR,26.6
anim_peekaboo_successgetout_01,v1.5,1.4,1e4c4ad2e6e1,161,5.28,0,0,0,0,0,0,0.36875,1.8,8035.6,1.25691,0.603062,0,0.0264,0.94978,0.556507,0.747516,,,RATE,14.75
anim_petdetection_cat_01,v1.5,1.4,1e4c4ad2e6e1,264,8.679,0,0,0,0,0,0,0.254753,1.8,7562.05,1.22123,0.577289,0,0.0264,0.891564,0.83183,0.983207,,,RATE,10.19
anim_petdetection_cat_01_head_angle_-20,v1.5,1.4,1e4c4ad2e6e1,264,8.679,0,0,0.00757576,0,0,0.00757576,0.319392,1.8,8817.45,1.30946,0.577289,0,0.0264,0.741145,0.795838,0.983207,,,RATE,13.533
anim_petdetection_cat_01_head_angle_20,v1.5,1.4,1e4c4ad2e6e1,264,8.679,0,0,0,0,0,0,0.285171,1.8,6912.41,1.16229,0.577289,0,0.0264,0.949981,0.963693,0.983207,,,RATE,11.407
anim_petdetection_cat_01_head_angle_40,v1.5,1.4,1e4c4ad2e6e1,264,8.679,0,0,0,0,0,0,0.285171,1.8,6910.81,1.16229,0.577289,0,0.0264,0.95301,0.963693,0.983207,,,RATE,11.407
anim_petdetection_cat_02_head_angle_-20,v1.5,1.4,1e4c4ad2e6e1,321,10.56,0,0,0,0,0,0,0.159375,1.8,7190.42,1.02959,0.632144,0,0.0264,0.950404,-0.210297,0.663851,,,RATE;LOWCORR,21.375
anim_petdetection_cat_02_head_angle_20,v1.5,1.4,1e4c4ad2e6e1,321,10.56,0,0,0,0,0,0,0.15625,1.8,6807.23,1.05653,0.632144,0,0.0264,0.95811,0.0765068,0.663851,,,RATE;LOWCORR,21.25
anim_petdetection_cat_02_head_angle_40,v1.5,1.4,1e4c4ad2e6e1,321,10.56,0,0,0,0,0,0,0.159375,1.8,6932,1.05655,0.632144,0,0.0264,0.957037,0.155099,0.663851,,,RATE;LOWCORR,21.375
anim_petdetection_dog_01,v1.5,1.4,1e4c4ad2e6e1,178,5.841,0,0,0,0,0,0,0.180791,1.8,5854.06,1.07142,0.567068,0,0.0264,0.904087,0.64825,,,,RATE,7.232
anim_petdetection_dog_01_head_angle_-20,v1.5,1.4,1e4c4ad2e6e1,178,5.841,0,0,0,0,0,0,0.169492,1.8,6267.42,1.13755,0.567068,0,0.0264,0.870039,0.591428,,,,RATE,6.78
anim_petdetection_dog_01_head_angle_20,v1.5,1.4,1e4c4ad2e6e1,178,5.841,0,0,0,0,0,0,0.175141,1.8,5632.71,1.07514,0.567068,0,0.0264,0.89918,0.886603,,,,RATE,7.006
anim_petdetection_dog_01_head_angle_40,v1.5,1.4,1e4c4ad2e6e1,178,5.841,0,0,0,0,0,0,0.175141,1.8,5632.71,1.07514,0.567068,0,0.0264,0.89918,0.886603,,,,RATE,7.006
anim_petdetection_dog_02_head_angle_-20,v1.5,1.4,1e4c4ad2e6e1,401,13.2,0,0,0,0,0,0,0.27,1.8,7672.15,1.99034,0.546061,0,0.0264,0.795324,0.618872,0.983817,,,RATE,10.8
anim_petdetection_dog_02_head_angle_20,v1.5,1.4,1e4c4ad2e6e1,401,13.2,0,0,0,0,0,0,0.2475,1.8,7072.94,1.99034,0.546061,0,0.0264,0.87725,0.651092,0.983817,,,RATE,9.9
anim_petdetection_dog_02_head_angle_40,v1.5,1.4,1e4c4ad2e6e1,401,13.2,0,0,0,0,0,0,0.235,1.8,6949.25,1.99034,0.546061,0,0.0264,0.883011,0.651092,0.983817,,,RATE,9.4
anim_petdetection_dog_03,v1.5,1.4,1e4c4ad2e6e1,257,8.448,0,0,0,0,0,0,0.160156,1.8,6738.53,1.029,0.555948,0,0.0264,0.928738,0.122746,0.86795,,,RATE;LOWCORR,21.406
anim_petdetection_dog_03_head_angle_-20,v1.5,1.4,1e4c4ad2e6e1,257,8.448,0,0,0,0,0,0,0.199219,1.8,7613.55,1.029,0.555948,0,0.0264,0.903701,-0.131891,0.86795,,,RATE;LOWCORR,22.969
anim_petdetection_dog_03_head_angle_20,v1.5,1.4,1e4c4ad2e6e1,257,8.448,0,0,0,0,0,0,0.210938,1.8,7056.06,1.029,0.555948,0,0.0264,0.9409,0.207509,0.86795,,,RATE;LOWCORR,23.438
anim_petdetection_dog_03_head_angle_40,v1.5,1.4,1e4c4ad2e6e1,257,8.448,0,0,0,0,0,0,0.191406,1.8,6860.81,1.029,0.555948,0,0.0264,0.948464,0.207509,0.86795,,,RATE;LOWCORR,22.656
anim_petdetection_misc_01_head_angle_-20,v1.5,1.4,1e4c4ad2e6e1,311,10.23,0,0,0,0,0,0,0.209677,1.8,7861.8,1.34473,0.426593,0,0.0264,0.925743,0.498473,0.980546,,,RATE,8.387
anim_petdetection_misc_01_head_angle_20,v1.5,1.4,1e4c4ad2e6e1,311,10.23,0,0,0,0,0,0,0.183871,1.8,6705,1.34473,0.426593,0,0.0264,0.953721,0.81344,0.980546,,,RATE,7.355
anim_petdetection_misc_01_head_angle_40,v1.5,1.4,1e4c4ad2e6e1,311,10.23,0,0,0,0,0,0,0.154839,1.8,6326.16,1.34473,0.426593,0,0.0264,0.959238,0.81344,0.980546,,,RATE,6.194
anim_petdetection_shortreaction_01,v1.5,1.4,1e4c4ad2e6e1,77,2.508,0,0,0,0,0,0,0.289474,1.8,4951.23,0.755747,0.170979,0,0.013188,0.845718,0.872994,,,,RATE,11.579
anim_petdetection_shortreaction_01_head_angle_-20,v1.5,1.4,1e4c4ad2e6e1,77,2.508,0,0,0,0,0,0,0.25,1.8,6738.13,0.735742,0.170979,0,0.013188,0.9263,0.511173,,,,RATE,10
anim_petdetection_shortreaction_01_head_angle_20,v1.5,1.4,1e4c4ad2e6e1,77,2.508,0,0,0,0,0,0,0.236842,1.8,5530.84,0.840146,0.170979,0,0.013188,0.944692,0.895857,,,,RATE,9.474
anim_petdetection_shortreaction_01_head_angle_40,v1.5,1.4,1e4c4ad2e6e1,77,2.508,0,0,0,0,0,0,0.236842,1.8,5530.84,0.840146,0.170979,0,0.013188,0.944692,0.895857,,,,RATE,9.474
anim_petdetection_shortreaction_02_head_angle_-20,v1.5,1.4,1e4c4ad2e6e1,77,2.508,0,0,0,0,0,0,0.236842,1.8,6808.43,0.744137,0.170012,0,0.0131584,0.929392,0.50869,,,,RATE,9.474
anim_petdetection_shortreaction_02_head_angle_20,v1.5,1.4,1e4c4ad2e6e1,77,2.508,0,0,0,0,0,0,0.223684,1.8,5531.83,0.836038,0.170012,0,0.0131584,0.942011,0.8937,,,,RATE,8.947
anim_petdetection_shortreaction_02_head_angle_40,v1.5,1.4,1e4c4ad2e6e1,77,2.508,0,0,0,0,0,0,0.223684,1.8,5531.83,0.836038,0.170012,0,0.0131584,0.942011,0.8937,,,,RATE,8.947
anim_play_driving_end_01,v1.5,1.4,1e4c4ad2e6e1,23,0.726,0,0,0,0,0,0,0,0.991879,2571.34,0.175801,0.2106,0,0.0155587,0.965213,,,,,SHORT,10
anim_play_driving_loop_01,v1.5,1.4,1e4c4ad2e6e1,56,1.815,0,0,0,0,0,0,0,0.898705,1206.93,0.187581,0.0398688,0,0.00282359,0.983045,,,,,,0
anim_play_driving_loop_02,v1.5,1.4,1e4c4ad2e6e1,62,2.013,0,0,0,0,0,0,0,0.717324,931.793,0.150096,0.0179248,0,0.00134718,0.982585,,,,,,0
anim_play_driving_loop_03,v1.5,1.4,1e4c4ad2e6e1,74,2.409,0,0,0,0,0,0,0,1.14292,1332.5,0.255267,0,0,0,0.977414,,,,,,0
anim_play_driving_start_01,v1.5,1.4,1e4c4ad2e6e1,41,1.32,0,0,0,0,0,0,0,0.89958,1372.68,0.186333,0.222492,0,0.0162439,0.97792,,,,,,0
anim_play_getin_01,v1.5,1.4,1e4c4ad2e6e1,186,6.105,0,0,0,0,0,0,0.0594595,1.8,3794.18,0.734691,0.563769,0,0.0260057,0.979722,0.803668,0.996901,,,RATE,2.378
anim_play_getout_01,v1.5,1.4,1e4c4ad2e6e1,59,1.914,0,0,0,0,0,0,0.103448,1.8,3492.77,0.545054,0.447214,0,0.0264,0.912197,0.0161112,0.873714,,,RATE;LOWCORR,19.138
anim_play_idle_01,v1.5,1.4,1e4c4ad2e6e1,73,2.376,0,0,0,0,0,0,0,0.91721,1714.31,0.199362,0.0393159,0,0.00260973,0.982289,0.24043,,,,LOWCORR,15
anim_play_idle_02,v1.5,1.4,1e4c4ad2e6e1,60,1.947,0,0,0,0,0,0,0,1.62611,4602.49,0.331579,0.0193282,0,0.00146675,0.971193,0.369774,,,,,0
anim_play_idle_03,v1.5,1.4,1e4c4ad2e6e1,56,1.815,0,0,0,0,0,0,0,1.29256,2247.95,0.285676,0.026679,0,0.00221986,0.780711,0.37193,,,,,0
anim_play_requestplay_level1_01,v1.5,1.4,1e4c4ad2e6e1,135,4.422,0,0,0,0,0,0,0.186567,1.8,7294.19,0.799812,0.5223,0,0.0264,0.965088,0.435565,0.800467,,,RATE,7.463
anim_play_requestplay_level1_02,v1.5,1.4,1e4c4ad2e6e1,141,4.62,0,0,0,0,0,0,0.164286,1.8,7329.16,0.847402,0.582758,0,0.0264,0.962486,0.608079,0.499241,,,RATE,6.571
anim_play_requestplay_level2_01,v1.5,1.4,1e4c4ad2e6e1,171,5.61,0,0,0,0,0,0,0.111765,1.8,5482.36,0.8126,0.533026,0,0.0264,0.986294,0.398855,0.957872,,,RATE,4.471
anim_play_requestplay_level2_02,v1.5,1.4,1e4c4ad2e6e1,87,2.838,0,0,0,0,0,0,0.290698,1.8,5486.53,1.05497,0.535662,0,0.0264,0.949317,0.949595,0.866216,,,RATE,11.628
anim_poked_01,v1.5,1.4,1e4c4ad2e6e1,32,1.023,0,0,0,0,0,0,0,1.0576,1496,0.216302,0.528809,0,0.0264,,,,,,,0
anim_poked_02,v1.5,1.4,1e4c4ad2e6e1,62,2.013,0,0,0,0,0,0,0,1.08064,2354.04,0.406934,0.699499,0,0.0264,,0.874188,,,,,0
anim_poked_giggle,v1.5,1.4,1e4c4ad2e6e1,28,0.891,0,0,0.0714286,0,0,0.0714286,0.407407,1.8,6488.33,0.559286,0.34926,0,0.0264,0.411971,,,,,SHORT;SAT;RATE,33.439
anim_pokedreaction_01,v1.5,1.4,1e4c4ad2e6e1,23,0.726,0,0,0,0,0,0,0.136364,1.8,3930.21,0.439001,0.0194912,0,0.00231564,0.85556,,,,,SHORT;RATE,15.455
anim_pounce_01,v1.5,1.4,1e4c4ad2e6e1,20,0.627,0,0,0,0,0,0,0.263158,1.8,12516,0.426119,0.482715,0,0.0264,0.892525,0.220589,,,,SHORT;RATE;LOWCORR,35.526
anim_pounce_02,v1.5,1.4,1e4c4ad2e6e1,76,2.475,0,0,0,0,0,0,0.386667,1.8,10810.7,0.813278,0.495456,0,0.0264,0.860494,0.373869,,,,RATE,15.467
anim_pounce_03,v1.5,1.4,1e4c4ad2e6e1,117,3.828,0,0,0,0,0,0,0.206897,1.8,7400.78,1.1073,0.0545166,0,0.00248259,0.70483,0.323015,,,,RATE,8.276
anim_pounce_04,v1.5,1.4,1e4c4ad2e6e1,66,2.145,0,0,0,0,0,0,0.430769,1.8,11980.5,0.84595,0.326084,0,0.0264,0.522533,0.301676,0.963938,,,RATE,17.231
anim_pounce_drive_01,v1.5,1.4,1e4c4ad2e6e1,36,1.155,0,0,0,0,0,0,0,1.20019,541.841,0.234746,0.00591505,0,0.000671268,,,,,,,0
anim_pounce_drive_02,v1.5,1.4,1e4c4ad2e6e1,46,1.485,0,0,0,0,0,0,0,0.689768,884.623,0.0654721,0.417687,0,0.0264,,,,,,,0
anim_pounce_drive_03,v1.5,1.4,1e4c4ad2e6e1,31,0.99,0,0,0,0,0,0,0,0.172713,162.859,0.015003,0.00438583,0,0.000406742,,,,,,STATIC,50
anim_pounce_fail_01,v1.5,1.4,1e4c4ad2e6e1,101,3.3,0,0,0,0,0,0,0.25,1.8,7539.47,1.12573,0.585982,0,0.0264,0.872267,0.845486,0.974466,,,RATE,10
anim_pounce_fail_02,v1.5,1.4,1e4c4ad2e6e1,89,2.904,0,0,0,0,0,0,0.25,1.8,8447.1,0.771145,0.64729,0,0.0264,0.967797,0.764581,,,,RATE,10
anim_pounce_fail_03,v1.5,1.4,1e4c4ad2e6e1,124,4.059,0,0,0,0,0,0,0.341463,1.8,8539.26,1.00495,0.41492,0,0.0264,0.933628,0.490029,0.925803,,,RATE,13.659
anim_pounce_fail_04,v1.5,1.4,1e4c4ad2e6e1,99,3.234,0,0,0.040404,0,0,0.040404,0.132653,1.8,7539.24,1.05779,0.449397,0,0.0264,0.857179,0.681513,0.917288,,,SAT;RATE,9.347
anim_pounce_long_01,v1.5,1.4,1e4c4ad2e6e1,25,0.792,0,0,0,0,0,0,0.5,1.8,13250.2,0.786805,0.482801,0,0.0264,0.969775,0.758111,,,,SHORT;RATE,30
anim_pounce_lookgetout_01,v1.5,1.4,1e4c4ad2e6e1,16,0.495,0,0,0,0,0,0,0.4,1.8,8931.82,0.540028,0.0344136,0,0.00496262,0.593796,,,,,SHORT;RATE,26
anim_pounce_lookloop_01,v1.5,1.4,1e4c4ad2e6e1,36,1.155,0,0,0,0,0,0,0,1.20019,541.845,0.234746,0.00591505,0,0.000671268,,,,,,,0
anim_pounce_lookloop_02,v1.5,1.4,1e4c4ad2e6e1,46,1.485,0,0,0,0,0,0,0,0.689768,884.623,0.0654721,0.417687,0,0.0264,,,,,,,0
anim_pounce_lookloop_03,v1.5,1.4,1e4c4ad2e6e1,31,0.99,0,0,0,0,0,0,0,0.172713,162.859,0.015003,0.00438583,0,0.000406742,,,,,,STATIC,50
anim_pounce_reacttoobj_01_shorter,v1.5,1.4,1e4c4ad2e6e1,53,1.716,0,0,0,0,0,0,0.0576923,1.8,3662.47,0.446651,0.450141,0,0.0264,0.886067,0.970263,,,,RATE,2.308
anim_pounce_success_01,v1.5,1.4,1e4c4ad2e6e1,54,1.749,0,0,0,0,0,0,0.471698,1.8,7498.75,1.03854,0.502488,0,0.0264,0.873077,0.19592,,,,RATE;LOWCORR,33.868
anim_pounce_success_02,v1.5,1.4,1e4c4ad2e6e1,54,1.749,0,0,0,0,0,0,0.698113,1.8,8353.56,1.07417,0.502488,0,0.0264,0.867512,0.196256,0.703588,,,RATE;LOWCORR,42.925
anim_pounce_success_03,v1.5,1.4,1e4c4ad2e6e1,73,2.376,0,0,0,0,0,0,0.541667,1.8,14450.9,0.783552,0.543406,0,0.0264,0.917791,0.893961,0.708412,,,RATE,21.667
anim_pounce_success_04,v1.5,1.4,1e4c4ad2e6e1,85,2.772,0,0,0,0,0,0,0.404762,1.8,12138.4,0.959995,0.289988,0,0.0196784,0.778002,0.846554,0.513296,,,RATE,16.19
anim_pyramid_lookinplaceforfaces_long_head_angle_-20,v1.5,1.4,1e4c4ad2e6e1,61,1.98,0,0,0,0,0,0,0,1.04582,1488.34,0.235547,0.00743377,0,0.000553846,0.971222,,,,,,0
anim_pyramid_lookinplaceforfaces_long_head_angle_20,v1.5,1.4,1e4c4ad2e6e1,61,1.98,0,0,0,0,0,0,0,0.853033,1044.52,0.203695,0.00743377,0,0.000553846,0.957912,,,,,,0
anim_pyramid_lookinplaceforfaces_long_head_angle_40,v1.5,1.4,1e4c4ad2e6e1,61,1.98,0,0,0,0,0,0,0,0.807386,1051.32,0.185881,0.00743377,0,0.000553846,0.939005,,,,,,0
anim_pyramid_lookinplaceforfaces_medium,v1.5,1.4,1e4c4ad2e6e1,31,0.99,0,0,0,0,0,0,0,0.571713,1672.62,0.13387,0.0254893,0,0.0033356,0.944574,,,,,,0
anim_pyramid_lookinplaceforfaces_medium_head_angle_-20,v1.5,1.4,1e4c4ad2e6e1,31,0.99,0,0,0,0,0,0,0,1.29679,2991.49,0.281025,0.0254893,0,0.0033356,0.939977,,,,,,0
anim_pyramid_lookinplaceforfaces_medium_head_angle_20,v1.5,1.4,1e4c4ad2e6e1,31,0.99,0,0,0,0,0,0,0,0.801058,1616.11,0.171867,0.0254893,0,0.0033356,0.93694,,,,,,0
anim_pyramid_lookinplaceforfaces_medium_head_angle_40,v1.5,1.4,1e4c4ad2e6e1,31,0.99,0,0,0,0,0,0,0,0.793822,1619.89,0.162941,0.0254893,0,0.0033356,0.934456,,,,,,0
anim_pyramid_lookinplaceforfaces_short_head_angle_-20,v1.5,1.4,1e4c4ad2e6e1,11,0.33,0,0,0,0,0,0,0,0.0893564,463.085,0.00975645,0,0,0,,,,,,TINY;SHORT;STATIC,70
anim_pyramid_lookinplaceforfaces_short_head_angle_20,v1.5,1.4,1e4c4ad2e6e1,11,0.33,0,0,0,0,0,0,0,0.0893564,463.079,0.00975645,0,0,0,,,,,,TINY;SHORT;STATIC,70
anim_pyramid_lookinplaceforfaces_short_head_angle_40,v1.5,1.4,1e4c4ad2e6e1,11,0.33,0,0,0,0,0,0,0,0.08936,463.076,0.00975645,0,0,0,,,,,,TINY;SHORT;STATIC,70
anim_pyramid_reacttocube_frustrated_high_01,v1.5,1.4,1e4c4ad2e6e1,175,5.742,0,0,0,0,0,0,0.149425,1.8,6046.16,0.939408,0.465971,0,0.0264,0.912757,0.110563,0.990765,,,RATE;LOWCORR,20.977
anim_pyramid_reacttocube_frustrated_low_01,v1.5,1.4,1e4c4ad2e6e1,47,1.518,0,0,0,0,0,0,0,1.79592,4965.98,0.3959,0.145577,0,0.0109124,0.874413,0.776255,,,,,0
anim_pyramid_reacttocube_frustrated_mid_01,v1.5,1.4,1e4c4ad2e6e1,171,5.61,0,0,0,0,0,0,0.170588,1.8,6311.94,1.12574,0.455321,0,0.0264,0.894024,0.0440834,0.840286,,,RATE;LOWCORR,21.824
anim_pyramid_reacttocube_happy_high_02,v1.5,1.4,1e4c4ad2e6e1,41,1.32,0,0,0,0,0,0,0,1.06451,2682.83,0.184235,0,0,0,0.777841,0.280947,,,,LOWCORR,15
anim_pyramid_reacttocube_happy_mid_01,v1.5,1.4,1e4c4ad2e6e1,38,1.221,0,0,0,0,0,0,0,1.49596,5681.56,0.251614,0.0310526,0,0.00241333,0.677474,-0.140953,,,,LOWCORR,15
anim_pyramid_success_01,v1.5,1.4,1e4c4ad2e6e1,111,3.63,0,0,0,0,0,0,0.409091,1.8,8812.21,1.15148,0.0832264,0,0.00586337,0.655606,0.852201,0.756809,,,RATE,16.364
anim_pyramid_thankyou_01_head_angle_20,v1.5,1.4,1e4c4ad2e6e1,27,0.858,0,0,0,0,0,0,0,0.840462,2399.38,0.136576,0,0,0,0.766057,0.442991,,,,SHORT,10
anim_react2block_02,v1.5,1.4,1e4c4ad2e6e1,48,1.551,0,0,0,0,0,0,0,0.599525,649.297,0.147661,0.0305477,0,0.00307471,0.884716,,,,,,0
anim_reacttoblock_admirecubetower_01,v1.5,1.4,1e4c4ad2e6e1,135,4.422,0,0,0,0,0,0,0,1.74351,2547.68,0.63061,0.488752,0,0.0264,0.882562,0.792738,,,,,0
anim_reacttoblock_ask_01_0,v1.5,1.4,1e4c4ad2e6e1,77,2.508,0,0,0,0,0,0,0.605263,1.8,9514.44,1.1736,0.52939,0,0.0264,0.559836,0.681248,,,,RATE,24.211
anim_reacttoblock_ask_01_head_angle_-20,v1.5,1.4,1e4c4ad2e6e1,81,2.64,0,0,0.0617284,0,0,0.0617284,0.55,1.8,9628.61,1.24098,0.529509,0,0.0264,0.302431,0.704654,,,,SAT;RATE,28.173
anim_reacttoblock_ask_01_head_angle_20,v1.5,1.4,1e4c4ad2e6e1,77,2.508,0,0,0,0,0,0,0.25,1.8,8194.45,0.908728,0.52939,0,0.0264,0.791162,0.913219,,,,RATE,10
anim_reacttoblock_ask_01_head_angle_40,v1.5,1.4,1e4c4ad2e6e1,77,2.508,0,0,0,0,0,0,0.210526,1.8,7087.25,0.858305,0.52939,0,0.0264,0.897289,0.941665,,,,RATE,8.421
anim_reacttoblock_audioblockcrash,v1.5,1.4,1e4c4ad2e6e1,2,0.033,0,0,0,0,0,0,0,0,0,0,0,0,0,,,,,,TINY;SHORT;STATIC,70
anim_reacttoblock_focusedeyes_01,v1.5,1.4,1e4c4ad2e6e1,26,0.825,0,0,0,0,0,0,0,0.998219,1950.89,0.171774,0.417774,0,0.0264,0.953056,,,,,SHORT,10
anim_reacttoblock_frustrated_01,v1.5,1.4,1e4c4ad2e6e1,23,0.726,0,0,0,0,0,0,0,0.805866,2639.57,0.166735,0.151846,0,0.0229585,0.825362,0.890867,,,,SHORT,10
anim_reacttoblock_frustrated_int1_01,v1.5,1.4,1e4c4ad2e6e1,23,0.726,0,0,0,0,0,0,0,0.805866,2639.57,0.166735,0.151846,0,0.0229585,0.825362,0.890867,,,,SHORT,10
anim_reacttoblock_frustrated_int2_01,v1.5,1.4,1e4c4ad2e6e1,23,0.726,0,0,0,0,0,0,0,0.805866,2639.57,0.166735,0.151846,0,0.0229585,0.825362,0.890867,,,,SHORT,10
anim_reacttoblock_happydetermined_01,v1.5,1.4,1e4c4ad2e6e1,36,1.155,0,0,0,0,0,0,0,0.906726,3553.79,0.13279,0.46286,0,0.0264,0.843067,-0.246002,,,,LOWCORR,15
anim_reacttoblock_happydetermined_02,v1.5,1.4,1e4c4ad2e6e1,36,1.155,0,0,0,0,0,0,0,0.923733,3376.5,0.131999,0.462981,0,0.0264,0.84575,,,,,,0
anim_reacttoblock_lifteffortpickup_01,v1.5,1.4,1e4c4ad2e6e1,31,0.99,0,0,0,0,0,0,0,1.44455,4181.54,0.212717,0.167322,0,0.0264,,,,,,,0
anim_reacttoblock_lifteffortplacehigh_01,v1.5,1.4,1e4c4ad2e6e1,21,0.66,0,0,0,0,0,0,0,0.550917,880.776,0.118632,0.0494589,0,0.00737804,,,,,,SHORT,10
anim_reacttoblock_lifteffortplacelow_01,v1.5,1.4,1e4c4ad2e6e1,23,0.726,0,0,0,0,0,0,0,0.961878,2065.17,0.158095,0,0,0,,,,,,SHORT,10
anim_reacttoblock_lifteffortroll_01,v1.5,1.4,1e4c4ad2e6e1,25,0.792,0,0,0,0,0,0,0,0.908111,1201.26,0.226879,0.361597,0,0.0264,,,,,,SHORT,10
anim_reacttoblock_placeblock_01,v1.5,1.4,1e4c4ad2e6e1,170,5.577,0,0,0,0,0,0,0.189349,1.8,5202.81,1.00169,0.531774,0,0.0264,0.948866,0.0787701,0.988821,,,RATE;LOWCORR,22.574
anim_reacttoblock_putdown2nd_01,v1.5,1.4,1e4c4ad2e6e1,47,1.518,0,0,0,0,0,0,0.608696,1.8,11056.1,1.01115,0.433361,0,0.0264,0.397066,0.938316,0.941048,,,RATE,24.348
anim_reacttoblock_react_01,v1.5,1.4,1e4c4ad2e6e1,99,3.234,0,0,0,0,0,0,0.0714286,1.8,4696.1,0.517341,0,0,0,0.889319,0.910346,,,,RATE,2.857
anim_reacttoblock_react_01_0,v1.5,1.4,1e4c4ad2e6e1,99,3.234,0,0,0,0,0,0,0.0714286,1.8,4057.28,0.538015,0,0,0,0.94176,0.891862,,,,RATE,2.857
anim_reacttoblock_react_01_head_angle_-20,v1.5,1.4,1e4c4ad2e6e1,99,3.234,0,0,0,0,0,0,0.112245,1.8,4462.5,0.930952,0,0,0,0.914517,0.931673,,,,RATE,4.49
anim_reacttoblock_react_01_head_angle_20,v1.5,1.4,1e4c4ad2e6e1,99,3.234,0,0,0,0,0,0,0,1.59439,2350.8,0.363501,0,0,0,0.984817,0.985457,,,,,0
anim_reacttoblock_react_01_head_angle_40,v1.5,1.4,1e4c4ad2e6e1,99,3.234,0,0,0,0,0,0,0.132653,1.8,5541.21,0.942475,0,0,0,0.971351,0.930079,,,,RATE,5.306
anim_reacttoblock_react_short_01_head_angle_-20,v1.5,1.4,1e4c4ad2e6e1,35,1.122,0,0,0,0,0,0,0,1.46077,3626.72,0.282663,0,0,0,0.948274,0.965228,,,,,0
anim_reacttoblock_react_short_01_head_angle_20,v1.5,1.4,1e4c4ad2e6e1,35,1.122,0,0,0,0,0,0,0.264706,1.8,6617.08,0.685667,0,0,0,0.74066,0.968414,,,,RATE,10.588
anim_reacttoblock_react_short_01_head_angle_40,v1.5,1.4,1e4c4ad2e6e1,35,1.122,0,0,0,0,0,0,0.264706,1.8,6617.08,0.685667,0,0,0,0.740659,0.968414,,,,RATE,10.588
anim_reacttoblock_react_short_02_head_angle_-20,v1.5,1.4,1e4c4ad2e6e1,35,1.122,0,0,0,0,0,0,0.205882,1.8,5678.43,0.614654,0.00780886,0,0.000689626,0.957762,,,,,RATE,8.235
anim_reacttoblock_react_short_02_head_angle_20,v1.5,1.4,1e4c4ad2e6e1,35,1.122,0,0,0,0,0,0,0,1.1301,1323.34,0.265314,0.00786287,0,0.000694633,0.991594,,,,,,0
anim_reacttoblock_react_short_02_head_angle_40,v1.5,1.4,1e4c4ad2e6e1,35,1.122,0,0,0,0,0,0,0,0.393134,567.648,0.103249,0.00791693,0,0.000699699,0.994392,,,,,,0
anim_reacttoblock_reacttotopple_01,v1.5,1.4,1e4c4ad2e6e1,87,2.838,0,0,0,0,0,0,0.372093,1.8,9133.57,1.03565,0.472701,0,0.0264,-0.202009,0.92605,0.873107,,,RATE;LOWCORR,29.884
anim_reacttoblock_stuckonblock_01,v1.5,1.4,1e4c4ad2e6e1,149,4.884,0,0,0,0,0,0,0.486486,1.8,6890.59,1.67814,0.136089,0,0.00900412,0.801438,0.65223,0.96662,,,RATE,19.459
anim_reacttoblock_success_01,v1.5,1.4,1e4c4ad2e6e1,35,1.122,0,0,0,0,0,0,0.294118,1.8,9851.65,0.718288,0.512284,0,0.0264,0.598682,0.806844,,,,RATE,11.765
anim_reacttoblock_success_01_0,v1.5,1.4,1e4c4ad2e6e1,35,1.122,0,0,0,0,0,0,0.264706,1.8,8684.4,0.600204,0.512284,0,0.0264,-0.627744,0.164021,,,,RATE;LOWCORR,25.588
anim_reacttoblock_success_01_head_angle_-20,v1.5,1.4,1e4c4ad2e6e1,35,1.122,0,0,0,0,0,0,0.764706,1.8,5529.36,1.23962,0.512284,0,0.0264,0.45032,0.739814,,,,RATE,30.588
anim_reacttoblock_success_01_head_angle_20,v1.5,1.4,1e4c4ad2e6e1,38,1.221,0,0,0,0,0,0,0.351351,1.8,9195.49,1.03187,0.511961,0,0.0264,0.624569,0.556496,,,,RATE,14.054
anim_reacttoblock_success_01_head_angle_40,v1.5,1.4,1e4c4ad2e6e1,35,1.122,0,0,0,0,0,0,0.470588,1.8,11382.8,0.65934,0.512284,0,0.0264,0.607135,0.843239,,,,RATE,18.824
anim_reacttoblock_triestoreach_01,v1.5,1.4,1e4c4ad2e6e1,121,3.96,0,0,0,0,0,0,0.366667,1.8,8465.99,1.19644,0.584596,0,0.0264,0.92359,0.939387,,,,RATE,14.667
anim_reacttocliff_edge_01,v1.5,1.4,1e4c4ad2e6e1,41,1.32,0,0,0,0,0,0,0.225,1.8,6052.75,0.696629,0.0415698,0,0.00296676,0.93939,0.244023,0.937348,,,RATE;LOWCORR,24
anim_reacttocliff_edgeliftup_01,v1.5,1.4,1e4c4ad2e6e1,213,6.996,0,0,0,0,0,0,0.117925,1.8,5233.24,1.36395,0.0832236,0,0.00659794,0.797755,0.521419,,,,RATE,4.717
anim_reacttocliff_faceplantroll_01,v1.5,1.4,1e4c4ad2e6e1,131,4.29,0,0,0,0,0,0,0.2,1.8,6192.62,1.27631,0.506014,0,0.0264,0.4489,0.862163,,,,RATE,8
anim_reacttocliff_faceplantroll_02,v1.5,1.4,1e4c4ad2e6e1,70,2.277,0,0,0,0,0,0,0.333333,1.8,8098.14,1.06143,0.0322407,0,0.00253391,0.750633,0.786654,,,,RATE,13.333
anim_reacttocliff_faceplantroll_armup_01,v1.5,1.4,1e4c4ad2e6e1,61,1.98,0,0,0,0,0,0,0.383333,1.8,9873.88,1.05818,0,0,0,0.825481,0.697833,,,,RATE,15.333
anim_reacttocliff_faceplantroll_armup_02,v1.5,1.4,1e4c4ad2e6e1,101,3.3,0,0,0,0,0,0,0.37,1.8,6673.21,1.10544,0.373894,0,0.0264,0.312579,0.872998,0.957906,,,RATE,14.8
anim_reacttocliff_huh_01,v1.5,1.4,1e4c4ad2e6e1,15,0.462,0,0,0,0,0,0,0.5,1.8,6877.21,0.519625,0.0772606,0,0.00662833,0.795984,-0.085561,,,,SHORT;RATE;LOWCORR,45
anim_reacttocliff_pickup_01,v1.5,1.4,1e4c4ad2e6e1,80,2.607,0,0,0,0,0,0,0.240506,1.8,7023.06,0.777606,0.425234,0,0.0264,0.867537,0.310137,,,,RATE,9.62
anim_reacttocliff_pickup_02,v1.5,1.4,1e4c4ad2e6e1,80,2.607,0,0,0,0,0,0,0.164557,1.8,5809.42,0.611326,0.375178,0,0.0264,0.962808,0.230923,,,,RATE;LOWCORR,21.582
anim_reacttocliff_pickup_03,v1.5,1.4,1e4c4ad2e6e1,100,3.267,0,0,0,0,0,0,0.040404,1.8,5242.61,0.714837,0.359192,0,0.0264,0.886555,0.686002,0.901304,,,,1.616
anim_reacttocliff_pickup_04,v1.5,1.4,1e4c4ad2e6e1,51,1.65,0,0,0,0,0,0,0.52,1.8,8058.14,0.885586,0.498603,0,0.0264,0.953677,-0.467566,,,,RATE;LOWCORR,35.8
anim_reacttocliff_pickup_05,v1.5,1.4,1e4c4ad2e6e1,81,2.64,0,0,0,0,0,0,0.1875,1.8,5045.28,0.70291,0.516881,0,0.0264,0.956005,0.851717,,,,RATE,7.5
anim_reacttocliff_pickup_06,v1.5,1.4,1e4c4ad2e6e1,91,2.97,0,0,0,0,0,0,0.188889,1.8,5111.81,0.714616,0.63661,0,0.0264,0.947577,0.35464,,,,RATE,7.556
anim_reacttocliff_stuckleftside_01,v1.5,1.4,1e4c4ad2e6e1,110,3.597,0,0,0,0,0,0,0.486239,1.8,16377.3,0.890847,0.452549,0,0.0264,0.329347,0.663253,0.718535,,,RATE,19.45
anim_reacttocliff_stuckleftside_02,v1.5,1.4,1e4c4ad2e6e1,121,3.96,0,0,0,0,0,0,0.291667,1.8,9066.37,1.16707,0.0545289,0,0.00379205,0.47913,0.637053,,,,RATE,11.667
anim_reacttocliff_stuckleftside_03,v1.5,1.4,1e4c4ad2e6e1,114,3.729,0,0,0,0,0,0,0.212389,1.8,6916.61,0.905268,0.547294,0,0.0264,0.755032,0.664766,,,,RATE,8.496
anim_reacttocliff_stuckrightside_01,v1.5,1.4,1e4c4ad2e6e1,161,5.28,0,0,0,0,0,0,0.225,1.8,11281.2,1.48226,0.420957,0,0.0264,0.131293,0.86045,,,,RATE;LOWCORR,24
anim_reacttocliff_stuckrightside_02,v1.5,1.4,1e4c4ad2e6e1,126,4.125,0,0,0,0,0,0,0.064,1.8,5177.43,1.14176,0.40832,0,0.0264,0.949626,0.916242,0.822986,,,RATE,2.56
anim_reacttocliff_stuckrightside_03,v1.5,1.4,1e4c4ad2e6e1,162,5.313,0,0,0,0,0,0,0.267081,1.8,9562.06,1.39115,0.522513,0,0.0264,0.865646,0.7385,0.967973,,,RATE,10.683
anim_reacttocliff_turtleroll_01,v1.5,1.4,1e4c4ad2e6e1,201,6.6,0,0,0.00497512,0,0,0.00497512,0.315,1.8,8102.1,1.19352,0.288009,0,0.0177923,0.936746,0.138886,0.969066,,,RATE;LOWCORR,28.098
anim_reacttocliff_turtleroll_02,v1.5,1.4,1e4c4ad2e6e1,201,6.6,0,0,0.00497512,0,0,0.00497512,0.275,1.8,10060.7,1.08896,0.347652,0,0.0194552,0.93405,0.0875796,0.847563,,,RATE;LOWCORR,26.498
anim_reacttocliff_turtleroll_03,v1.5,1.4,1e4c4ad2e6e1,90,2.937,0,0,0.0111111,0,0,0.0111111,0.258427,1.8,9421.94,1.25547,0.0384167,0,0.00330931,0.936098,0.951049,,,,SAT;RATE,11.448
anim_reacttocliff_turtleroll_04,v1.5,1.4,1e4c4ad2e6e1,381,12.54,0,0,0,0,0,0,0.318421,1.8,8147.96,1.1764,0.514259,0,0.0264,0.843747,0.602841,0.568447,,,RATE,12.737
anim_reacttocliff_turtleroll_05,v1.5,1.4,1e4c4ad2e6e1,291,9.57,0,0,0,0,0,0,0.193103,1.8,12562.1,1.45463,0.484518,0,0.0264,0.923051,0.496434,0.882992,,,RATE,7.724
anim_reacttocliff_turtleroll_06,v1.5,1.4,1e4c4ad2e6e1,376,12.375,0,0,0,0,0,0,0.173333,1.8,4965.19,1.56695,0.719016,0,0.0264,0.916266,0.757281,,,,RATE,6.933
anim_reacttocliff_turtlerollfail_01,v1.5,1.4,1e4c4ad2e6e1,198,6.501,0,0,0,0,0,0,0.380711,1.8,11179.9,1.16022,0.53261,0,0.0264,0.866565,0.823515,,,,RATE,15.228
anim_reacttocliff_turtlerollfail_02,v1.5,1.4,1e4c4ad2e6e1,186,6.105,0,0,0,0,0,0,0.356757,1.8,6666.58,2.09647,0.66625,0,0.0264,0.897364,0.90814,0.230275,,,RATE;LOWCORR,29.27
anim_reacttocliff_turtlerollfail_03,v1.5,1.4,1e4c4ad2e6e1,166,5.445,0,0,0,0,0,0,0.357576,1.8,10363.9,1.50985,0.511802,0,0.0264,0.948395,0.793784,0.981598,,,RATE,14.303
anim_reacttocliff_wheely_01,v1.5,1.4,1e4c4ad2e6e1,201,6.6,0,0,0.00995025,0,0,0.00995025,0.21,1.8,9735.94,1.5705,0.55574,0,0.0264,0.886252,0.840135,0.858272,,,RATE,9.395
anim_reacttocliff_wheely_02,v1.5,1.4,1e4c4ad2e6e1,103,3.366,0,0,0,0,0,0,0.323529,1.8,9088.09,1.12612,0.445892,0,0.0264,0.738321,0.769516,0.973746,,,RATE,12.941
anim_reacttocliff_wheely_03,v1.5,1.4,1e4c4ad2e6e1,138,4.521,0,0,0,0,0,0,0.459854,1.8,7783.34,2.0064,0.50933,0,0.0264,0.904113,0.729181,0.922626,,,RATE,18.394
anim_reacttoface_unidentified_01_head_angle_-20,v1.5,1.4,1e4c4ad2e6e1,52,1.683,0,0,0,0,0,0,0.156863,1.8,7062.74,0.61376,0.00460213,0,0.000331879,0.895437,0.240599,,,,RATE;LOWCORR,21.275
anim_reacttoface_unidentified_01_head_angle_20,v1.5,1.4,1e4c4ad2e6e1,52,1.683,0,0,0,0,0,0,0,1.60348,2950.54,0.660131,0.00460213,0,0.000331879,0.923514,0.979579,,,,,0
anim_reacttoface_unidentified_01_head_angle_40,v1.5,1.4,1e4c4ad2e6e1,52,1.683,0,0,0,0,0,0,0,1.03622,1800.04,0.460943,0.00460213,0,0.000331879,0.855143,0.979579,,,,,0
anim_reacttoface_unidentified_02_head_angle_-20,v1.5,1.4,1e4c4ad2e6e1,51,1.65,0,0,0,0,0,0,0.18,1.8,2740.11,0.627774,0.000320733,0,2.95639e-05,0.967934,0.471908,,,,RATE,7.2
anim_reacttoface_unidentified_02_head_angle_20,v1.5,1.4,1e4c4ad2e6e1,51,1.65,0,0,0,0,0,0,0.04,1.8,2728.82,0.429746,0.000320733,0,2.95639e-05,0.97624,0.964296,,,,,1.6
anim_reacttoface_unidentified_02_head_angle_40,v1.5,1.4,1e4c4ad2e6e1,51,1.65,0,0,0,0,0,0,0,0.928349,1389.9,0.226893,0.000320733,0,2.95639e-05,,0.964296,,,,,0
anim_reacttoface_unidentified_03_head_angle_-20,v1.5,1.4,1e4c4ad2e6e1,71,2.31,0,0,0,0,0,0,0.285714,1.8,5358.33,0.919679,0.0002262,0,2.20537e-05,0.854118,,,,,RATE,11.429
anim_reacttoface_unidentified_03_head_angle_20,v1.5,1.4,1e4c4ad2e6e1,71,2.31,0,0,0,0,0,0,0.114286,1.8,4224.53,0.681142,0.0002262,0,2.20537e-05,0.93236,,,,,RATE,4.571
anim_reacttoface_unidentified_03_head_angle_40,v1.5,1.4,1e4c4ad2e6e1,71,2.31,0,0,0,0,0,0,0,1.66775,1847.45,0.419645,0.0002262,0,2.20537e-05,0.968046,,,,,,0
anim_reacttppl_surprise,v1.5,1.4,1e4c4ad2e6e1,274,9.009,0,0,0,0,0,0,0.03663,1.8,2505.78,0.520527,0.508259,0,0.0264,0.995025,,0.941151,,,,1.465
anim_repair_fix_getin_01,v1.5,1.4,1e4c4ad2e6e1,31,0.99,0,0,0,0,0,0,0.233333,1.8,8176.62,0.519095,0,0,0,0.802336,0.744108,,,,RATE,9.333
anim_repair_fix_getout_01,v1.5,1.4,1e4c4ad2e6e1,149,4.884,0,0,0,0,0,0,0.222973,1.8,5522.9,1.12109,0.471172,0,0.0264,0.842447,0.845179,0.952766,,,RATE,8.919
anim_repair_fix_getout_02,v1.5,1.4,1e4c4ad2e6e1,88,2.871,0,0,0,0,0,0,0.344828,1.8,7121.72,1.54141,0.398496,0,0.0264,0.886255,-0.389804,0.896088,,,RATE;LOWCORR,28.793
anim_repair_fix_getout_03,v1.5,1.4,1e4c4ad2e6e1,87,2.838,0,0,0,0,0,0,0.139535,1.8,5691.63,1.02824,0.517815,0,0.0264,0.923616,0.881218,0.717017,,,RATE,5.581
anim_repair_fix_getready_01,v1.5,1.4,1e4c4ad2e6e1,35,1.122,0,0,0,0,0,0,0.411765,1.8,7750.5,0.844095,0.0432364,0,0.00395072,0.868237,,0.802657,,,RATE,16.471
anim_repair_fix_head_down_01,v1.5,1.4,1e4c4ad2e6e1,20,0.627,0,0,0,0,0,0,0.631579,1.8,11088.1,0.469439,0,0,0,-0.147457,,,,,SHORT;RATE;LOWCORR,50.263
anim_repair_fix_head_up_01,v1.5,1.4,1e4c4ad2e6e1,14,0.429,0,0,0,0,0,0,0.384615,1.8,7158.43,0.285134,0,0,0,0.883476,,,,,TINY;SHORT;RATE,35.385
anim_repair_fix_idle_01,v1.5,1.4,1e4c4ad2e6e1,201,6.6,0,0,0,0,0,0,0.075,1.8,2289.82,1.09762,0.0233894,0,0.00185198,0.980319,,0.926058,,,RATE,3
anim_repair_fix_idle_02,v1.5,1.4,1e4c4ad2e6e1,156,5.115,0,0,0,0,0,0,0.103226,1.8,4300.45,1.03566,0.114618,0,0.00692022,0.992322,,0.982156,,,RATE,4.129
anim_repair_fix_idle_03,v1.5,1.4,1e4c4ad2e6e1,201,6.6,0,0,0,0,0,0,0,1.6242,1288.3,0.558505,0.0175005,0,0.0013119,0.987955,,0.994794,,,,0
anim_repair_fix_idle_fullyfull_01,v1.5,1.4,1e4c4ad2e6e1,141,4.62,0,0,0,0,0,0,0.0357143,1.8,1241.42,0.745081,0.552514,0,0.0264,0.948421,,,,,,1.429
anim_repair_fix_idle_fullyfull_02,v1.5,1.4,1e4c4ad2e6e1,201,6.6,0,0,0,0,0,0,0.035,1.8,2349.57,0.783362,0.303044,0,0.0229315,0.986128,,0.972921,,,,1.4
anim_repair_fix_idle_fullyfull_03,v1.5,1.4,1e4c4ad2e6e1,201,6.6,0,0,0,0,0,0,0.06,1.8,1858.81,1.00553,0.0154355,0,0.0010435,0.975747,,0.820638,,,RATE,2.4
anim_repair_fix_lift_down_01,v1.5,1.4,1e4c4ad2e6e1,20,0.627,0,0,0,0,0,0,0,1.38054,8623.23,0.178572,0,0,0,0.508322,0.878358,,,,SHORT,10
anim_repair_fix_lift_up_01,v1.5,1.4,1e4c4ad2e6e1,20,0.627,0,0,0,0,0,0,0,1.62756,11076.9,0.243741,0,0,0,0.600813,0.967284,,,,SHORT,10
anim_repair_fix_lowerlift_01,v1.5,1.4,1e4c4ad2e6e1,32,1.023,0,0,0,0,0,0,0.322581,1.8,8459.29,0.508703,0,0,0,0.916001,0.587882,,,,RATE,12.903
anim_repair_fix_raiselift_01,v1.5,1.4,1e4c4ad2e6e1,32,1.023,0,0,0,0,0,0,0.322581,1.8,8434.6,0.873207,0,0,0,0.960756,0.860254,,,,RATE,12.903
anim_repair_fix_roundreact_01,v1.5,1.4,1e4c4ad2e6e1,51,1.65,0,0,0,0,0,0,0.26,1.8,5788.16,0.613596,0.0200135,0,0.00173366,0.783544,,,,,RATE,10.4
anim_repair_fix_wheels_back_01,v1.5,1.4,1e4c4ad2e6e1,15,0.462,0,0,0,0,0,0,0,0.991291,2174.61,0.280547,0,0,0,0.922933,,,,,SHORT,10
anim_repair_fix_wheels_forward_01,v1.5,1.4,1e4c4ad2e6e1,20,0.627,0,0,0,0,0,0,0,0.652931,1420.48,0.151083,0,0,0,0.97332,,,,,SHORT,10
anim_repair_mild_fix_fail_01,v1.5,1.4,1e4c4ad2e6e1,65,2.112,0,0,0,0,0,0,0.25,1.8,9100.74,0.770553,0.35151,0,0.0264,0.734935,0.527509,0.974579,,,RATE,10
anim_repair_mild_fix_head_01,v1.5,1.4,1e4c4ad2e6e1,98,3.201,0,0,0,0,0,0,0.226804,1.8,6874.11,0.982875,0.454369,0,0.0264,0.959454,-0.271661,,,,RATE;LOWCORR,24.072
anim_repair_mild_fix_head_02,v1.5,1.4,1e4c4ad2e6e1,75,2.442,0,0,0,0,0,0,0.297297,1.8,9138.13,0.673363,0.48191,0,0.0264,0.766666,0.870241,,,,RATE,11.892
anim_repair_mild_fix_lift_01,v1.5,1.4,1e4c4ad2e6e1,101,3.3,0,0,0,0,0,0,0.28,1.8,7252.97,1.11941,0.421525,0,0.0264,0.92213,0.539599,0.975137,,,RATE,11.2
anim_repair_mild_fix_lift_02,v1.5,1.4,1e4c4ad2e6e1,105,3.432,0,0,0,0,0,0,0.605769,1.8,8880.61,1.22742,0.236614,0,0.0173073,0.874678,0.86128,0.68779,,,RATE,24.231
anim_repair_mild_fix_tread_01,v1.5,1.4,1e4c4ad2e6e1,88,2.871,0,0,0,0,0,0,0.218391,1.8,6190.47,0.821868,0.119066,0,0.00886112,0.921883,0.376472,0.981751,,,RATE,8.736
anim_repair_mild_fix_tread_02,v1.5,1.4,1e4c4ad2e6e1,105,3.432,0,0,0,0,0,0,0.230769,1.8,5217.5,1.01712,0.0071708,0,0.000501573,0.945469,,0.954422,,,RATE,9.231
anim_repair_mild_reaction_02,v1.5,1.4,1e4c4ad2e6e1,39,1.254,0,0,0,0,0,0,0.131579,1.8,6336.15,0.617031,0.0652537,0,0.00599372,0.772688,-0.337503,0.855945,,,RATE;LOWCORR,20.263
anim_repair_react_fall_01,v1.5,1.4,1e4c4ad2e6e1,11,0.33,0,0,0,0,0,0,0.2,1.8,9510.73,0.230218,0.0492674,0,0.0067457,0.262794,0.260889,,,,TINY;SHORT;RATE;LOWCORR,43
anim_repair_react_hit_01,v1.5,1.4,1e4c4ad2e6e1,135,4.422,0,0,0,0,0,0,0.149254,1.8,6696.11,0.975543,0.478233,0,0.0264,0.968024,0.769907,0.65451,,,RATE,5.97
anim_repair_react_stop_01,v1.5,1.4,1e4c4ad2e6e1,136,4.455,0,0,0,0,0,0,0.037037,1.8,3156.05,0.502182,0.172495,0,0.0101407,0.914098,0.238603,,,,LOWCORR,16.481
anim_repair_reaction_01,v1.5,1.4,1e4c4ad2e6e1,231,7.59,0,0,0.030303,0,0,0.030303,0.178261,1.8,6325.2,1.14806,0.497505,0,0.0264,0.788873,-0.0833262,0.952818,,,SAT;RATE;LOWCORR,25.161
anim_repair_severe_driving_end_01,v1.5,1.4,1e4c4ad2e6e1,17,0.528,0,0,0,0,0,0,0,0.396511,768.304,0.177452,0.4224,0,0.0264,0.989178,,,,,SHORT,10
anim_repair_severe_driving_loop_01,v1.5,1.4,1e4c4ad2e6e1,91,2.97,0,0,0,0,0,0,0,0.219537,345.399,0.0560012,0.139629,0,0.0107976,,,,,,,0
anim_repair_severe_driving_loop_02,v1.5,1.4,1e4c4ad2e6e1,76,2.475,0,0,0,0,0,0,0,0.106034,77.1242,0.0226195,0.0191105,0,0.000960946,,,,,,STATIC,50
anim_repair_severe_driving_loop_03,v1.5,1.4,1e4c4ad2e6e1,101,3.3,0,0,0,0,0,0,0,0.650087,446.075,0.287584,0.165439,0,0.00717705,0.96687,,,,,,0
anim_repair_severe_driving_start_01,v1.5,1.4,1e4c4ad2e6e1,53,1.716,0,0,0,0,0,0,0,0.718422,802.418,0.227467,0.138363,0,0.00751489,0.993745,,,,,,0
anim_repair_severe_fix_fail_01,v1.5,1.4,1e4c4ad2e6e1,92,3.003,0,0,0,0,0,0,0.252747,1.8,8867.09,0.862527,0.593923,0,0.0206642,0.790187,0.314156,0.965942,,,RATE,10.11
anim_repair_severe_fix_getin_01,v1.5,1.4,1e4c4ad2e6e1,176,5.775,0,0,0,0,0,0,0,0.851227,527.263,0.512386,0.287517,0,0.014199,0.988047,-0.439694,,,,LOWCORR,15
anim_repair_severe_fix_getout_01,v1.5,1.4,1e4c4ad2e6e1,231,7.59,0,0,0,0,0,0,0.173913,1.8,5446.88,1.21473,0.494865,0,0.0264,0.97994,0.703038,0.897036,,,RATE,6.957
anim_repair_severe_fix_getout_02,v1.5,1.4,1e4c4ad2e6e1,206,6.765,0,0,0,0,0,0,0.121951,1.8,6483.55,1.20671,0.512755,0,0.0264,0.879117,0.315527,0.933706,,,RATE,4.878
anim_repair_severe_fix_getout_03,v1.5,1.4,1e4c4ad2e6e1,101,3.3,0,0,0.0891089,0,0,0.0891089,0.27,1.8,5617.98,1.1022,0.505342,0,0.0264,0.920935,0.0279517,,,,SAT;RATE;LOWCORR,34.711
anim_repair_severe_fix_getready_01,v1.5,1.4,1e4c4ad2e6e1,52,1.683,0,0,0,0,0,0,0.0392157,1.8,1247.3,0.504222,0.0994051,0,0.00688085,0.963533,,,,,,1.569
anim_repair_severe_fix_head_down_01,v1.5,1.4,1e4c4ad2e6e1,20,0.627,0,0,0,0,0,0,0.631579,1.8,12559.5,0.469439,0.0409643,0,0.00774738,-0.171866,,,,,SHORT;RATE;LOWCORR,50.263
anim_repair_severe_fix_lift_down_01,v1.5,1.4,1e4c4ad2e6e1,17,0.528,0,0,0,0,0,0,0,1.485,10674.2,0.158553,0.0162885,0,0.00134048,0.360872,0.812038,,,,SHORT,10
anim_repair_severe_fix_lift_up_01,v1.5,1.4,1e4c4ad2e6e1,20,0.627,0,0,0,0,0,0,0.157895,1.8,11636.9,0.255207,0.00611028,0,0.00106639,0.302909,0.967328,,,,SHORT;RATE,16.316
anim_repair_severe_fix_lowerlift_01,v1.5,1.4,1e4c4ad2e6e1,31,0.99,0,0,0,0,0,0,0,1.64622,3833.3,0.287017,0.192946,0,0.012825,-0.0257186,,,,,LOWCORR,15
anim_repair_severe_fix_raiselift_01,v1.5,1.4,1e4c4ad2e6e1,31,0.99,0,0,0,0,0,0,0.166667,1.8,4378.67,0.716316,0.192946,0,0.012825,-0.187588,0.99854,,,,RATE;LOWCORR,21.667
anim_repair_severe_fix_roundreaction_01,v1.5,1.4,1e4c4ad2e6e1,111,3.63,0,0,0.0990991,0,0,0.0990991,0.236364,1.8,5072.87,1.24764,0.565554,0,0.0264,0.92093,0.0233842,,,,SAT;RATE;LOWCORR,34.364
anim_repair_severe_fix_wheels_back_01,v1.5,1.4,1e4c4ad2e6e1,11,0.33,0,0,0,0,0,0,0,1.16984,2318.95,0.301645,0.0123137,0,0.00141692,0.963052,,,,,TINY;SHORT,20
anim_repair_severe_fix_wheels_forward_01,v1.5,1.4,1e4c4ad2e6e1,20,0.627,0,0,0,0,0,0,0,0.631936,1371.72,0.15048,0.0227259,0,0.00263724,0.973711,,,,,SHORT,10
anim_repair_severe_getin_01,v1.5,1.4,1e4c4ad2e6e1,217,7.128,0,0,0,0,0,0,0.115741,1.8,4106.44,1.5915,0.646688,0,0.0178732,0.848292,0.464854,0.97653,,,RATE,4.63
anim_repair_severe_getout_01,v1.5,1.4,1e4c4ad2e6e1,18,0.561,0,0,0,0,0,0,0.294118,1.8,9241,0.422398,0.0149971,0,0.00128078,0.931181,-0.835436,,,,SHORT;RATE;LOWCORR,36.765
anim_repair_severe_idle_01,v1.5,1.4,1e4c4ad2e6e1,101,3.3,0,0,0,0,0,0,0,0.76217,600.239,0.371467,0.0398361,0,0.00310749,0.995256,,0.998228,,,,0
anim_repair_severe_idle_02,v1.5,1.4,1e4c4ad2e6e1,75,2.442,0,0,0,0,0,0,0,0.911534,1089.63,0.164138,0,0,0,0.973528,,,,,,0
anim_repair_severe_idle_03,v1.5,1.4,1e4c4ad2e6e1,111,3.63,0,0,0,0,0,0,0.227273,1.8,4192.19,1.40583,0.0816163,0,0.00844952,0.771766,,0.987285,,,RATE,9.091
anim_repair_severe_interruption_edge_01,v1.5,1.4,1e4c4ad2e6e1,85,2.772,0,0,0,0,0,0,0.404762,1.8,9305.89,1.08721,0.168033,0,0.0150959,0.737864,-0.537481,0.953254,,,RATE;LOWCORR,31.19
anim_repair_severe_interruption_offcube_01,v1.5,1.4,1e4c4ad2e6e1,146,4.785,0,0,0,0,0,0,0.351724,1.8,6580.39,1.2717,0.254785,0,0.0177498,0.910486,0.512213,0.981833,,,RATE,14.069
anim_repair_severe_reaction_01,v1.5,1.4,1e4c4ad2e6e1,231,7.59,0,0,0,0,0,0,0.0652174,1.8,4669.84,0.869244,0.582983,0,0.0264,0.954544,0.504528,,,,RATE,2.609
anim_repair_severe_reaction_02,v1.5,1.4,1e4c4ad2e6e1,36,1.155,0,0,0,0,0,0,0.228571,1.8,6681.39,0.665164,0.0459869,0,0.00467002,0.90591,-0.715977,0.914535,,,RATE;LOWCORR,24.143
anim_repair_severe_wakeup_01,v1.5,1.4,1e4c4ad2e6e1,191,6.27,0,0,0,0,0,0,0.0894737,1.8,4541.24,0.74163,0.653466,0,0.0264,0.785794,0.606045,,,,RATE,3.579
anim_rollblock_fail_01,v1.5,1.4,1e4c4ad2e6e1,46,1.485,0,0,0,0,0,0,0,1.31432,1167.68,0.470266,0.524986,0,0.0264,0.996118,,,,,,0
anim_rtc_react_01,v1.5,1.4,1e4c4ad2e6e1,28,0.891,0,0,0,0,0,0,0,1.57047,3689.78,0.246115,0.0625954,0,0.00441808,0.788022,0.0810915,,,,SHORT;LOWCORR,25
anim_rtpkeepaway_askforgame_01,v1.5,1.4,1e4c4ad2e6e1,106,3.465,0,0,0,0,0,0,0.361905,1.8,8133.26,1.26062,0.0832235,0,0.00595552,0.927485,0.866796,,,,RATE,14.476
anim_rtpkeepaway_askforgame_02,v1.5,1.4,1e4c4ad2e6e1,86,2.805,0,0,0,0,0,0,0.576471,1.8,8181.04,1.36531,0.0611899,0,0.00516301,0.847891,0.835126,,,,RATE,23.059
anim_rtpkeepaway_ideatoplay_01,v1.5,1.4,1e4c4ad2e6e1,81,2.64,0,0,0,0,0,0,0.1,1.8,5001.83,0.607799,0.58203,0,0.0264,0.971076,,0.988232,,,RATE,4
anim_rtpkeepaway_ideatoplay_02,v1.5,1.4,1e4c4ad2e6e1,97,3.168,0,0,0,0,0,0,0.0625,1.8,4909.11,0.569382,0.577441,0,0.0264,0.97685,-0.192937,,,,RATE;LOWCORR,17.5
anim_rtpkeepaway_ideatoplay_03,v1.5,1.4,1e4c4ad2e6e1,75,2.442,0,0,0,0,0,0,0.108108,1.8,5099.45,0.693115,0.470087,0,0.0264,0.969886,-0.109302,,,,RATE;LOWCORR,19.324
anim_rtpkeepaway_idle_01,v1.5,1.4,1e4c4ad2e6e1,161,5.28,0,0,0,0,0,0,0,1.36269,1567.83,0.351766,0.0708519,0,0.0047453,0.976838,,0.988353,,,,0
anim_rtpkeepaway_idle_02,v1.5,1.4,1e4c4ad2e6e1,106,3.465,0,0,0,0,0,0,0,1.00406,1243.76,0.240494,0.0101948,0,0.000666738,0.956437,,,,,,0
anim_rtpkeepaway_idle_03,v1.5,1.4,1e4c4ad2e6e1,76,2.475,0,0,0,0,0,0,0,1.48609,2085.23,0.217205,0.00748885,0,0.000498891,0.921207,,,,,,0
anim_rtpkeepaway_playerno_01,v1.5,1.4,1e4c4ad2e6e1,101,3.3,0,0,0,0,0,0,0.2,1.8,4668.35,1.03349,0.534211,0,0.0264,0.955768,0.84476,0.969956,,,RATE,8
anim_rtpkeepaway_playerno_02,v1.5,1.4,1e4c4ad2e6e1,141,4.62,0,0,0,0,0,0,0,1.53221,2180.05,0.427245,0.383569,0,0.0264,0.944124,,,,,,0
anim_rtpkeepaway_playerno_03,v1.5,1.4,1e4c4ad2e6e1,127,4.158,0,0,0.165354,0,0,0.165354,0.166667,1.8,5245.33,0.915863,0.547275,0,0.0264,0.66046,0.25478,,,,SAT;RATE;LOWCORR,38.202
anim_rtpkeepaway_playeryes_01,v1.5,1.4,1e4c4ad2e6e1,72,2.343,0,0,0,0,0,0,0.169014,1.8,3694.82,0.646838,0.512073,0,0.0264,0.982222,0.225599,,,,RATE;LOWCORR,21.761
anim_rtpkeepaway_playeryes_02,v1.5,1.4,1e4c4ad2e6e1,87,2.838,0,0,0,0,0,0,0.0930233,1.8,4932.14,0.78121,0.497747,0,0.0264,0.981712,0.519611,,,,RATE,3.721
anim_rtpkeepaway_playeryes_03,v1.5,1.4,1e4c4ad2e6e1,86,2.805,0,0,0,0,0,0,0.0352941,1.8,3973.21,0.483557,0.506703,0,0.0264,0.943998,0.229604,,,,LOWCORR,16.412
anim_rtpkeepaway_reacttocube_01,v1.5,1.4,1e4c4ad2e6e1,21,0.66,0,0,0,0,0,0,0.3,1.8,7343.06,0.428003,0,0,0,0.78464,-0.0064616,,,,SHORT;RATE;LOWCORR,37
anim_rtpkeepaway_reacttocube_02,v1.5,1.4,1e4c4ad2e6e1,35,1.122,0,0,0,0,0,0,0,1.03561,3210.97,0.164299,0,0,0,0.991291,-0.747001,,,,LOWCORR,15
anim_rtpkeepaway_reacttocube_03,v1.5,1.4,1e4c4ad2e6e1,28,0.891,0,0,0,0,0,0,0,1.03683,1702.13,0.242579,0.0144984,0,0.00095427,0.989942,,,,,SHORT,10
anim_rtpmemorymatch_no_01,v1.5,1.4,1e4c4ad2e6e1,71,2.31,0,0,0.408451,0,0,0.408451,0.271429,1.8,7595.98,1.06227,0.497949,0,0.0264,0.815063,,,,,SAT;RATE,51.702
anim_rtpmemorymatch_no_02,v1.5,1.4,1e4c4ad2e6e1,136,4.455,0,0,0,0,0,0,0.162963,1.8,5765.92,1.22901,0.638605,0,0.0264,0.963008,0.514501,0.970839,,,RATE,6.519
anim_rtpmemorymatch_request_01,v1.5,1.4,1e4c4ad2e6e1,66,2.145,0,0,0,0,0,0,0.753846,1.8,8615.07,1.77167,0.485344,0,0.0264,0.903249,0.304196,0.878807,,,RATE,30.154
anim_rtpmemorymatch_request_02,v1.5,1.4,1e4c4ad2e6e1,71,2.31,0,0,0,0,0,0,0.471429,1.8,8878.28,1.11106,0.0695307,0,0.00569087,0.608676,0.907493,,,,RATE,18.857
anim_rtpmemorymatch_request_03,v1.5,1.4,1e4c4ad2e6e1,71,2.31,0,0,0,0,0,0,0.471429,1.8,8878.28,1.11106,0.0695307,0,0.00569087,0.608676,0.907493,,,,RATE,18.857
anim_rtpmemorymatch_yes_01,v1.5,1.4,1e4c4ad2e6e1,36,1.155,0,0,0,0,0,0,0.2,1.8,5708.39,0.78565,0.474416,0,0.0264,0.969102,0.972298,,,,RATE,8
anim_rtpmemorymatch_yes_02,v1.5,1.4,1e4c4ad2e6e1,46,1.485,0,0,0,0,0,0,0.333333,1.8,6910.09,0.686444,0.406072,0,0.0264,0.912278,0.88792,,,,RATE,13.333
anim_rtpmemorymatch_yes_03,v1.5,1.4,1e4c4ad2e6e1,26,0.825,0,0,0,0,0,0,0.16,1.8,5011.73,0.463378,0.3168,0,0.0264,0.964002,,,,,SHORT;RATE,16.4
anim_rtpmemorymatch_yes_04,v1.5,1.4,1e4c4ad2e6e1,71,2.31,0,0,0,0,0,0,0.185714,1.8,5815.57,0.77206,0.426899,0,0.0264,0.97515,0.807879,,,,RATE,7.429
anim_sdk_speak_01,v1.5,1.4,1e4c4ad2e6e1,31,0.99,0,0,0,0,0,0,0,0.394348,887.471,0.0366738,0,0,0,,,,,,STATIC,50
anim_sparking_driving_loop_01,v1.5,1.4,1e4c4ad2e6e1,99,3.234,0,0,0,0,0,0,0,1.00861,1055.73,0.223983,0.0214789,0,0.00187349,0.990216,,,,,,0
anim_sparking_driving_loop_02,v1.5,1.4,1e4c4ad2e6e1,100,3.267,0,0,0,0,0,0,0,1.29707,1138.07,0.401831,0.15554,0,0.0128466,0.913787,,,,,,0
anim_sparking_driving_loop_03,v1.5,1.4,1e4c4ad2e6e1,100,3.267,0,0,0,0,0,0,0,0.899287,528.3,0.221492,0.0485661,0,0.00364834,0.998706,,,,,,0
anim_sparking_driving_start_01,v1.5,1.4,1e4c4ad2e6e1,25,0.792,0,0,0,0,0,0,0,1.22912,2240.64,0.261002,0.505495,0,0.0264,0.982061,,,,,SHORT,10
anim_sparking_driving_stop_01,v1.5,1.4,1e4c4ad2e6e1,32,1.023,0,0,0,0,0,0,0,0.984831,2182.33,0.217372,0.0318762,0,0.0033018,0.856844,,,,,,0
anim_sparking_earnsparks_01,v1.5,1.4,1e4c4ad2e6e1,106,3.465,0,0,0,0,0,0,0.352381,1.8,8148.09,1.18425,0.0761546,0,0.00533813,0.94147,0.508571,0.916212,,,RATE,14.095
anim_sparking_fail_01,v1.5,1.4,1e4c4ad2e6e1,81,2.64,0,0,0,0,0,0,0.075,1.8,3730.64,0.779769,0.149329,0,0.0101998,0.874954,-0.727955,0.983063,,,RATE;LOWCORR,18
anim_sparking_getin_01,v1.5,1.4,1e4c4ad2e6e1,81,2.64,0,0,0,0,0,0,0.1,1.8,4182.41,0.954725,0.487111,0,0.0264,0.976652,-0.117237,0.959757,,,RATE;LOWCORR,19
anim_sparking_getout_01,v1.5,1.4,1e4c4ad2e6e1,31,0.99,0,0,0,0,0,0,0.366667,1.8,7604.06,0.796228,0,0,0,0.9895,-0.787365,0.759116,,,RATE;LOWCORR,29.667
anim_sparking_idle_01,v1.5,1.4,1e4c4ad2e6e1,100,3.267,0,0,0,0,0,0,0.0505051,1.8,2063.13,0.793691,0.0153406,0,0.00110209,0.992908,,0.984619,,,RATE,2.02
anim_sparking_idle_02,v1.5,1.4,1e4c4ad2e6e1,100,3.267,0,0,0,0,0,0,0.111111,1.8,3332,0.908935,0.0464346,0,0.003093,0.978232,,0.985649,,,RATE,4.444
anim_sparking_idle_03,v1.5,1.4,1e4c4ad2e6e1,196,6.435,0,0,0,0,0,0,0.0769231,1.8,3184.49,0.951592,0.428396,0,0.0264,0.922834,,0.983336,,,RATE,3.077
anim_sparking_success_01,v1.5,1.4,1e4c4ad2e6e1,47,1.518,0,0,0,0,0,0,0.0434783,1.8,3669.48,0.47323,0.395974,0,0.0264,0.933383,0.705741,,,,,1.739
anim_sparking_success_02,v1.5,1.4,1e4c4ad2e6e1,119,3.894,0,0,0,0,0,0,0.305085,1.8,8630.16,1.15825,0.514378,0,0.0264,0.72953,0.769692,0.947121,,,RATE,12.203
anim_speedtap_ask2play_01,v1.5,1.4,1e4c4ad2e6e1,28,0.891,0,0,0,0,0,0,0,0.951453,3004.12,0.167722,0.368967,0,0.0264,0.952217,0.441383,,,,SHORT,10
anim_speedtap_drivingloop_01,v1.5,1.4,1e4c4ad2e6e1,46,1.485,0,0,0,0,0,0,0,0.14134,157.201,0.0367415,0.00829935,0,0.00076741,0.995155,,,,,STATIC,50
anim_speedtap_drivingloop_02,v1.5,1.4,1e4c4ad2e6e1,75,2.442,0,0,0,0,0,0,0,0.237004,184.015,0.048138,0.0100782,0,0.000769258,0.789549,,,,,STATIC,50
anim_speedtap_enddriving_01,v1.5,1.4,1e4c4ad2e6e1,21,0.66,0,0,0,0,0,0,0,0.267688,398.318,0.0539552,0.000211179,0,1.58548e-05,,,,,,SHORT,10
anim_speedtap_findsplayer_01,v1.5,1.4,1e4c4ad2e6e1,44,1.419,0,0,0,0,0,0,0,0.395002,886.946,0.0603589,0.0315486,0,0.00280523,,,,,,,0
anim_speedtap_foundblock_01,v1.5,1.4,1e4c4ad2e6e1,21,0.66,0,0,0,0,0,0,0.6,1.8,9068.82,0.884564,0.0756937,0,0.00498253,0.591609,,,,,SHORT;RATE,34
anim_speedtap_getout_01,v1.5,1.4,1e4c4ad2e6e1,21,0.66,0,0,0,0,0,0,0,0.496669,1074.25,0.128536,0.126218,0,0.0139468,,,,,,SHORT,10
anim_speedtap_idle_01,v1.5,1.4,1e4c4ad2e6e1,17,0.528,0,0,0,0,0,0,0,0.852744,1763.46,0.175618,0,0,0,0.929533,0.956259,,,,SHORT,10
anim_speedtap_idle_02,v1.5,1.4,1e4c4ad2e6e1,21,0.66,0,0,0,0,0,0,0,1.2459,5055.53,0.258291,0.201518,0,0.0137401,0.912208,,,,,SHORT,10
anim_speedtap_look4block_01,v1.5,1.4,1e4c4ad2e6e1,40,1.287,0,0,0,0,0,0,0.384615,1.8,7139.39,0.951397,0.0370856,0,0.00328791,0.903497,0.122793,0.95996,,,RATE;LOWCORR,30.385
anim_speedtap_lookatplayer,v1.5,1.4,1e4c4ad2e6e1,41,1.32,0,0,0,0,0,0,0.025,1.8,3610.59,0.25968,0.181992,0,0.0125233,0.942771,,,,,,1
anim_speedtap_losegame_intensity02_01,v1.5,1.4,1e4c4ad2e6e1,243,7.986,0,0,0,0,0,0,0.0950413,1.8,2999.41,1.52059,0.301781,0,0.0120696,0.836527,0.767753,0.994648,,,RATE,3.802
anim_speedtap_losegame_intensity02_02,v1.5,1.4,1e4c4ad2e6e1,231,7.59,0,0,0,0,0,0,0.304348,1.8,7447.07,1.76929,0.571316,0,0.0264,0.79055,0.673939,0.844221,,,RATE,12.174
anim_speedtap_losegame_intensity02_03,v1.5,1.4,1e4c4ad2e6e1,351,11.55,0,0,0,0,0,0,0.171429,1.8,5509.46,1.86872,0.60162,0,0.0264,0.834644,0.887665,0.958463,,,RATE,6.857
anim_speedtap_losegame_intensity03_01,v1.5,1.4,1e4c4ad2e6e1,144,4.719,0,0,0.0694444,0,0,0.0694444,0.496503,1.8,10614.3,1.39899,0.677585,0,0.0264,0.820427,0.585683,0.986468,,,SAT;RATE,26.805
anim_speedtap_losegame_intensity03_02,v1.5,1.4,1e4c4ad2e6e1,351,11.55,0,0,0,0,0,0,0.354286,1.8,7194.91,2.27136,0.593078,0,0.0264,0.641071,0.670802,0.956531,,,RATE,14.171
anim_speedtap_losegame_intensity03_03,v1.5,1.4,1e4c4ad2e6e1,301,9.9,0,0,0.013289,0,0,0.013289,0.216667,1.8,7010.56,1.86121,0.438879,0,0.0264,0.440196,0.79029,0.92248,,,SAT;RATE,9.996
anim_speedtap_losehand_01,v1.5,1.4,1e4c4ad2e6e1,15,0.462,0,0,0,0,0,0,0,1.29216,5145.88,0.184622,0.206701,0,0.0264,0.792907,0.784578,,,,SHORT,10
anim_speedtap_losehand_02,v1.5,1.4,1e4c4ad2e6e1,21,0.66,0,0,0,0,0,0,0.1,1.8,7192.23,0.41989,0.111657,0,0.0150094,0.959045,0.726153,,,,SHORT;RATE,14
anim_speedtap_losehand_03,v1.5,1.4,1e4c4ad2e6e1,11,0.33,0,0,0,0,0,0,0,0.627574,576.12,0.178536,0,0,0,0.872029,0.954887,,,,TINY;SHORT,20
anim_speedtap_loseround_intensity01_01,v1.5,1.4,1e4c4ad2e6e1,70,2.277,0,0,0,0,0,0,0.0869565,1.8,3446.26,1.12474,0.426132,0,0.0264,0.972044,0.708386,,,,RATE,3.478
anim_speedtap_loseround_intensity02_01,v1.5,1.4,1e4c4ad2e6e1,70,2.277,0,0,0,0,0,0,0.0869565,1.8,3446.26,1.12474,0.426132,0,0.0264,0.972044,0.708386,,,,RATE,3.478
anim_speedtap_loseround_intensity02_02,v1.5,1.4,1e4c4ad2e6e1,70,2.277,0,0,0,0,0,0,0.0869565,1.8,3446.26,1.12474,0.426132,0,0.0264,0.972044,0.708386,,,,RATE,3.478
anim_speedtap_player_idle_01,v1.5,1.4,1e4c4ad2e6e1,60,1.947,0,0,0,0,0,0,0,1.50438,1056.25,0.256841,0.00460982,0,0.000314713,0.992872,,,,,,0
anim_speedtap_playerno_01,v1.5,1.4,1e4c4ad2e6e1,45,1.452,0,0,0.733333,0,0,0.733333,0.318182,1.8,9857.46,0.827613,0.104996,0,0.00839067,0.702148,,,,,SAT;RATE,86.061
anim_speedtap_playeryes_01,v1.5,1.4,1e4c4ad2e6e1,21,0.66,0,0,0,0,0,0,0.2,1.8,7061.2,0.354922,0.287109,0,0.0264,0.885347,,,,,SHORT;RATE,18
anim_speedtap_startdriving_01,v1.5,1.4,1e4c4ad2e6e1,15,0.462,0,0,0,0,0,0,0,0.6965,1160.67,0.138278,0,0,0,,,,,,SHORT,10
anim_speedtap_tap_01,v1.5,1.4,1e4c4ad2e6e1,21,0.66,0,0,0,0,0,0,0.35,1.8,9466.32,0.553286,0.235835,0,0.017581,0.734251,0.941636,,,,SHORT;RATE,24
anim_speedtap_tap_02,v1.5,1.4,1e4c4ad2e6e1,11,0.33,0,0,0,0,0,0,0.2,1.8,18495.4,0.292246,0,0,0,0.78627,0.0191083,,,,TINY;SHORT;RATE;LOWCORR,43
anim_speedtap_tap_03,v1.5,1.4,1e4c4ad2e6e1,11,0.33,0,0,0,0,0,0,0.6,1.8,5139.24,0.512239,0,0,0,0.95301,0.925841,,,,TINY;SHORT;RATE,44
anim_speedtap_wait_long,v1.5,1.4,1e4c4ad2e6e1,61,1.98,0,0,0,0,0,0,0,1.01142,1140.28,0.327605,0.00743377,0,0.000553846,,,,,,,0
anim_speedtap_wait_medium_02,v1.5,1.4,1e4c4ad2e6e1,31,0.99,0,0,0,0,0,0,0,0.482509,1412.72,0.130122,0.0711813,0,0.00724804,,,,,,,0
anim_speedtap_wait_medium_03,v1.5,1.4,1e4c4ad2e6e1,31,0.99,0,0,0,0,0,0,0,1.04815,1588.6,0.229167,0,0,0,0.919791,,,,,,0
anim_speedtap_wait_short,v1.5,1.4,1e4c4ad2e6e1,11,0.33,0,0,0,0,0,0,0,0.18377,526.415,0.0159059,0,0,0,,,,,,TINY;SHORT;STATIC,70
anim_speedtap_wingame_intensity02_01,v1.5,1.4,1e4c4ad2e6e1,211,6.93,0,0,0,0,0,0,0.614286,1.8,10174.5,2.0952,0.659894,0,0.0264,0.723446,0.587431,0.944849,,,RATE,24.571
anim_speedtap_wingame_intensity02_02,v1.5,1.4,1e4c4ad2e6e1,46,1.485,0,0,0,0,0,0,0.666667,1.8,10866.7,1.34711,0.162925,0,0.0130553,0.511962,0.853787,,,,RATE,26.667
anim_speedtap_wingame_intensity02_03,v1.5,1.4,1e4c4ad2e6e1,111,3.63,0,0,0,0,0,0,0.3,1.8,6906.97,1.38395,0.490193,0,0.0264,0.675883,0.910186,0.97472,,,RATE,12
anim_speedtap_wingame_intensity02_04,v1.5,1.4,1e4c4ad2e6e1,141,4.62,0,0,0,0,0,0,0.371429,1.8,11619.6,1.45205,0.500686,0,0.0264,0.90341,0.801825,0.937467,,,RATE,14.857
anim_speedtap_wingame_intensity03_01,v1.5,1.4,1e4c4ad2e6e1,46,1.485,0,0,0,0,0,0,0.666667,1.8,10866.7,1.34711,0.162925,0,0.0130553,0.511962,0.853787,,,,RATE,26.667
anim_speedtap_wingame_intensity03_02,v1.5,1.4,1e4c4ad2e6e1,126,4.125,0,0,0,0,0,0,0.568,1.8,10815.5,1.61862,0.50687,0,0.0264,0.673357,0.868362,0.718372,,,RATE,22.72
anim_speedtap_wingame_intensity03_03,v1.5,1.4,1e4c4ad2e6e1,116,3.795,0,0,0,0,0,0,0.33913,1.8,8234.94,1.57181,0.501657,0,0.0264,0.926849,0.857652,0.899373,,,RATE,13.565
anim_speedtap_winhand_01,v1.5,1.4,1e4c4ad2e6e1,18,0.561,0,0,0,0,0,0,0,1.23278,3590.47,0.245986,0.2376,0,0.0264,0.883581,-0.754963,,,,SHORT;LOWCORR,25
anim_speedtap_winhand_02,v1.5,1.4,1e4c4ad2e6e1,18,0.561,0,0,0,0,0,0,0,1.05999,3239.66,0.21804,0.299497,0,0.0264,0.821666,0.916918,,,,SHORT,10
anim_speedtap_winhand_03,v1.5,1.4,1e4c4ad2e6e1,12,0.363,0,0,0,0,0,0,0.0909091,1.8,10106.4,0.252796,0.0336055,0,0.00339586,0.892015,-0.99052,,,,TINY;SHORT;RATE;LOWCORR,38.636
anim_speedtap_winround_intensity01_01,v1.5,1.4,1e4c4ad2e6e1,21,0.66,0,0,0,0,0,0,0.3,1.8,8754.95,0.453961,0.238145,0,0.0264,0.939908,0.273548,,,,SHORT;RATE;LOWCORR,37
anim_speedtap_winround_intensity02_01,v1.5,1.4,1e4c4ad2e6e1,100,3.267,0,0,0,0,0,0,0.282828,1.8,6986.34,1.59521,0.519599,0,0.0264,0.810731,0.745078,,,,RATE,11.313
anim_speedtap_winround_intensity02_02,v1.5,1.4,1e4c4ad2e6e1,93,3.036,0,0,0,0,0,0,0.271739,1.8,6137.04,1.45375,0.218121,0,0.0125553,0.883526,0.83828,,,,RATE,10.87
anim_test_shiver,v1.5,1.4,1e4c4ad2e6e1,7,0.198,0,0,0,0,0,0,0.5,1.8,4292.07,0.27621,0,0,0,,,,,,TINY;SHORT;RATE,40
anim_upgrade_reaction_lift_01,v1.5,1.4,1e4c4ad2e6e1,171,5.61,0,0,0,0,0,0,0.105882,1.8,4795.19,0.764551,0.0821774,0,0.00558209,0.928483,0.441432,0.985802,,,RATE,4.235
anim_upgrade_reaction_tracks_01,v1.5,1.4,1e4c4ad2e6e1,101,3.3,0,0,0,0,0,0,0.3,1.8,7056.63,0.965078,0.0262653,0,0.00175661,0.867126,,0.978078,,,RATE,12
anim_vc_alrighty_01,v1.5,1.4,1e4c4ad2e6e1,45,1.452,0,0,0,0,0,0,0.181818,1.8,9275.35,0.506925,0.47783,0,0.0264,0.715049,,,,,RATE,7.273
anim_vc_laser_lookdown_01,v1.5,1.4,1e4c4ad2e6e1,22,0.693,0,0,0,0,0,0,0.428571,1.8,8932.61,0.753947,0,0,0,0.645954,,,,,SHORT;RATE,27.143
anim_vc_listening_01,v1.5,1.4,1e4c4ad2e6e1,201,6.6,0,0,0,0,0,0,0.075,1.8,4400.55,0.917727,0.0805116,0,0.00660938,0.928631,0.727436,0.947001,,,RATE,3
anim_vc_reaction_alreadyhere_01_head_angle_-20,v1.5,1.4,1e4c4ad2e6e1,116,3.795,0,0,0,0,0,0,0.391304,1.8,7459.02,1.0705,0.505226,0,0.0264,0.85955,0.0530761,0.986815,,,RATE;LOWCORR,30.652
anim_vc_reaction_alreadyhere_01_head_angle_20,v1.5,1.4,1e4c4ad2e6e1,116,3.795,0,0,0,0,0,0,0.217391,1.8,5564.93,1.0705,0.505226,0,0.0264,0.938039,0.716413,0.986815,,,RATE,8.696
anim_vc_reaction_alreadyhere_01_head_angle_40,v1.5,1.4,1e4c4ad2e6e1,116,3.795,0,0,0,0,0,0,0.208696,1.8,5347.03,1.0705,0.505226,0,0.0264,0.933364,0.757788,0.986815,,,RATE,8.348
anim_vc_reaction_nofaceheardyou_01,v1.5,1.4,1e4c4ad2e6e1,289,9.504,0,0,0,0,0,0,0.09375,1.8,5238.92,1.15444,0.521912,0,0.0213197,0.936595,0.909099,0.280037,,,RATE;LOWCORR,18.75
anim_vc_reaction_nofaceheardyou_getout_01,v1.5,1.4,1e4c4ad2e6e1,24,0.759,0,0,0,0,0,0,0.130435,1.8,7515.67,0.447265,0.0452021,0,0.00389266,0.946576,,,,,SHORT;RATE,15.217
anim_vc_reaction_whatwasthat_01,v1.5,1.4,1e4c4ad2e6e1,84,2.739,0,0,0,0,0,0,0.204819,1.8,5437.3,0.738001,0.101434,0,0.0080663,0.973641,0.817045,0.905614,,,RATE,8.193
anim_vc_reaction_yesfaceheardyou_01_head_angle_-20,v1.5,1.4,1e4c4ad2e6e1,131,4.29,0,0,0,0,0,0,0.207692,1.8,4597.36,0.952202,0.351985,0,0.0189136,0.864023,-0.0400427,0.954013,,,RATE;LOWCORR,23.308
anim_vc_reaction_yesfaceheardyou_01_head_angle_20,v1.5,1.4,1e4c4ad2e6e1,131,4.29,0,0,0,0,0,0,0.107692,1.8,5438.69,0.952202,0.351985,0,0.0189136,0.976492,0.298723,0.954013,,,RATE;LOWCORR,19.308
anim_vc_reaction_yesfaceheardyou_01_head_angle_40,v1.5,1.4,1e4c4ad2e6e1,131,4.29,0,0,0,0,0,0,0.161538,1.8,5823.14,0.952202,0.351985,0,0.0189136,0.959261,0.787542,0.954013,,,RATE,6.462
anim_vc_refuse_energy_01,v1.5,1.4,1e4c4ad2e6e1,136,4.455,0,0,0.0735294,0,0,0.0735294,0.192593,1.8,6774.83,1.19788,0.446922,0,0.0210975,0.982434,,0.988661,,,SAT;RATE,15.057
anim_vc_refuse_nosparks_01,v1.5,1.4,1e4c4ad2e6e1,101,3.3,0,0,0,0,0,0,0.22,1.8,7469.78,0.847257,0.120439,0,0.00855792,0.86614,-0.0889297,0.962657,,,RATE;LOWCORR,23.8
anim_vc_refuse_repair_01,v1.5,1.4,1e4c4ad2e6e1,193,6.336,0,0,0,0,0,0,0.0260417,1.8,4585.53,0.699845,0.549139,0,0.0264,0.935922,0.434856,0.953033,,,,1.042
anim_workout_highenergy_getin_01,v1.5,1.4,1e4c4ad2e6e1,54,1.749,0,0,0,0,0,0,0.566038,1.8,6738.17,0.816326,0.155059,0,0.0128358,0.766838,-0.278658,,,,RATE;LOWCORR,37.642
anim_workout_highenergy_getout_01,v1.5,1.4,1e4c4ad2e6e1,197,6.468,0,0,0,0,0,0,0.5,1.8,8592.27,1.58333,0.489876,0,0.0264,0.597598,0.670745,0.940231,,,RATE,20
anim_workout_highenergy_getready_01,v1.5,1.4,1e4c4ad2e6e1,122,3.993,0,0,0,0,0,0,0.396694,1.8,7200.71,1.35861,0.543887,0,0.0264,0.902706,0.874996,,,,RATE,15.868
anim_workout_highenergy_strong_01,v1.5,1.4,1e4c4ad2e6e1,41,1.32,0,0,0,0,0,0,0.5,1.8,9891.79,0.8019,0.145866,0,0.0131868,0.874717,0.510074,,,,RATE,20
anim_workout_highenergy_trans_01,v1.5,1.4,1e4c4ad2e6e1,59,1.914,0,0,0,0,0,0,0.189655,1.8,7074.93,0.923296,0.113722,0,0.00854501,0.929366,0.967969,,,,RATE,7.586
anim_workout_highenergy_weak_01,v1.5,1.4,1e4c4ad2e6e1,55,1.782,0,0,0,0,0,0,0.12963,1.8,3965.25,0.629376,0.158622,0,0.0122921,0.971106,0.641927,,,,RATE,5.185
anim_workout_lowenergy_getin_01,v1.5,1.4,1e4c4ad2e6e1,62,2.013,0,0,0,0,0,0,0.213115,1.8,3476.01,0.871055,0.63252,0,0.0264,0.960721,0.101456,,,,RATE;LOWCORR,23.525
anim_workout_lowenergy_getout_01,v1.5,1.4,1e4c4ad2e6e1,331,10.89,0,0,0,0,0,0,0.0333333,1.8,3727.79,0.862068,0.688305,0,0.0264,0.986875,0.961176,0.990506,,,,1.333
anim_workout_lowenergy_getout_02,v1.5,1.4,1e4c4ad2e6e1,180,5.907,0,0,0,0,0,0,0.0726257,1.8,4042.61,0.730589,0.63825,0,0.0264,0.909276,0.457138,,,,RATE,2.905
anim_workout_lowenergy_getready_01,v1.5,1.4,1e4c4ad2e6e1,127,4.158,0,0,0,0,0,0,0.103175,1.8,2604.5,1.10694,0.0154063,0,0.00145715,0.963744,0.402565,,,,RATE,4.127
anim_workout_lowenergy_strong_01,v1.5,1.4,1e4c4ad2e6e1,158,5.181,0,0,0,0,0,0,0,1.74149,2554.95,0.74256,0.603882,0,0.0264,0.967731,0.457737,,,,,0
anim_workout_lowenergy_trans_01,v1.5,1.4,1e4c4ad2e6e1,66,2.145,0,0,0,0,0,0,0.0307692,1.8,4785.38,0.497326,0.334833,0,0.021614,0.989859,0.323984,,,,,1.231
anim_workout_lowenergy_weak_01,v1.5,1.4,1e4c4ad2e6e1,146,4.785,0,0,0,0,0,0,0.0482759,1.8,3964,0.684052,0.446236,0,0.0264,0.979395,0.212916,,,,LOWCORR,16.931
anim_workout_mediumenergy_getin_01,v1.5,1.4,1e4c4ad2e6e1,42,1.353,0,0,0,0,0,0,0,0.969836,2002.79,0.236835,0.035908,0,0.00264943,0.973826,0.263878,,,,LOWCORR,15
anim_workout_mediumenergy_getout_01,v1.5,1.4,1e4c4ad2e6e1,131,4.29,0,0,0,0,0,0,0.130769,1.8,4500.38,1.07518,0.495946,0,0.0264,0.898139,0.980239,0.991169,,,RATE,5.231
anim_workout_mediumenergy_getready_01,v1.5,1.4,1e4c4ad2e6e1,51,1.65,0,0,0,0,0,0,0.26,1.8,4845.57,0.908483,0.489954,0,0.0264,0.358495,0.916025,,,,RATE,10.4
anim_workout_mediumenergy_strong_01,v1.5,1.4,1e4c4ad2e6e1,71,2.31,0,0,0,0,0,0,0.242857,1.8,6596.52,1.08898,0.438935,0,0.0264,0.930023,0.712011,,,,RATE,9.714
anim_workout_mediumenergy_trans_01,v1.5,1.4,1e4c4ad2e6e1,71,2.31,0,0,0,0,0,0,0.157143,1.8,5798.36,0.777062,0.12942,0,0.0140646,0.955533,0.665452,,,,RATE,6.286
anim_workout_mediumenergy_weak_01,v1.5,1.4,1e4c4ad2e6e1,71,2.31,0,0,0,0,0,0,0.157143,1.8,6913.13,0.693912,0.137388,0,0.0163787,0.972956,0.760595,,,,RATE,6.286
