clip_name,n_annotators,video_id,embed_code,youtube_url,descriptions,interest,alarm,confusion,understanding,frustration,relief,sorrow,joy,anger,gratitude,fear,hope,boredom,surprise,disgust,desire
anim_bored_01,2,701,HyelmFB4sMA,https://www.youtube.com/watch?v=HyelmFB4sMA,The robot moves back quickly. | He bowed its head down and backed up a little,0.0,0.0,0.0,0.0,0.0,0.0,0.5,0.0,0.0,0.0,0.5,0.0,0.0,0.5,0.0,0.0
anim_bored_02,2,689,cHqt8O-fS10,https://www.youtube.com/watch?v=cHqt8O-fS10,The robot blinks and scoots backwards. | looks down and sighs,0.0,0.0,0.0,0.0,1.0,0.0,0.0,0.0,0.0,0.0,0.0,0.0,0.5,0.0,0.0,0.0
anim_bored_event_01,2,700,5D1jA7sRAPg,https://www.youtube.com/watch?v=5D1jA7sRAPg,"The robot speaks and nods its head. | He bowed his head, and lifted it up, and moved around a bit",0.0,0.0,0.0,0.0,0.0,0.0,0.5,0.5,0.0,0.5,0.0,0.0,0.0,0.0,0.0,0.0
anim_bored_event_02,2,688,hoLpvZlqgAY,https://www.youtube.com/watch?v=hoLpvZlqgAY,The robot's eyes become a pendulum. He appears bored. | the HUD displays a swinging pendulum,0.0,0.0,0.0,0.0,0.5,0.0,0.0,0.0,0.0,0.0,0.0,0.0,0.5,0.0,0.0,0.0
anim_bored_event_03,2,699,2jOQe6LIcnw,https://www.youtube.com/watch?v=2jOQe6LIcnw,"The robot nods its head multiple times. | he bowed his head and moved it up a bit, and started moving around a bit",0.0,0.5,0.0,0.5,0.0,0.0,0.0,0.0,0.0,0.0,0.0,0.0,0.0,0.0,0.0,0.0
anim_bored_event_04,2,687,dvlalRh_AN8,https://www.youtube.com/watch?v=dvlalRh_AN8,"The robot lifts his 'arms' and emulates a slot machine. | slams ground with arms and the eyes start playing a slot-casino type game, slamming the ground with its arms",0.0,0.5,0.5,0.0,0.0,0.0,0.0,0.5,0.0,0.0,0.0,0.0,0.0,0.0,0.0,0.0
anim_bored_getout_01,2,698,JAteZrm-yQU,https://www.youtube.com/watch?v=JAteZrm-yQU,"It puts its head down and moves forward. | He bowed his head, and moved forward a bit",0.0,0.0,0.0,0.5,0.0,0.0,0.0,0.0,0.0,0.5,0.0,0.0,0.0,0.0,0.0,0.0
anim_bored_getout_02,2,686,Kp19PV1pnoE,https://www.youtube.com/watch?v=Kp19PV1pnoE,"The robot blinks, lifts his head, opens eyes widely, and scoots back. Honestly this was really endearing. | moves back wards quickly, looking upward",0.0,0.0,0.5,0.0,0.0,0.0,0.0,0.0,0.0,0.0,0.0,0.0,0.0,1.0,0.0,0.0
anim_bouncer_getin_01,3,697,08qhq9mwnvw,https://www.youtube.com/watch?v=08qhq9mwnvw,"The robot slightly turns to the left and turns on a light from its back. | He moved around a little, and closed its eyes | enjoy",0.667,0.333,0.0,0.333,0.0,0.333,0.0,0.0,0.0,0.0,0.0,0.333,0.333,0.333,0.0,0.0
anim_bouncer_getout_01,2,685,Z-QzdOO3V4w,https://www.youtube.com/watch?v=Z-QzdOO3V4w,"The robot blinks, moves forward an inch, appears to be stuck, and turns to the left. | moves forward suddenly, tilting to the right",0.0,0.0,0.0,0.0,0.5,0.0,0.0,0.0,0.0,0.0,0.0,0.0,0.0,0.5,0.0,0.0
anim_bouncer_ideatoplay_01,3,696,D1aWk9ufvFM,https://www.youtube.com/watch?v=D1aWk9ufvFM,The robot jumps as if it was startled. | He slammed his arms up and down quickly | very nice,0.333,0.667,0.0,0.333,0.0,0.0,0.0,0.333,0.0,0.0,0.333,0.0,0.0,0.333,0.0,0.0
anim_bouncer_intoscore_01,2,684,umlVK1nfWTs,https://www.youtube.com/watch?v=umlVK1nfWTs,"The robot woke up, backed up a little, and then looked up. | this robot is good of activies is interest",0.5,0.0,0.0,0.0,0.0,0.0,0.0,0.0,0.0,0.0,0.0,0.0,0.0,0.5,0.0,0.0
anim_bouncer_intoscore_02,2,695,tmwPcTpblIM,https://www.youtube.com/watch?v=tmwPcTpblIM,"The robot scoots back looking surprised, but then appears to be very happy. A greeting? | moves back, looks down, the eyes squint happily then form one solid horizontal line",0.0,0.0,0.0,0.0,0.0,0.0,0.0,1.0,0.0,0.5,0.0,0.0,0.0,0.5,0.0,0.0
anim_bouncer_intoscore_03,2,683,NZBXVhmW7vk,https://www.youtube.com/watch?v=NZBXVhmW7vk,"The robot backed up quickly, looked down, and then slowly raised its head. | this robot is understanding is looking for good",0.0,0.0,0.0,0.5,0.0,0.0,0.5,0.0,0.0,0.0,0.0,0.0,0.0,0.0,0.0,0.0
anim_bouncer_requesttoplay_01,2,694,pPDEh1ydWYo,https://www.youtube.com/watch?v=pPDEh1ydWYo,The robots eyes turn into a paddleball (?) to indicate an idle animation. | the eyes turn to a ping pong type game then back to the normal eyes,0.0,0.5,0.0,0.0,0.0,0.0,0.0,0.0,0.0,0.0,0.0,0.0,0.5,0.0,0.0,0.0
anim_bouncer_rerequest_01,2,682,unQo4SFy3co,https://www.youtube.com/watch?v=unQo4SFy3co,The robot looked around a little and then its eyes turned into a bouncing ball. | this robot activies is normal,0.0,0.0,0.0,0.5,0.0,0.0,0.0,0.0,0.0,0.0,0.0,0.0,0.0,0.0,0.0,0.5
anim_bouncer_timeout_01,2,693,79tlMcjZTNo,https://www.youtube.com/watch?v=79tlMcjZTNo,"The robot scoots backwards and slams his 'arms' on the floor. | curves backwards, slamming arms to ground",0.0,0.0,0.0,0.0,1.0,0.0,0.0,0.0,0.0,0.0,0.0,0.0,0.0,0.0,0.0,0.0
anim_bouncer_wait_01,2,681,KgR51Wl6erg,https://www.youtube.com/watch?v=KgR51Wl6erg,"The robot stood still, and slowly moved its eyes left and right a little. | this robot is peace and activities",0.0,0.0,0.0,0.0,0.0,0.0,0.0,0.0,0.0,0.5,0.0,0.0,0.5,0.0,0.0,0.0
anim_bouncer_wait_02,2,692,QScm4nqh-Gs,https://www.youtube.com/watch?v=QScm4nqh-Gs,"The robot blinks once and does not move. | doesn't move, slightly glances to the right",0.5,0.0,0.0,0.0,0.0,0.0,0.0,0.0,0.0,0.0,0.0,0.0,0.5,0.0,0.0,0.0
anim_bouncer_wait_03,2,680,uL85_bIFHo4,https://www.youtube.com/watch?v=uL85_bIFHo4,The robot's turned on its head light and blinked. | robot's is peace full and not moving,0.5,0.0,0.0,0.0,0.0,0.0,0.5,0.0,0.0,0.0,0.0,0.0,0.0,0.0,0.0,0.0
anim_codelab_123go,2,691,_y5oM8HNUG4,https://www.youtube.com/watch?v=_y5oM8HNUG4,The robot nudges the viewer. Very cute. | moves back and forward with an increasing higher pitched voice tone,0.5,0.0,0.0,0.0,0.0,0.0,0.0,0.5,0.0,0.5,0.0,0.0,0.0,0.0,0.0,0.0
anim_codelab_bored_01,2,679,gn6j878BHCY,https://www.youtube.com/watch?v=gn6j878BHCY,"The robot nodded, made a small noise as though it was amazed, and then looked down. | robot's is hopefull to activities",0.5,0.0,0.5,0.0,0.0,0.0,0.0,0.0,0.0,0.0,0.0,0.5,0.0,0.0,0.0,0.0
anim_codelab_chicken_01,2,677,DiL_KcWlhNk,https://www.youtube.com/watch?v=DiL_KcWlhNk,The robot laughed a little and quickly slammed its arms down lightly on the floor. | robot's activies is to joyfull,0.0,0.0,0.0,0.0,0.0,0.0,0.0,1.0,0.0,0.0,0.0,0.0,0.0,0.0,0.0,0.0
anim_codelab_chicken_01_head_angle_-20,2,590,O0yDBrTgZlg,https://www.youtube.com/watch?v=O0yDBrTgZlg,This robot seems like it it is happy and interested at the same time. Through its noise and eye movement it seems like the robot could be involved in something interesting. | the robot Common Symptoms of Panic attacks,0.5,0.0,0.5,0.0,0.0,0.0,0.0,0.0,0.0,0.5,0.0,0.0,0.0,0.0,0.0,0.0
anim_codelab_chicken_01_head_angle_20,2,678,XGmiQ1ozHD8,https://www.youtube.com/watch?v=XGmiQ1ozHD8,"The robot looked up, laughed, and tapped its arms a little on the floor. | this robot look is understanding this movement",0.0,0.0,0.0,0.5,0.0,0.0,0.0,0.5,0.0,0.0,0.0,0.0,0.0,0.0,0.0,0.0
anim_codelab_chicken_01_head_angle_40,2,589,g1hS-UJ4xPY,https://www.youtube.com/watch?v=g1hS-UJ4xPY,"This robot seems that it it is happy and laughing. It makes a noise like it is laughing and also trembles, mimicking a human laughing . | We Feel About Robots That Feel in sorrow",0.0,0.0,0.0,0.0,0.0,0.0,0.5,0.5,0.0,0.0,0.0,0.0,0.0,0.0,0.0,0.0
anim_codelab_cow_01_head_angle_-20,2,588,fVwqVgSx-RI,https://www.youtube.com/watch?v=fVwqVgSx-RI,The robot seems playful that it is interested in something and content in keeping the same thing that is keeping it's attention. | the robot is frustration,0.5,0.0,0.0,0.5,0.5,0.0,0.0,0.0,0.0,0.0,0.0,0.0,0.0,0.0,0.0,0.0
anim_codelab_cow_01_head_angle_20,2,676,6dOvApWjaNM,https://www.youtube.com/watch?v=6dOvApWjaNM,"The robot looked up, squinted its eyes a bit, nodded its head, and raised its arms halfway. | this robot understanding to activities",0.0,0.0,0.0,1.0,0.0,0.0,0.0,0.5,0.0,0.5,0.0,0.0,0.0,0.0,0.0,0.0
anim_codelab_cow_01_head_angle_40,2,587,nRQPmDQg7vI,https://www.youtube.com/watch?v=nRQPmDQg7vI,The robot seems to be angry about something in the beginning and then lashes out in a violent movement. | the robot is confused,0.0,0.0,0.5,0.0,0.5,0.0,0.0,0.0,0.5,0.0,0.0,0.0,0.0,0.0,0.0,0.0
anim_codelab_cubetap,2,675,dZAnMeDJibk,https://www.youtube.com/watch?v=dZAnMeDJibk,The robot made a short swooshing sound and threw its arms up. | this robot fells or interested,0.5,0.5,0.0,0.0,0.0,0.0,0.0,0.0,0.0,0.0,0.0,0.0,0.0,0.5,0.0,0.0
anim_codelab_duck_01,2,586,Od1EFMm9zPI,https://www.youtube.com/watch?v=Od1EFMm9zPI,This robot seems like it is angry and almost ready to attack. It lifts the arms and swings around in a violent motion. | the robot is joyfully hearing the task,0.0,0.5,0.0,0.0,0.0,0.0,0.0,0.5,0.5,0.0,0.0,0.0,0.0,0.0,0.0,0.0
anim_codelab_elephant_01,2,674,R6X06J2dBKI,https://www.youtube.com/watch?v=R6X06J2dBKI,Robot raises its arms and flaps them on the floor | looks up and raises arms up to defend itself,0.0,0.0,0.0,0.0,1.0,0.0,0.0,0.0,0.0,0.0,0.5,0.0,0.0,0.0,0.0,0.0
anim_codelab_frightenedcozmo_01,2,585,2yue0k6ozsc,https://www.youtube.com/watch?v=2yue0k6ozsc,This robot seems excited and hopeful. The noise it makes sounds like it is eager for something and it almost seems to shake with anticipation. | blinking slowly at the robot,0.0,0.0,0.5,0.0,0.0,0.0,0.0,0.0,0.0,0.0,0.0,0.5,0.0,0.0,0.0,0.5
anim_codelab_frog_01,2,673,f1cmpVF9XuE,https://www.youtube.com/watch?v=f1cmpVF9XuE,Robot moves forward and makes some sound while raising arm | jumps backward,0.0,0.0,0.0,0.0,0.0,0.0,0.0,0.0,0.0,0.0,0.5,0.0,0.0,0.5,0.0,0.0
anim_codelab_getin_01,2,584,JG_RBc0UlDk,https://www.youtube.com/watch?v=JG_RBc0UlDk,This robot looks like it is confused and regretful. You can see the eyes widen big and then shut closed with despair. | the robot is moving backwords,0.5,0.0,0.5,0.0,0.0,0.0,0.5,0.0,0.0,0.0,0.0,0.0,0.0,0.0,0.0,0.0
anim_codelab_getout_01,2,672,oONYF1vZiQI,https://www.youtube.com/watch?v=oONYF1vZiQI,Robot moves sideways and makes hissing sound | looks around alarmed,0.0,0.0,0.0,0.0,0.0,0.0,0.0,0.0,0.0,0.0,0.5,0.0,0.0,1.0,0.0,0.0
anim_codelab_ghoulish_creeping_01,2,583,y0KY8RU4THM,https://www.youtube.com/watch?v=y0KY8RU4THM,"It moves backwards a bit, then forward. It moves its head up and down. | the robot is in desire",0.0,0.0,0.5,0.0,0.0,0.0,0.0,0.0,0.0,0.0,0.0,0.0,0.0,0.0,0.0,0.5
anim_codelab_kitchen_eating_01,2,671,MCiAdOcGank,https://www.youtube.com/watch?v=MCiAdOcGank,"Robot raises its arms and makes a sound as it tries to move | looks straight, jiggles its eyes and waves its arms around",0.5,0.5,0.5,0.0,0.0,0.0,0.0,0.0,0.0,0.0,0.0,0.0,0.0,0.0,0.0,0.0
anim_codelab_kitchen_yucky_01,2,582,CTiCb9P5S6E,https://www.youtube.com/watch?v=CTiCb9P5S6E,It moves backwards. It shakes from side to side. | the robot is in confusion,0.0,0.0,1.0,0.0,0.0,0.0,0.0,0.0,0.0,0.0,0.5,0.0,0.0,0.0,0.0,0.0
anim_codelab_lightshow_idle,2,670,rka1RU2pzJ8,https://www.youtube.com/watch?v=rka1RU2pzJ8,"Robot moves back and forth and sideways while raising its arms and head and making sound | moves back and forward in a dance, lifting its arms all the way near the end",0.5,0.0,0.0,0.0,0.0,0.0,0.0,0.5,0.0,0.0,0.5,0.0,0.0,0.5,0.0,0.0
anim_codelab_magicfortuneteller_inquistive,2,581,Yj8a2RD91SA,https://www.youtube.com/watch?v=Yj8a2RD91SA,It moves its head and arms up and down. | the robot is in boredom,0.5,0.0,0.0,0.0,0.0,0.0,0.0,0.0,0.0,0.0,0.0,0.0,0.5,0.0,0.0,0.0
anim_codelab_rooster_01_head_angle_20,2,580,73rQceFnu-s,https://www.youtube.com/watch?v=73rQceFnu-s,It moves its head up and down. | the robot is in sorrow,0.5,0.0,0.5,0.0,0.0,0.0,0.5,0.0,0.0,0.0,0.0,0.0,0.0,0.0,0.0,0.0
anim_codelab_rooster_01_head_angle_40,2,668,659hQnaEOic,https://www.youtube.com/watch?v=659hQnaEOic,"Robot raises its head and makes sound | looks up and down, arms moving up and down slightly",0.0,0.0,0.0,0.5,0.0,0.0,0.0,0.5,0.0,0.0,0.0,0.5,0.0,0.0,0.0,0.0
anim_codelab_scarycozmo_01,2,579,p5XDEA0lnzs,https://www.youtube.com/watch?v=p5XDEA0lnzs,It raises its arms above its head. | the robot is in fear,0.0,0.0,0.0,0.0,0.0,0.0,0.0,0.0,0.0,0.0,1.0,0.0,0.0,0.0,0.0,0.0
anim_codelab_sheep_01,2,667,CeVD5RoVqcY,https://www.youtube.com/watch?v=CeVD5RoVqcY,"Robot raises its head, makes bird-like sound and moves forward | nods at screen and laughs, moving slightly forward",0.5,0.0,0.0,1.0,0.0,0.0,0.0,0.0,0.0,0.0,0.0,0.0,0.0,0.0,0.0,0.0
anim_codelab_staring_loop,2,578,FF5AN3sywX4,https://www.youtube.com/watch?v=FF5AN3sywX4,It stands still. The eyes seem to close. | the robot is in boredom,0.0,0.0,0.5,0.0,0.0,0.0,0.0,0.0,0.0,0.0,0.0,0.0,0.5,0.0,0.0,0.0
anim_codelab_tiger_01_head_angle_-20,2,666,Dg4k1jidp2Y,https://www.youtube.com/watch?v=Dg4k1jidp2Y,"Robot tries to move front and sideways while raising its head and making sound | looks down, squints, jumps at the screen with teasing eyes",0.0,0.0,0.5,0.0,0.5,0.0,0.0,0.5,0.0,0.5,0.0,0.0,0.0,0.0,0.0,0.0
anim_codelab_tiger_01_head_angle_20,2,577,OJ8rsbNrDOs,https://www.youtube.com/watch?v=OJ8rsbNrDOs,It moves its head up and down repeatedly. It taps the floor with its arms. | the robot is in confusion,0.5,0.0,0.5,0.0,0.0,0.0,0.0,0.0,0.0,0.0,0.0,0.0,0.0,0.0,0.0,0.5
anim_codelab_tiger_01_head_angle_40,2,665,hpmSAhj-zyk,https://www.youtube.com/watch?v=hpmSAhj-zyk,"Robot flaps its arms on the floor as it tries to move front and sideways | looks at the screen, eyes boggling, then jumps at the screen, arms tapping the g round",0.5,0.0,0.0,0.0,0.0,0.0,0.0,0.5,0.0,0.5,0.5,0.0,0.0,0.0,0.0,0.0
anim_codelab_tinyorchestra_conducting,2,576,SpLRVRjeRNI,https://www.youtube.com/watch?v=SpLRVRjeRNI,It moves its head and arms up and down. | the robot is in joy,0.5,0.0,0.0,0.0,0.0,0.0,0.0,0.5,0.0,0.0,0.0,0.0,0.0,0.0,0.0,0.0
anim_codelab_tinyorchestra_takataka_01,2,664,m155PKA0DEg,https://www.youtube.com/watch?v=m155PKA0DEg,Robot raises its head as it makes a bird-like sound | moves towards screen happily,0.0,0.0,0.0,0.0,0.0,0.0,0.0,0.5,0.5,0.0,0.5,0.0,0.0,0.0,0.0,0.0
anim_codelab_vampirebite_01,2,575,y84uaRDDRE4,https://www.youtube.com/watch?v=y84uaRDDRE4,It raises its arms up sharply. It moves forward and back and shakes. Its eyes seem to be angry. | the robot is in joy,0.0,0.0,0.0,0.0,0.0,0.0,0.0,0.5,0.5,0.0,0.0,0.0,0.0,0.0,0.0,0.0
anim_codelab_zombiecrawl_01,2,663,I3se2pOuye0,https://www.youtube.com/watch?v=I3se2pOuye0,"Robot moves straight making a hissing sound | The robot looks up, makes a sound and moves forward",0.5,0.5,0.0,0.0,0.0,0.0,0.0,0.0,0.0,0.0,0.0,0.0,0.0,1.0,0.0,0.0
anim_cozmosays_app_getin,2,574,6kXQLnx1yq8,https://www.youtube.com/watch?v=6kXQLnx1yq8,It moves its head and arms up and down. It blinks. | the robot is in boredom,0.5,0.0,0.0,0.0,0.0,0.0,0.0,0.0,0.0,0.0,0.0,0.0,0.5,0.0,0.0,0.0
anim_cozmosays_app_getout_01,2,662,sb6M9Fo3ZZA,https://www.youtube.com/watch?v=sb6M9Fo3ZZA,Robot moves sideways while making hissing sound | The robot turns to the right and makes a noise,0.0,0.0,1.0,0.0,0.0,0.0,0.0,0.0,0.0,0.0,0.0,0.0,0.0,1.0,0.0,0.0
anim_cozmosays_app_getout_02,2,573,ouEReCNLo4o,https://www.youtube.com/watch?v=ouEReCNLo4o,robor feel fear | He moved around a little.,0.0,0.0,0.0,0.0,0.0,0.0,0.0,0.0,0.0,0.0,0.5,0.0,0.0,0.5,0.0,0.0
anim_cozmosays_badword_01_head_angle_-20,2,661,oSbbmqt2eZM,https://www.youtube.com/watch?v=oSbbmqt2eZM,"Robot makes hissing sound as it moves its arms up and down | it opens its eyes, angrily lifts arms",0.0,0.0,0.5,0.0,0.0,0.0,0.0,0.0,0.5,0.0,0.0,0.0,0.0,0.5,0.5,0.0
anim_cozmosays_badword_01_head_angle_20,2,572,VAb_1qslEVQ,https://www.youtube.com/watch?v=VAb_1qslEVQ,robort feels sorrow | He slammed its arms up and down twice.,0.0,0.0,0.0,0.0,0.0,0.0,0.5,0.0,0.5,0.0,0.0,0.0,0.0,0.0,0.5,0.0
anim_cozmosays_badword_01_head_angle_40,2,660,it9tklBLSN4,https://www.youtube.com/watch?v=it9tklBLSN4,Robot moves its arms up and down while trying to move and making hissing sound | The robot angrily lifts its arm and turns and lifts arms again,0.0,0.0,0.5,0.0,1.0,0.0,0.0,0.0,0.5,0.0,0.0,0.0,0.5,0.0,0.0,0.0
anim_cozmosays_badword_02_head_angle_-20,2,571,eifO3685thE,https://www.youtube.com/watch?v=eifO3685thE,"robort feels confusion | He bowed its head, and moved around a little",0.0,0.0,0.5,0.0,0.0,0.0,0.5,0.0,0.0,0.0,0.0,0.0,0.0,0.0,0.0,0.0
anim_cozmosays_badword_02_head_angle_20,2,659,yqF55VZ6Btg,https://www.youtube.com/watch?v=yqF55VZ6Btg,"Robot moves back and forth while making a hissing sound and while the screen is on | It wakes up, jumps around a bit, then moves forward",0.0,0.5,0.5,0.0,0.0,0.0,0.0,0.0,0.0,0.0,0.0,0.0,0.0,0.5,0.5,0.0
anim_cozmosays_badword_02_head_angle_40,2,570,J8UoeoH3SkA,https://www.youtube.com/watch?v=J8UoeoH3SkA,"robot feels fear | He lifted its head a little, and moved around",0.0,0.0,0.0,0.0,0.0,0.0,0.0,0.0,0.0,0.0,0.5,0.5,0.0,0.0,0.0,0.0
anim_cozmosays_getin_long_01_head_angle_-20,2,658,DdfScL8o2qs,https://www.youtube.com/watch?v=DdfScL8o2qs,"Robot moves back and forth while its screen is on | The robot looks up, jumps back sort of in surprise, then lowers head",0.0,0.0,1.0,0.0,0.0,0.0,0.5,0.0,0.0,0.0,0.0,0.0,0.0,0.5,0.0,0.0
anim_cozmosays_getin_long_01_head_angle_20,2,569,tekF32DZnmw,https://www.youtube.com/watch?v=tekF32DZnmw,"robot feel confusion | He moved his head up, backed up, and moved its arms.",0.0,0.0,0.5,0.0,0.0,0.0,0.0,0.5,0.0,0.0,0.0,0.0,0.0,0.0,0.0,0.0
anim_cozmosays_getin_long_01_head_angle_40,2,657,44587vnk4JE,https://www.youtube.com/watch?v=44587vnk4JE,"Robot tries to move forward but also makes a step back while its screen is on | The robot lifts its head, moves back, lifts arms slightly, moves forward slightly",0.0,0.0,1.0,0.0,0.5,0.0,0.5,0.0,0.0,0.0,0.0,0.0,0.0,0.0,0.0,0.0
anim_cozmosays_getin_medium_01,2,655,5k_pCojG0pc,https://www.youtube.com/watch?v=5k_pCojG0pc,"Robot makes sound as it tries to move | The robot moves , blinks its eyes, then raises and lowers its arms, then moves forward",0.0,1.0,0.5,0.0,0.0,0.0,0.0,0.0,0.0,0.0,0.0,0.0,0.0,0.5,0.0,0.0
anim_cozmosays_getin_medium_01_head_angle_-20,2,568,KXEPp26WVdQ,https://www.youtube.com/watch?v=KXEPp26WVdQ,"robot feel surprise | He moved back a little, and moved up, and moved its arms",0.0,0.0,0.0,0.0,0.5,0.0,0.0,0.0,0.0,0.0,0.0,0.0,0.0,0.5,0.0,0.0
anim_cozmosays_getin_medium_01_head_angle_20,2,656,qBn1O5vtsbI,https://www.youtube.com/watch?v=qBn1O5vtsbI,"Robot lights up and moves forward as its front compartment is raised | The robot wakes up, lifts its head then lifts arms and moves forward",0.5,1.0,0.0,0.0,0.0,0.0,0.0,0.0,0.0,0.0,0.0,0.0,0.0,0.5,0.0,0.0
anim_cozmosays_getin_medium_01_head_angle_40,2,567,QXnsdIGMQuY,https://www.youtube.com/watch?v=QXnsdIGMQuY,"robot feel interest | He lifted his head, and slammed his arms down.",0.5,0.0,0.0,0.0,0.0,0.0,0.0,0.0,0.0,0.0,0.0,0.0,0.5,0.0,0.0,0.0
anim_cozmosays_getin_short_01_head_angle_-20,1,566,_iXxGAiCYrY,https://www.youtube.com/watch?v=_iXxGAiCYrY,robort fear,0.0,0.0,0.0,0.0,0.0,0.0,0.0,0.0,0.0,0.0,1.0,0.0,0.0,0.0,0.0,0.0
anim_cozmosays_getin_short_01_head_angle_20,2,654,m5oYCcSsafs,https://www.youtube.com/watch?v=m5oYCcSsafs,"The robot is hissing while dropping its front compartment | The robot lifts and lowers it's ""head"", moves forward then lifts and lowers its ""arms""",0.5,0.5,0.0,0.0,0.5,0.0,0.0,0.0,0.0,0.0,0.0,0.0,0.0,0.0,0.5,0.0
anim_cozmosays_getin_short_01_head_angle_40,2,565,zi6GZfzUnOE,https://www.youtube.com/watch?v=zi6GZfzUnOE,"robot feels joy | He lifted his head, moved up, and moved his arms up",0.0,0.0,0.0,0.0,0.5,0.0,0.0,0.5,0.0,0.0,0.0,0.0,0.0,0.0,0.0,0.0
anim_cozmosays_getout_long_01_head_angle_-20,2,653,zXNzux2Wgdg,https://www.youtube.com/watch?v=zXNzux2Wgdg,Sleeping robot abruptly wakes up. | it is interest and confusion and sorrow,0.5,0.5,1.0,0.0,1.0,0.5,0.5,0.0,0.5,0.0,0.0,0.0,0.0,0.5,0.0,0.0
anim_cozmosays_getout_long_01_head_angle_20,2,564,BpZgKFdEjEY,https://www.youtube.com/watch?v=BpZgKFdEjEY,"anger | He lifted his head, and moved a little.",0.0,0.0,0.0,0.0,0.0,0.0,0.0,0.0,0.5,0.0,0.0,0.0,0.0,0.5,0.0,0.0
anim_cozmosays_getout_long_01_head_angle_40,2,652,bAFl116AHUE,https://www.youtube.com/watch?v=bAFl116AHUE,Robot sees something above him move. | the robot is sorrow and anger,0.5,0.5,0.5,0.0,0.0,0.5,0.5,0.0,0.5,0.0,1.0,0.0,0.0,0.5,0.0,0.0
anim_cozmosays_getout_medium_01_head_angle_-20,2,563,urjUmTnHpGk,https://www.youtube.com/watch?v=urjUmTnHpGk,"The robot moves it's eye back and forth, then puts it's arm up and down abruptly. | He looks around quickly and moves forward slightly.",0.0,0.5,1.0,0.0,0.0,0.0,0.0,0.0,0.0,0.0,0.0,0.0,0.0,0.0,0.0,0.0
anim_cozmosays_getout_medium_01_head_angle_20,1,651,Jpk4KKsAY6s,https://www.youtube.com/watch?v=Jpk4KKsAY6s,this is joy and hope,1.0,0.0,0.0,0.0,0.0,0.0,0.0,1.0,0.0,0.0,0.0,1.0,0.0,1.0,0.0,0.0
anim_cozmosays_getout_medium_01_head_angle_40,2,562,H8C-ZhuazR8,https://www.youtube.com/watch?v=H8C-ZhuazR8,The robot moves it's arm up and down with it's head signaling anger. | He looks up and down quickly and moves forward.,0.5,0.0,0.0,0.0,0.0,0.0,0.0,0.0,0.5,0.0,0.0,0.0,0.0,0.0,0.0,0.0
anim_cozmosays_getout_short_01,2,560,4q04HYlYd5Y,https://www.youtube.com/watch?v=4q04HYlYd5Y,"The robot moves back and forth, while putting it's arm up and down in frustration. | He looks around and then down real quick.",0.0,0.0,0.0,0.0,0.5,0.0,0.0,0.0,0.0,0.0,0.0,0.0,0.0,0.5,0.0,0.0
anim_cozmosays_getout_short_01_head_angle_-20,2,650,4g8YLNe0_cU,https://www.youtube.com/watch?v=4g8YLNe0_cU,"Robot raises arms and looks down, then lowers arms and looks up. | it is boredom and frustration",0.0,0.5,0.5,0.0,0.5,0.5,0.0,0.0,0.0,0.5,0.5,0.5,1.0,0.5,0.0,0.5
anim_cozmosays_getout_short_01_head_angle_40,1,649,N2MqkDLxHiY,https://www.youtube.com/watch?v=N2MqkDLxHiY,this is interest and gratitute,1.0,0.0,0.0,0.0,1.0,1.0,0.0,0.0,0.0,1.0,0.0,0.0,0.0,0.0,0.0,0.0
anim_cozmosays_speakloop_01,2,648,C7sJkO8B9eM,https://www.youtube.com/watch?v=C7sJkO8B9eM,Robot stares ahead. | the robot is understand and confusion,0.5,0.0,0.5,0.5,0.0,0.0,0.0,0.0,0.0,0.0,0.0,0.0,0.5,0.0,0.0,0.5
anim_cozmosays_speakloop_02,2,559,YwTeDqL9qxI,https://www.youtube.com/watch?v=YwTeDqL9qxI,"The robot is very still and quiet, it just moves it's eyes slightly. | Eyes look like they squint.",0.0,0.0,0.5,0.0,0.0,0.0,0.0,0.0,0.0,0.0,0.5,0.0,0.0,0.0,0.0,0.0
anim_cozmosays_speakloop_03,2,647,t8hiek71yQw,https://www.youtube.com/watch?v=t8hiek71yQw,Robot stares blankly. | it is frustration and desire,0.0,0.0,0.0,0.0,0.5,0.5,0.0,0.0,0.0,0.0,0.5,0.0,0.5,0.0,0.0,0.5
anim_cozmosings_100_song_01,2,646,Rivzzp9UhqE,https://www.youtube.com/watch?v=Rivzzp9UhqE,Robot sings and dances. | this is interest and joy,1.0,0.0,0.0,1.0,0.0,0.0,0.0,1.0,0.0,0.0,0.0,0.0,0.5,0.0,0.0,0.0
anim_cozmosings_120_song_01,2,557,f69MRq1KN8E,https://www.youtube.com/watch?v=f69MRq1KN8E,The robot makes noises in a pattern that creates a song. | He moves back and forth smiling and then side to side like dancing.,0.0,0.0,0.0,0.0,0.0,0.0,0.0,1.0,0.0,0.0,0.0,0.0,0.0,0.0,0.0,0.0
anim_cozmosings_80_song_01,2,558,8hhcuTayuQ8,https://www.youtube.com/watch?v=8hhcuTayuQ8,"The robot makes a song, while moving it's head up and down and moves back and forth. | He moves die to side and then front and back.",0.0,0.0,0.0,0.0,0.0,0.0,0.0,1.0,0.0,0.0,0.0,0.0,0.0,0.0,0.0,0.0
anim_cozmosings_getin_01,2,645,77DmrZIeQz4,https://www.youtube.com/watch?v=77DmrZIeQz4,"Robot looks at the floor, and the room. | it is confused",0.5,0.5,1.0,0.0,0.0,0.0,0.5,0.0,0.0,0.5,0.0,0.5,0.0,0.5,0.0,0.5
anim_cozmosings_getin_02,2,556,LJ7QPC6nB3U,https://www.youtube.com/watch?v=LJ7QPC6nB3U,The robot moves backwards and forwards rolls it's eye around. | He looks up and down and his eyes move.,0.0,0.0,0.5,0.0,0.0,0.0,0.0,0.0,0.0,0.0,0.0,0.0,0.5,0.0,0.0,0.0
anim_cozmosings_getin_03,2,644,GDldCu4VI3Q,https://www.youtube.com/watch?v=GDldCu4VI3Q,Robot is confused. | the robot is understant and its sorrow,0.5,0.5,0.5,0.5,0.5,0.0,0.5,0.0,0.5,0.0,0.0,0.0,0.0,0.5,0.0,0.0
anim_cozmosings_getout_01,2,555,az72yFs142k,https://www.youtube.com/watch?v=az72yFs142k,"The robot makes sad sounds, moves it's eyes up and down and taps it's arm on the ground. | He smiles and looks up and down.",0.0,0.0,0.0,0.0,0.0,0.0,0.0,0.5,0.5,0.0,0.0,0.0,0.0,0.0,0.0,0.0
anim_dancing_mambo_01,1,643,-oTT5fKM7HI,https://www.youtube.com/watch?v=-oTT5fKM7HI,"looks up a bit, moves its arms around happily and looks around joyfully",0.0,0.0,0.0,0.0,0.0,0.0,0.0,1.0,0.0,0.0,0.0,1.0,0.0,1.0,0.0,0.0
anim_dizzy_pickup_01,2,554,mcxCFBHXrc4,https://www.youtube.com/watch?v=mcxCFBHXrc4,The robot moves it's eyes around and makes noises. | He's looking down and looks up. It looks like he closes his eyes.,0.0,0.0,0.0,0.0,0.0,0.0,0.0,0.0,0.0,0.0,0.0,0.5,0.5,0.0,0.0,0.0
anim_dizzy_pickup_02,2,642,gyyoyESsIsk,https://www.youtube.com/watch?v=gyyoyESsIsk,"The robot narrows its eyes and lifts its arms up and down quickly. | squints its eyes, throws its arms in anger and tilts its head up and down",0.0,0.0,0.0,0.0,0.5,0.0,0.0,0.0,1.0,0.0,0.0,0.0,0.5,0.0,0.5,0.0
anim_dizzy_pickup_03,2,553,Si8Z9T5rzF4,https://www.youtube.com/watch?v=Si8Z9T5rzF4,The robot moves it's arm and blinks. | He looks down and up.,0.0,0.0,0.5,0.0,0.0,0.0,0.5,0.0,0.0,0.0,0.0,0.0,0.0,0.0,0.0,0.0
anim_dizzy_reaction_hard_01,2,641,mtVKvi04eeQ,https://www.youtube.com/watch?v=mtVKvi04eeQ,"The robot lowers its head repeatedly, its eyes appearing remorseful. | slowly moves forward a step and squints its eyes, making sad noises",0.0,0.0,0.0,0.0,0.0,0.0,1.0,0.0,0.0,0.0,0.0,0.5,0.0,0.0,0.0,0.0
anim_dizzy_reaction_medium_01,2,552,uCnRvN8LChg,https://www.youtube.com/watch?v=uCnRvN8LChg,"Looks around, blinks, then shakes head and rolls eyes, then starts turning and looks down and back up. | the robot shake to eyes and head move to unsaid on the body shaking",0.0,0.0,1.0,0.0,0.0,0.0,0.0,0.0,0.0,0.0,0.0,0.0,0.5,0.0,0.0,0.0
anim_dizzy_reaction_medium_02,2,640,43lIwWW0a6w,https://www.youtube.com/watch?v=43lIwWW0a6w,"The robot makes erratic, jerky motions. | jiggles its eyes and rapidly hits the floor with its arms",0.0,0.5,1.0,0.0,0.0,0.0,0.0,0.0,0.0,0.0,0.0,0.0,0.0,0.0,0.0,0.0
anim_dizzy_reaction_medium_03,2,551,9gwXd4VCK4o,https://www.youtube.com/watch?v=9gwXd4VCK4o,"Shakes head vigorously, then starts backing up, stops shaking head then shakes arms. | the robot anger to shaking head and eyes with move the back side fastly",0.0,0.0,0.5,0.0,0.0,0.0,0.0,0.0,0.5,0.0,0.0,0.0,0.5,0.0,0.0,0.0
anim_dizzy_reaction_soft_01,2,639,P4aaOlNfYcw,https://www.youtube.com/watch?v=P4aaOlNfYcw,"The robot moves slowly, its eyes spinning, and then lifts its arms. | opens its eyes and jiggles its eyes, moving to the left a bit",0.5,0.5,0.5,0.0,0.5,0.0,0.0,0.0,0.0,0.0,0.0,0.0,0.0,0.0,0.0,0.0
anim_dizzy_reaction_soft_02,2,550,9DAaXwinFdg,https://www.youtube.com/watch?v=9DAaXwinFdg,"Shaking head vigorously, then backs up and slowly stops shaking. | the robot shake the head fast and move the back said",0.0,0.0,0.5,0.0,0.0,0.0,0.0,0.0,0.0,0.0,0.0,0.0,1.0,0.0,0.0,0.0
anim_dizzy_reaction_soft_03,2,638,wW6irtD-vTs,https://www.youtube.com/watch?v=wW6irtD-vTs,"The robot backs away, its eyes spinning, and then twitches. | jiggles its eyes around and quickly jumps to its right",0.0,0.5,1.0,0.0,0.0,0.0,0.0,0.0,0.0,0.0,0.0,0.0,0.0,0.5,0.0,0.0
anim_dizzy_shake_loop_01,2,549,OtWw8cJzEjg,https://www.youtube.com/watch?v=OtWw8cJzEjg,"Has eyes almost fully shut, blinks, then starts spazzing out. | robot alert from the any other from their face reaction",0.5,0.5,0.5,0.0,0.0,0.0,0.0,0.0,0.0,0.0,0.0,0.0,0.5,0.0,0.0,0.0
anim_dizzy_shake_stop_01,2,637,6fE-4vv7g6U,https://www.youtube.com/watch?v=6fE-4vv7g6U,"The robot's head appears to spin in place, its eyes moving rapidly. | throws its eyes around as if dizzy",0.0,0.0,1.0,0.0,0.0,0.0,0.0,0.0,0.0,0.0,0.0,0.0,0.5,0.0,0.0,0.0
anim_driving_upset_end_01,3,548,1mk_wm_wByw,https://www.youtube.com/watch?v=1mk_wm_wByw,"Blinks and looks down quickly | robot dull from their face | Sporting a trendy brown bob, a humanoid robot feel",0.333,0.333,0.333,0.333,0.0,0.0,0.333,0.0,0.333,0.333,0.333,0.0,0.0,0.0,0.0,0.333
anim_driving_upset_loop_01,1,636,3QSi6wgpnYY,https://www.youtube.com/watch?v=3QSi6wgpnYY,The robot lifts and lowers its head with narrowed eyes.,0.0,0.0,0.0,1.0,0.0,0.0,0.0,0.0,0.0,0.0,0.0,0.0,0.0,0.0,1.0,0.0
anim_driving_upset_loop_02,2,547,_cLFsh9ZS_M,https://www.youtube.com/watch?v=_cLFsh9ZS_M,Looks down then looks up with its eyes | As robots become smart enough to detect our feelings and respond appropriately,0.0,0.0,0.0,0.0,0.0,0.0,0.0,0.0,0.0,0.0,0.5,0.5,0.0,0.0,0.0,0.0
anim_driving_upset_loop_03,2,635,WHOZ16rUTns,https://www.youtube.com/watch?v=WHOZ16rUTns,The robot narrows its eyes. | closes its eyes and stays still,0.0,0.0,0.0,0.0,0.0,0.0,0.0,0.0,0.5,0.0,0.0,0.0,0.5,0.0,0.0,0.0
anim_driving_upset_start_01,1,546,JjyRn-mEuzE,https://www.youtube.com/watch?v=JjyRn-mEuzE,Looks down,0.0,0.0,0.0,0.0,0.0,0.0,1.0,0.0,0.0,0.0,0.0,0.0,0.0,0.0,0.0,0.0
anim_endmambo,2,634,KTJb-uwBSd0,https://www.youtube.com/watch?v=KTJb-uwBSd0,"The robot nods its head and lifts its arms. | moves back and forth erratically, throwing its arms around",0.5,0.5,0.0,0.0,0.5,0.0,0.0,0.0,0.0,0.0,0.0,0.0,0.0,0.5,0.0,0.0
anim_energy_cubedone_01,1,545,lLC7l5YzvcI,https://www.youtube.com/watch?v=lLC7l5YzvcI,Blinks and makes a noise,0.0,0.0,0.0,0.0,0.0,0.0,0.0,0.0,0.0,0.0,0.0,0.0,1.0,0.0,0.0,0.0
anim_energy_cubedone_02,2,633,q-cDugBfwDE,https://www.youtube.com/watch?v=q-cDugBfwDE,it looks up and then narrows its eyes as if trying to focus on something | the robot is working at slightly moving,0.5,0.0,0.5,0.0,0.0,0.0,0.5,0.0,0.5,0.0,0.0,0.0,0.0,0.0,0.0,0.0
anim_energy_cubedonelvl1_02,1,544,JPZZNt70Lvo,https://www.youtube.com/watch?v=JPZZNt70Lvo,"Looks up, then spazzes its head and backs up a little bit",0.0,1.0,0.0,0.0,0.0,0.0,0.0,0.0,0.0,0.0,0.0,0.0,0.0,0.0,0.0,0.0
anim_energy_cubedown_01,2,632,Qe_P33RynYk,https://www.youtube.com/watch?v=Qe_P33RynYk,it shakes its arms rapidly as if frustrated. | the robot is moving and joyfulness,0.5,0.0,0.0,0.0,0.5,0.0,0.0,0.5,0.0,0.0,0.0,0.0,0.0,0.5,0.0,0.0
anim_energy_cubedown_02,2,543,hZ14PqMaYzc,https://www.youtube.com/watch?v=hZ14PqMaYzc,"Looks around, looks down, backs up and looks down | Giving feelings to artificial beings could backfire, study suggests in human",0.0,0.0,0.0,0.0,0.0,0.0,0.0,0.0,0.0,0.0,0.5,0.5,0.0,0.0,0.0,0.0
anim_energy_cubedownlvl1_02,2,631,wFsLGDp9dKA,https://www.youtube.com/watch?v=wFsLGDp9dKA,It looks up angrily and the pounds the ground with its arms | the robot is moving and interesting,0.5,0.0,0.0,0.0,0.5,0.0,0.0,0.5,0.5,0.0,0.0,0.0,0.0,1.0,0.0,0.0
anim_energy_cubedownlvl1_03,2,542,qeUES-4bOQQ,https://www.youtube.com/watch?v=qeUES-4bOQQ,Moves head up and down. Eyes widen and narrow. | alarm very nice,1.0,0.5,0.5,0.5,0.0,0.5,0.0,0.5,0.0,0.0,0.0,0.5,0.0,0.5,0.0,0.0
anim_energy_cubedownlvl2_02,2,630,PuKzPJCFVEs,https://www.youtube.com/watch?v=PuKzPJCFVEs,It backs up looking timid and sad. | the robot slightly moving,0.0,0.0,0.0,0.0,0.0,0.5,0.5,0.0,0.0,0.0,1.0,0.0,0.0,0.0,0.0,0.5
anim_energy_cubedownlvl2_03,2,541,ZJCRcXtCmMo,https://www.youtube.com/watch?v=ZJCRcXtCmMo,Nods head up and down. Moves back a bit. | move the robot,0.5,0.5,0.5,0.5,0.5,0.0,0.0,0.5,0.0,0.0,0.0,0.5,0.0,0.5,0.0,0.5
anim_energy_cubenotfound_01,2,629,jsr7-laNrds,https://www.youtube.com/watch?v=jsr7-laNrds,it backs up and looks surprised and says uh oh. | the robot is working,0.5,0.0,0.0,0.0,0.0,0.5,0.0,0.0,0.0,0.0,0.5,0.0,0.0,1.0,0.0,0.0
anim_energy_cubenotfound_02,2,540,h4Ia1pAULJs,https://www.youtube.com/watch?v=h4Ia1pAULJs,Moves back a bit. Nods head up and down. | move the robot and very nice,1.0,0.5,0.5,0.5,0.0,0.0,0.0,0.5,0.0,0.0,0.0,0.5,0.0,0.5,0.0,0.5
anim_energy_cubeshake_01,2,628,BXsYyWeuT_g,https://www.youtube.com/watch?v=BXsYyWeuT_g,It looks up and moves its arms while nodding up and down | the robot is working,1.0,0.0,0.0,0.0,0.0,0.5,0.0,0.5,0.0,0.0,0.0,0.0,0.0,0.5,0.0,0.0
anim_energy_cubeshake_02,2,539,zAav-lINmhs,https://www.youtube.com/watch?v=zAav-lINmhs,Moves head up and down. Moves arms up and down. | alarm very nice,1.0,0.5,0.0,0.5,0.0,0.0,0.0,0.5,0.0,0.0,0.0,0.5,0.0,0.0,0.0,0.5
anim_energy_cubeshake_lv2_02,2,627,LnBVHDwAyJM,https://www.youtube.com/watch?v=LnBVHDwAyJM,It looks up with sad eyes while backing up slightly. | the robot is moving,0.0,0.0,0.5,0.0,0.0,0.5,0.5,0.0,0.0,0.5,0.0,0.0,0.0,0.5,0.0,0.0
anim_energy_cubeshake_lv2_03,2,538,NI6qmrWU4QQ,https://www.youtube.com/watch?v=NI6qmrWU4QQ,"Raises head, Lowers head. Moves arms up and down. | move the robot",0.5,0.0,0.0,1.0,0.0,0.0,0.0,0.5,0.0,0.0,0.5,0.5,0.0,0.5,0.0,0.5
anim_energy_cubeshakelvl1_02,2,626,25z-3Jjg6fQ,https://www.youtube.com/watch?v=25z-3Jjg6fQ,It looks up and acts excited while rolling its eyes | the robot is moving and working,1.0,0.0,0.0,0.0,0.0,0.0,0.0,1.0,0.0,0.0,0.0,0.0,0.0,1.0,0.0,0.0
anim_energy_cubeshakelvl1_03,2,537,aBov1khHOMw,https://www.youtube.com/watch?v=aBov1khHOMw,Nods head. Moves forward a bit. | move the robot and very nice,0.5,0.0,0.0,1.0,0.0,0.0,0.0,0.5,0.0,0.0,0.5,0.5,0.0,0.5,0.0,0.0
anim_energy_drivegeout_01,2,625,fL5Kk9De4fI,https://www.youtube.com/watch?v=fL5Kk9De4fI,it backs up and looks down as if it's scared | the robot not moving bt camera working,0.0,0.5,0.5,0.0,0.0,0.0,0.5,0.0,0.5,0.0,0.5,0.0,0.0,0.0,0.0,0.5
anim_energy_drivegetin_01,1,536,Ajj6rBDMszA,https://www.youtube.com/watch?v=Ajj6rBDMszA,stands still. eyes express sorrow.,0.0,0.0,0.0,0.0,0.0,0.0,1.0,0.0,0.0,0.0,0.0,0.0,0.0,0.0,0.0,0.0
anim_energy_driveloop_01,2,624,SFtb5yH_CeY,https://www.youtube.com/watch?v=SFtb5yH_CeY,It looks down and mopes on about something as if it's sad. | the robot is no action,0.0,0.0,0.0,0.0,0.5,0.0,1.0,0.0,0.5,0.0,0.0,0.0,0.0,0.0,0.0,0.5
anim_energy_driveloop_02,2,535,_-_nj1aWwqA,https://www.youtube.com/watch?v=_-_nj1aWwqA,stands still. eyes express sorrow. | alarm nice,0.5,0.5,0.0,0.5,0.0,0.5,0.5,0.5,0.0,0.0,0.5,0.0,0.0,0.5,0.0,0.0
anim_energy_driveloop_03,2,623,w6Uyaau14hU,https://www.youtube.com/watch?v=w6Uyaau14hU,"Downward facing, quiet sounds. | the robot looks down and eyes get smaller",0.0,0.0,0.0,0.0,0.0,0.0,1.0,0.0,0.0,0.0,0.0,0.0,0.0,0.0,0.0,0.0
anim_energy_eat_01,2,534,2jgj6aBqXSc,https://www.youtube.com/watch?v=2jgj6aBqXSc,"Lifts arms above its head, shakes arms, moves arms down again | move the robot and nice",0.5,0.5,0.0,0.5,0.0,0.0,0.0,0.5,0.0,0.0,0.5,1.0,0.0,0.5,0.0,0.0
anim_energy_eat_02,2,622,dzyc88usEqE,https://www.youtube.com/watch?v=dzyc88usEqE,"Nodding, sound. Then backwards march and shaking of head from side to side very fast. | the robot lifts its arm, looks down, backs up and looks away",0.0,0.0,0.0,0.0,0.0,0.0,0.0,0.0,0.0,0.0,0.5,0.0,0.0,0.5,0.0,0.0
anim_energy_eat_03,2,533,ab3GB4ZeC_4,https://www.youtube.com/watch?v=ab3GB4ZeC_4,"Moves its head up and down, moves back a very short distance. | move the robot",0.5,0.5,0.5,0.5,0.0,0.0,0.0,0.5,0.0,0.0,0.0,0.5,0.0,0.5,0.0,0.5
anim_energy_eat_04,2,621,C4CeX31Q7oM,https://www.youtube.com/watch?v=C4CeX31Q7oM,"Nodding, backwards march. Head moved down. | the robot lifts arm looks down, backs up and puts arm down, nods head and turns slightly",0.0,0.0,0.0,0.0,0.0,0.5,0.5,0.0,0.0,0.5,0.0,0.0,0.0,0.0,0.0,0.0
anim_energy_eat_lvl1_03,2,532,fAT6CtGg2gE,https://www.youtube.com/watch?v=fAT6CtGg2gE,"It raises its arms, its eyes become wobbly, and its movements become erratic, flailing its arms around, while making a low to high pitch sound. | he seemed really pissed angered and disguisted, or was putting on a show",0.0,0.0,0.0,0.0,0.0,0.0,0.0,0.0,0.5,0.0,0.0,0.0,0.0,0.0,0.5,0.5
anim_energy_eat_lvl1_06,2,620,qg3K2oj6Op8,https://www.youtube.com/watch?v=qg3K2oj6Op8,"Risen frontispiece then quickly moved back down. | the robot lifts its arm and head, puts arm down, shakes side to side, turns to side",0.0,0.0,0.5,0.0,0.0,0.0,0.0,0.0,0.0,0.0,0.0,0.0,0.0,0.0,1.0,0.0
anim_energy_eat_lvl1_07,2,531,UAdDuDaa3go,https://www.youtube.com/watch?v=UAdDuDaa3go,"It looks down with a slow raising arm motion and slams the ground with a high pitched achieving sound. | seemed a bit surprised it robot reacted the way he did, possibly confused and frustrated, but lack of info to support any further details",0.0,0.0,0.5,0.0,0.5,0.5,0.0,0.0,0.5,0.5,0.0,0.0,0.0,0.5,0.0,0.0
anim_energy_eat_lvl1_08,2,619,uh69BsVHlCI,https://www.youtube.com/watch?v=uh69BsVHlCI,"Excited nodding and backwards march, then manic expression. | the robot lifts its arm,looks down, shakes head up and down a lot, puts arm down and continues shaking head, backs up then turns to the side",0.0,0.0,0.5,0.0,0.0,0.0,0.0,0.0,0.0,0.0,0.0,0.0,0.0,1.0,0.0,0.0
anim_energy_eat_lvl1_09,2,530,tY55fwzSUZo,https://www.youtube.com/watch?v=tY55fwzSUZo,"It raises its arms, its eyes become wobbly and it makes a sound of frustration, moving around erratically with shaking arms and movement. | seemed to be interested in moving, exercising, or performing another action that he was interested in.",0.5,0.0,0.0,0.5,0.0,0.0,0.0,0.5,0.5,0.0,0.0,0.0,0.0,0.0,0.0,0.5
anim_energy_eat_lvl2_05,2,618,ynOndfRymCE,https://www.youtube.com/watch?v=ynOndfRymCE,"Gentle movements backwards and to the right. It seems tired? | the robot lifts it's arm, looks up and down, up, moves to the side and puts arm down",0.5,0.0,0.0,0.5,0.0,0.0,0.0,0.0,0.0,0.0,0.0,0.0,0.5,0.0,0.0,0.0
anim_energy_failgetout_01,2,529,V1tfHE9ene4,https://www.youtube.com/watch?v=V1tfHE9ene4,"It opens its eyes and tilts it head up and down quickly. | looked up looked down, and went back to what appears to be sleep",0.0,0.0,0.0,0.0,0.0,0.0,0.5,0.0,0.0,0.0,0.0,0.0,0.5,0.0,0.0,0.0
anim_energy_failgetout_02,1,617,-q8syxC_ILA,https://www.youtube.com/watch?v=-q8syxC_ILA,the robot lifts its arm and moves backwards quickly,0.0,1.0,0.0,0.0,0.0,0.0,0.0,0.0,0.0,0.0,0.0,0.0,0.0,0.0,0.0,0.0
anim_energy_getin_01,2,528,NJbJHsJCK0o,https://www.youtube.com/watch?v=NJbJHsJCK0o,It raises its arms up high and lowers then completely to the ground while making a sighing noise. | seemed to be frustrated with something based on his quick movements and sounds,0.0,0.0,0.0,0.0,1.0,0.0,0.5,0.0,0.5,0.0,0.0,0.0,0.0,0.0,0.5,0.0
anim_energy_getout_01,2,616,d03icXpIGas,https://www.youtube.com/watch?v=d03icXpIGas,"nodding motion, move backwards then forwards. | the robot looks down, up and quickly back down",0.5,0.0,0.0,1.0,0.0,0.0,0.0,0.0,0.0,0.0,0.0,0.0,0.0,0.0,0.0,0.0
anim_energy_idlel1_01,2,527,oUJuK7s5HZw,https://www.youtube.com/watch?v=oUJuK7s5HZw,It looks up and around a bit. | opened eyes as if interested and confused,0.5,0.0,0.5,0.0,0.0,0.0,0.0,0.0,0.0,0.0,0.0,0.0,0.5,0.0,0.0,0.0
anim_energy_idlel1_02,2,615,FdUI_SN8vCI,https://www.youtube.com/watch?v=FdUI_SN8vCI,Risen frontispiece. | the robot lifts his head twice,1.0,0.0,0.0,0.0,0.0,0.0,0.0,0.0,0.0,0.5,0.0,0.0,0.0,0.5,0.0,0.0
anim_energy_idlel1_03,2,526,kW9lkKdtvN8,https://www.youtube.com/watch?v=kW9lkKdtvN8,It looks forwards while slightly tilting its head. | He looked up seemed interested and understanding of the situation instead of frustration and anger,0.0,0.0,0.0,0.5,0.0,0.0,0.0,0.0,0.0,0.5,0.0,0.0,0.5,0.0,0.0,0.5
anim_energy_idlel2_01_nohead,2,614,Uxsc7s7GjBo,https://www.youtube.com/watch?v=Uxsc7s7GjBo,A visual of blue light moving from side to side and short quiet sound. | the robot's eyes get bigger and smaller,0.0,0.0,0.0,0.0,0.5,0.5,0.0,0.0,0.0,0.0,0.0,0.0,0.0,0.0,0.0,0.0
anim_energy_idlel2_02_nohead,2,525,PuITBDFZoOs,https://www.youtube.com/watch?v=PuITBDFZoOs,It looks down at the floor and sighs. | blinked eyes made a sad sounding noise closed and reopened eyes,0.0,0.0,0.0,0.0,0.5,0.0,1.0,0.0,0.0,0.0,0.5,0.0,0.0,0.0,0.0,0.0
anim_energy_idlel2_03_nohead,2,613,4JTdx9gCXsM,https://www.youtube.com/watch?v=4JTdx9gCXsM,Robot moves its head | The robot looks at the viewer with a bored expression.,0.0,0.0,0.0,0.0,0.0,0.0,0.0,0.0,0.0,0.0,0.0,0.0,1.0,0.0,0.0,0.0
anim_energy_idlel2_04,2,524,cJQGt3DcZ7s,https://www.youtube.com/watch?v=cJQGt3DcZ7s,It looks up with sad eyes. | opened eyes looked up and then returned to starting position,0.0,0.0,0.5,0.0,0.5,0.0,0.5,0.0,0.0,0.0,0.0,0.0,0.5,0.0,0.0,0.0
anim_energy_idlel2_05,2,612,xmf7RGlJanM,https://www.youtube.com/watch?v=xmf7RGlJanM,Robot makes subtle sideways moves while making a hissing sound | The robot looks at the viewer with a confused expression,0.0,0.0,1.0,0.0,0.0,0.0,0.0,0.0,0.0,0.0,0.5,0.0,0.0,0.0,0.0,0.0
anim_energy_idlel2_06,2,523,zbkTe-QU_pE,https://www.youtube.com/watch?v=zbkTe-QU_pE,"It looks up slightly and sighs. | opened and closed his eyes which appeared to be ""crying"" if that was possible",0.0,0.0,0.0,0.0,1.0,0.0,0.0,0.0,0.0,0.0,0.0,0.0,0.0,0.0,0.5,0.0
anim_energy_idlel2_search_01,2,611,n_AGv_sTj3g,https://www.youtube.com/watch?v=n_AGv_sTj3g,Robot moves its head while making sound | The robot looks pleadingly at the viewer then looks down,0.0,0.0,0.0,0.0,0.0,0.0,0.0,0.0,0.0,0.0,0.5,0.0,0.5,0.0,0.0,0.0
anim_energy_idlel2_search_02,2,522,9LDlduav92E,https://www.youtube.com/watch?v=9LDlduav92E,The robot looks down and a light flashes on it's back. | The robot placed its head down and moved a bit.,0.0,0.0,0.0,0.0,0.5,0.0,1.0,0.0,0.0,0.0,0.0,0.0,0.0,0.0,0.5,0.0
anim_energy_idlel2_search_03,2,610,una3jFgnBlw,https://www.youtube.com/watch?v=una3jFgnBlw,Robot moves its head while making sound | The poor robot looks bored out of it's mind.,0.0,0.0,0.0,0.0,0.0,0.0,0.0,0.0,0.0,0.0,0.0,0.0,1.0,0.0,0.5,0.0
anim_energy_liftoncube_01,2,521,lLAuct2t7LA,https://www.youtube.com/watch?v=lLAuct2t7LA,The robot looks the camera up and down then raises it's arm like it wants to be picked up. | The robot moved forward while raising its arms.,1.0,0.0,0.0,0.0,0.0,0.0,0.0,0.0,0.0,0.0,0.0,0.5,0.0,0.0,0.0,0.0
anim_energy_liftoncube_02,2,609,WfhGXPBovGs,https://www.youtube.com/watch?v=WfhGXPBovGs,Robot raises arms and moves while making sound | The robot looks sad and then raises him arms into the air.,0.0,0.0,0.0,0.0,0.5,0.0,0.5,0.0,0.0,0.0,0.0,0.0,0.0,0.0,0.5,0.0
anim_energy_react_stop_01,2,520,U2gFPVXofbs,https://www.youtube.com/watch?v=U2gFPVXofbs,The robot looks at the camera then moves back while putting it's head down. | The robot slowly backed up.,0.0,0.0,0.5,0.0,0.0,0.0,1.0,0.0,0.0,0.0,0.5,0.0,0.0,0.0,0.0,0.0
anim_energy_reacttocliff_lv2_01,2,608,NHFX-PpcYOI,https://www.youtube.com/watch?v=NHFX-PpcYOI,Robot makes bird-like sound and moves while its arms are raised | The robot made a noise and looks very sad.,0.5,0.0,0.0,0.0,0.0,0.0,0.5,0.0,0.0,0.0,0.0,0.0,0.0,0.0,0.0,0.0
anim_energy_requestlvlone_01,2,519,ZU0QB7kbIi8,https://www.youtube.com/watch?v=ZU0QB7kbIi8,The robot looks up and does a little motion with it's arm. It's eyes seem to be looking at something before it does the little cheer. | The robot backed up a little bit while moving its arms.,0.5,0.0,0.0,0.5,0.0,0.0,0.0,0.0,0.0,0.0,0.0,0.0,0.0,0.0,0.0,0.5
anim_energy_requestlvltwo_01,2,607,t_ayhTDbKgQ,https://www.youtube.com/watch?v=t_ayhTDbKgQ,Robot raises its arms and moves forward while making sound | The robot looks frustrated and is pounding the floor in frustration.,0.5,0.0,0.0,0.0,0.5,0.0,0.0,0.0,0.5,0.0,0.0,0.0,0.0,0.5,0.0,0.0
anim_energy_requestshortlvl1_01,2,518,KWnbTDilPV8,https://www.youtube.com/watch?v=KWnbTDilPV8,"The robot wakes up and does a little cheer. | The robot quickly moved its head and arms, repeatedly.",0.5,0.0,0.0,0.0,0.0,0.0,0.0,1.0,0.0,0.0,0.0,0.0,0.0,0.0,0.0,0.5
anim_energy_requestshortlvl2_01,2,606,DG5GjnJ2JAc,https://www.youtube.com/watch?v=DG5GjnJ2JAc,Robot raises its arms and moves forward while making sound | The robots looks sad and is throwing a tantrum,0.0,0.0,0.0,0.0,0.5,0.5,0.5,0.0,0.0,0.0,0.0,0.0,0.0,0.0,0.0,0.0
anim_energy_shortreact_lvl2_01,2,517,4YMrZiwpsJQ,https://www.youtube.com/watch?v=4YMrZiwpsJQ,The robot moves it's head down and turns it's eyes downcast while moving away. | The robot backed away while looking at something.,0.0,0.0,0.0,0.0,0.0,0.0,0.0,0.0,0.0,0.0,1.0,0.0,0.0,0.0,0.0,0.0
anim_energy_stuckonblock_lv2,2,605,0O5NIaoHvPQ,https://www.youtube.com/watch?v=0O5NIaoHvPQ,Robot raises its head then raises its arms and moves forward | The robot look at the ground dejected and then pounds it's arms on the floor,0.5,0.0,0.0,0.0,0.5,0.0,0.5,0.0,0.0,0.0,0.0,0.0,0.0,0.0,0.0,0.0
anim_energy_successgetout_01,2,516,JHTgeLHgrE8,https://www.youtube.com/watch?v=JHTgeLHgrE8,"The robot moves it's head, arm, and eyes up very quickly. The eyes look joyful. | The robot excitedly moved its head and arms up.",0.0,0.0,0.0,0.0,0.0,0.0,0.0,1.0,0.0,0.0,0.0,0.0,0.0,0.0,0.0,0.0
anim_energy_successgetout_02,2,604,4ttZB0XeOBw,https://www.youtube.com/watch?v=4ttZB0XeOBw,"Robot moves a little while making hissy sound | The robots looks up, then down and then up again.",0.0,0.0,0.0,0.5,0.0,0.0,0.0,0.0,0.0,0.0,0.5,0.0,0.0,0.5,0.0,0.0
anim_energy_wakeup_01,2,515,WNsKEx17Y6w,https://www.youtube.com/watch?v=WNsKEx17Y6w,The robot moves it's head and eyes down then slowly back up. The eyes look sad. | The robot slowly moved its head up.,0.0,0.0,0.0,0.0,0.0,0.0,1.0,0.0,0.0,0.0,0.5,0.0,0.0,0.0,0.5,0.0
anim_explorer_driving01_end_01_head_angle_-10,2,603,60SZkL_5J6g,https://www.youtube.com/watch?v=60SZkL_5J6g,"It said ""Oh"". | the robot action is understanding",0.5,0.0,0.0,0.5,0.0,0.0,0.0,0.0,0.0,0.0,0.0,0.0,0.0,0.0,0.0,0.0
anim_explorer_driving01_end_01_head_angle_-20,2,514,KqDns7PSVZs,https://www.youtube.com/watch?v=KqDns7PSVZs,"The robot blinks a few times then looks to the side. It makes a little noise at the end. | The robot looked around briefly, without making any movement.",0.5,0.0,0.0,0.5,0.0,0.0,0.0,0.0,0.0,0.0,0.0,0.0,0.0,0.0,0.0,0.5
anim_explorer_driving01_end_01_head_angle_10,2,602,rxZV90_UN5g,https://www.youtube.com/watch?v=rxZV90_UN5g,It's eyes move and it made a noise. | the robot action is understanding,0.0,0.0,0.0,1.0,0.0,0.0,0.0,0.0,0.0,0.0,0.0,0.0,0.0,0.0,0.0,0.0
anim_explorer_driving01_end_01_head_angle_20,2,513,82q7vG4qJF0,https://www.youtube.com/watch?v=82q7vG4qJF0,"The robot did not moved but blinked it's eyes and then made a random noise, kind of like a surprise. | The robot looked ahead without moving.",0.0,0.0,0.5,0.0,0.0,0.0,0.0,0.0,0.0,0.0,0.0,0.0,0.0,0.5,0.0,0.0
anim_explorer_driving01_end_01_head_angle_30,2,601,Lw-2oKpyXN8,https://www.youtube.com/watch?v=Lw-2oKpyXN8,It's eyes move and it said wow. | the robot action is interest and desire,0.5,0.0,0.0,0.0,0.0,0.0,0.0,0.0,0.0,0.0,0.0,0.0,0.0,0.5,0.0,0.5
anim_explorer_driving01_end_01_head_angle_40,2,512,Xxe1at0mSbY,https://www.youtube.com/watch?v=Xxe1at0mSbY,very useful in office work | opens eyes with a playful tone,1.0,0.5,0.5,0.0,0.5,0.0,0.0,1.0,0.0,0.5,0.5,0.0,0.0,0.0,0.0,0.0
anim_explorer_driving01_loop_01_head_angle_-10,2,600,Q8BBeyRCCLA,https://www.youtube.com/watch?v=Q8BBeyRCCLA,It's eyes move and I think it said bye bye. | The robot action is gratitude and understanding.,0.0,0.0,0.0,0.5,0.0,0.0,0.0,0.0,0.0,0.5,0.0,0.0,0.5,0.0,0.0,0.0
anim_explorer_driving01_loop_01_head_angle_-20,2,511,91vIdWSQLm0,https://www.youtube.com/watch?v=91vIdWSQLm0,this is use full in education. | looks around and beeps,1.0,0.5,0.5,0.0,0.0,0.0,0.5,0.0,0.5,0.0,0.0,0.0,0.0,0.5,0.0,0.0
anim_explorer_driving01_loop_01_head_angle_10,1,599,-Jg1hik0HzM,https://www.youtube.com/watch?v=-Jg1hik0HzM,this robot is understanding.,0.0,0.0,0.0,1.0,0.0,0.0,0.0,0.0,0.0,0.0,0.0,0.0,0.0,0.0,0.0,0.0
anim_explorer_driving01_loop_01_head_angle_20,1,510,mOc91aga1C0,https://www.youtube.com/watch?v=mOc91aga1C0,looks to the right upward and chirps,1.0,0.0,0.0,0.0,0.0,0.0,0.0,0.0,0.0,0.0,0.0,0.0,0.0,0.0,0.0,0.0
anim_explorer_driving01_loop_01_head_angle_30,2,598,OkSL7w9Wd2I,https://www.youtube.com/watch?v=OkSL7w9Wd2I,It's eyes are moving pretty fast and it made a noise. | the robot is sorrow,0.0,0.5,0.0,0.0,0.0,0.0,0.5,0.0,0.0,0.0,0.0,0.0,0.0,0.0,0.0,0.0
anim_explorer_driving01_loop_01_head_angle_40,2,509,Vpg6ThfFfu4,https://www.youtube.com/watch?v=Vpg6ThfFfu4,"useful in human | looks around, chirps and squints",0.5,0.5,0.5,0.0,0.5,0.5,0.0,0.0,0.5,0.5,0.0,0.0,0.0,0.5,0.0,0.0
anim_explorer_driving01_loop_02_head_angle_-10,2,597,Rk4Bt6qLJaI,https://www.youtube.com/watch?v=Rk4Bt6qLJaI,It's looking straight ahead. | the robot action is understanding,0.0,0.0,0.0,1.0,0.0,0.0,0.0,0.0,0.0,0.0,0.0,0.0,0.0,0.0,0.0,0.0
anim_explorer_driving01_loop_02_head_angle_-20,2,508,i4HdC4UaAY4,https://www.youtube.com/watch?v=i4HdC4UaAY4,this purpose is watching human movements | looks to the right very quickly,0.5,0.0,0.0,0.0,0.5,0.5,0.5,0.0,0.5,0.0,0.0,0.0,0.5,0.0,0.5,0.0
anim_explorer_driving01_loop_02_head_angle_10,2,596,S4m49rkmQL4,https://www.youtube.com/watch?v=S4m49rkmQL4,It's moving it's eyes as if it is sad. | the robot action is gratitude,0.0,0.0,0.0,0.0,0.0,0.0,0.5,0.0,0.0,0.5,0.0,0.0,0.0,0.0,0.0,0.0
anim_explorer_driving01_loop_02_head_angle_20,2,507,M1UQIcaqI3s,https://www.youtube.com/watch?v=M1UQIcaqI3s,"it is very nice,its use in alarm | opens eyes to looks around then closes them",0.5,0.0,0.0,0.0,0.0,0.0,0.0,0.0,0.5,0.0,0.0,0.5,1.0,0.5,0.5,0.0
anim_explorer_driving01_loop_02_head_angle_30,2,595,0qnp0ph5WQU,https://www.youtube.com/watch?v=0qnp0ph5WQU,It's looking around slightly. | the robot action is sorrow,0.0,0.0,0.0,0.0,0.0,0.0,0.5,0.0,0.0,0.0,0.0,0.0,0.5,0.0,0.0,0.0
anim_explorer_driving01_loop_02_head_angle_40,2,506,PVnnqBqwIdM,https://www.youtube.com/watch?v=PVnnqBqwIdM,this is joyful robot | looks to the right slightly,0.5,0.0,0.0,0.0,0.0,0.0,0.5,0.5,0.5,0.5,0.5,0.0,0.5,0.0,0.0,0.0
anim_explorer_driving01_loop_03_head_angle_-10,2,594,5mYF8nmiYzY,https://www.youtube.com/watch?v=5mYF8nmiYzY,It is moving his eyes as if confused. | the robot action is surprise.,0.0,0.0,0.5,0.0,0.0,0.0,0.0,0.0,0.0,0.0,0.5,0.0,0.0,0.5,0.0,0.0
anim_explorer_driving01_loop_03_head_angle_-20,1,505,ZYti-wP5pG8,https://www.youtube.com/watch?v=ZYti-wP5pG8,it is very useful in home,1.0,0.0,0.0,0.0,0.0,1.0,0.0,1.0,0.0,1.0,1.0,1.0,0.0,0.0,0.0,0.0
anim_explorer_driving01_loop_03_head_angle_10,2,593,IV8n6djeoRs,https://www.youtube.com/watch?v=IV8n6djeoRs,The robot looks around like it seems that it wants some sort of attention or that it wants to do something. It seems bored. | the robot eyes up and down vision,0.0,0.0,0.0,0.5,0.0,0.0,0.0,0.0,0.0,0.0,0.0,0.0,0.5,0.0,0.0,0.0
anim_explorer_driving01_loop_03_head_angle_20,2,504,kfYTIfKmqtM,https://www.youtube.com/watch?v=kfYTIfKmqtM,"this is one of the alarm purpose | looks down then up, glancing to the side",0.5,0.5,0.5,0.0,0.0,0.5,0.5,0.0,0.0,0.0,0.5,0.0,1.0,0.0,0.0,0.0
anim_explorer_driving01_loop_03_head_angle_30,2,592,tVZTZ4bw2Ts,https://www.youtube.com/watch?v=tVZTZ4bw2Ts,"The robot seems to be alarmed or alerted by something. The way its eyes move shows that it is interesting in something however it is quiet, seems to be taking everything in. | the robot see to vision world",0.5,0.5,0.0,0.0,0.0,0.0,0.0,0.5,0.0,0.0,0.0,0.0,0.0,0.0,0.0,0.0
anim_explorer_driving01_loop_03_head_angle_40,2,503,scTxugc6wMg,https://www.youtube.com/watch?v=scTxugc6wMg,this is funny robot | looks around silently,0.5,0.5,0.0,0.0,0.5,0.0,0.0,0.5,0.0,0.5,0.0,0.0,0.5,0.5,0.0,0.0
anim_explorer_driving01_start_01,2,489,7tEAu0n89uY,https://www.youtube.com/watch?v=7tEAu0n89uY,"Robot half closes eyes, then opens them again. | its action is alarm",0.0,0.5,0.0,0.5,0.0,0.0,0.0,0.0,0.0,0.0,0.0,0.0,0.0,0.0,0.0,0.0
anim_explorer_driving01_start_01_head_angle_-10,2,591,RMFew-2QL4s,https://www.youtube.com/watch?v=RMFew-2QL4s,The robot looks up and down and appears to be confused. It makes a noise that seems like it is questioning something. | the Robot vision up and down,0.0,0.0,0.5,0.0,0.0,0.0,0.0,0.5,0.0,0.0,0.0,0.0,0.0,0.0,0.0,0.0
anim_explorer_driving01_start_01_head_angle_-20,2,502,ygMOb-ar23I,https://www.youtube.com/watch?v=ygMOb-ar23I,The robot seemed surprised by what it sees. | the robot is boredom,0.5,0.0,0.0,0.0,0.0,0.0,0.0,0.0,0.0,0.0,0.0,0.0,0.5,0.5,0.0,0.0
anim_explorer_driving01_start_01_head_angle_10,2,491,PwtaEs68prw,https://www.youtube.com/watch?v=PwtaEs68prw,"Robot half closes eyes, then opens them wide again while making a sound. | its interest",0.5,0.0,0.5,0.0,0.0,0.0,0.0,0.0,0.0,0.0,0.0,0.0,0.0,0.0,0.0,0.0
anim_explorer_driving01_start_01_head_angle_20,2,501,hNZqiQ8Ynu0,https://www.youtube.com/watch?v=hNZqiQ8Ynu0,The robot seemed sad and lowered its head in sorrow. | the robot is relief,0.0,0.0,0.0,0.0,0.0,0.5,0.5,0.0,0.0,0.0,0.0,0.0,0.0,0.0,0.0,0.0
anim_explorer_driving01_start_01_head_angle_30,2,490,xxiLUTAuu1I,https://www.youtube.com/watch?v=xxiLUTAuu1I,"Robot looks down briefly, then looks forward again while making a sound. | its fear",0.0,0.0,0.0,0.5,0.0,0.0,0.0,0.0,0.0,0.0,0.5,0.5,0.0,0.0,0.0,0.0
anim_explorer_driving01_start_01_head_angle_40,2,500,NOT_VJMJGjc,https://www.youtube.com/watch?v=NOT_VJMJGjc,The robot shook with fear. | the robot is gratitude,0.0,0.0,0.0,0.0,0.0,0.0,0.0,0.0,0.0,0.5,0.5,0.0,0.0,0.0,0.0,0.0
anim_explorer_driving01_start_02_head_angle_-10,2,499,czCm2h_Ci-0,https://www.youtube.com/watch?v=czCm2h_Ci-0,The robot was falling asleep and then woke up with a shock. | the robot is confusion,0.0,0.5,0.5,0.0,0.0,0.0,0.0,0.0,0.0,0.0,0.5,0.0,0.0,0.5,0.0,0.0
anim_explorer_driving01_start_02_head_angle_-20,2,488,DVg2EUXmghI,https://www.youtube.com/watch?v=DVg2EUXmghI,Robot points eyes downward and then looks forward again. | its confusion,0.0,0.0,0.5,0.0,0.0,0.0,0.0,0.0,0.0,0.0,0.0,0.0,0.0,0.5,0.0,0.0
anim_explorer_driving01_start_02_head_angle_10,2,498,UUERTgkADZY,https://www.youtube.com/watch?v=UUERTgkADZY,The robot surveyed the situation and then came to a surprise realization. | the robot is anger,0.0,0.5,0.0,0.0,0.0,0.0,0.0,0.0,0.5,0.0,0.0,0.0,0.0,0.5,0.0,0.0
anim_explorer_driving01_start_02_head_angle_20,2,487,a1SXn8XENWw,https://www.youtube.com/watch?v=a1SXn8XENWw,Robot looks down and then back up. | robot is understanding,0.0,0.0,0.5,0.5,0.0,0.0,0.0,0.0,0.0,0.0,0.0,0.0,0.0,0.0,0.0,0.0
anim_explorer_driving01_start_02_head_angle_30,2,497,PJxFNUCMO9s,https://www.youtube.com/watch?v=PJxFNUCMO9s,"The robot opened its eyes up and said ""wow""! | the robot is surprise",0.5,0.0,0.0,0.0,0.0,0.0,0.0,0.0,0.0,0.0,0.0,0.0,0.0,1.0,0.0,0.0
anim_explorer_driving01_start_02_head_angle_40,2,486,x3rMuUT3ovA,https://www.youtube.com/watch?v=x3rMuUT3ovA,Robot has eyes squeezed shut and pops them open. | its relief,0.0,0.0,0.0,0.0,0.0,0.5,0.5,0.0,0.0,0.0,0.0,0.0,0.0,0.0,0.0,0.0
anim_explorer_driving01_turbo_01,2,493,qFig9v_Qads,https://www.youtube.com/watch?v=qFig9v_Qads,The robot raised its head up quickly and widened its eyes. It also let out a scream. | the robot is sorrow,0.0,0.5,0.0,0.0,0.0,0.0,0.5,0.0,0.0,0.0,0.0,0.0,0.0,0.5,0.0,0.0
anim_explorer_driving01_turbo_01_head_angle_-10,2,496,B8tV_4GqRmM,https://www.youtube.com/watch?v=B8tV_4GqRmM,The robot lifted its head up in surprise and seemed a little bit scared. | the robot is hope,0.0,0.5,0.0,0.0,0.0,0.0,0.0,0.0,0.0,0.0,0.5,0.5,0.0,0.5,0.0,0.0
anim_explorer_driving01_turbo_01_head_angle_-20,2,485,tch0je_8Org,https://www.youtube.com/watch?v=tch0je_8Org,"Robot reacts to something, looks downward, and makes a sound. | very interesting",0.5,0.0,0.0,0.0,0.0,0.0,0.5,0.0,0.0,0.0,0.0,0.0,0.0,0.5,0.0,0.0
anim_explorer_driving01_turbo_01_head_angle_10,2,495,sbX71taysfI,https://www.youtube.com/watch?v=sbX71taysfI,The robot woke up and shook with terror. | the robot is understanding,0.0,0.5,0.0,0.5,0.0,0.0,0.0,0.0,0.0,0.0,0.5,0.0,0.0,0.0,0.0,0.0
anim_explorer_driving01_turbo_01_head_angle_20,2,484,hJipEiJeFrE,https://www.youtube.com/watch?v=hJipEiJeFrE,"Robot looks up, then forward, and makes a sound. | very interest and joy",1.0,0.0,0.0,0.0,0.0,0.0,0.0,0.5,0.0,0.0,0.0,0.0,0.0,0.5,0.0,0.0
anim_explorer_driving01_turbo_01_head_angle_30,2,494,GJFMFHFanjw,https://www.youtube.com/watch?v=GJFMFHFanjw,The robot nodded quickly and yelled with joy. | the robot is boredom,0.5,0.0,0.0,0.0,0.0,0.0,0.0,0.5,0.0,0.0,0.0,0.0,0.5,0.0,0.0,0.0
anim_explorer_driving01_turbo_01_head_angle_40,2,483,yPlYxOlhKIQ,https://www.youtube.com/watch?v=yPlYxOlhKIQ,Robot looks up and then back down and makes a surprised sound. | robot's action is confusion.,0.5,0.0,0.5,0.0,0.0,0.0,0.0,0.0,0.0,0.0,0.0,0.0,0.0,0.5,0.0,0.0
anim_explorer_drvback_end_01,2,482,Rm9ctyk_vWs,https://www.youtube.com/watch?v=Rm9ctyk_vWs,"Looks down, up for a second then back down. | the robot is angered",0.0,0.0,0.0,0.0,0.0,0.0,0.5,0.0,0.5,0.0,0.0,0.0,0.0,0.0,0.0,0.0
anim_explorer_drvback_loop_01,2,492,ZDlH4zxcCO4,https://www.youtube.com/watch?v=ZDlH4zxcCO4,Robot shifts eyes and blinks while making two beeping sounds. | its confusion,0.0,0.5,0.5,0.0,0.0,0.0,0.0,0.0,0.0,0.0,0.0,0.0,0.0,0.0,0.0,0.0
anim_explorer_drvback_loop_02,2,481,GrljH_oORHw,https://www.youtube.com/watch?v=GrljH_oORHw,Doesn't move and says beep beep beep. | the robot is frustrated,0.0,0.0,0.0,0.0,0.5,0.0,0.0,0.0,0.0,0.0,0.0,0.0,0.5,0.0,0.0,0.0
anim_explorer_drvback_loop_03,2,392,nWidb7iswBY,https://www.youtube.com/watch?v=nWidb7iswBY,"It looks down and around, making a beeping sound. | its like alarm its uses to wake up people",0.5,0.5,0.0,0.0,0.0,0.0,0.0,0.0,0.0,0.0,0.0,0.0,0.0,0.0,0.0,0.5
anim_explorer_drvback_start_01,2,480,7P7wcYvyYEw,https://www.youtube.com/watch?v=7P7wcYvyYEw,Looks sad and makes a beep noise. | the robot got relived from some task,0.0,0.0,0.0,0.0,0.0,0.5,0.5,0.0,0.0,0.0,0.0,0.0,0.5,0.0,0.0,0.0
anim_explorer_drvback_start_02,2,391,WzwP29j0XoQ,https://www.youtube.com/watch?v=WzwP29j0XoQ,It looks down then back up with a quick sound. | its look like frustration its siting and felt very tired,0.5,0.0,0.0,0.0,0.5,0.0,0.0,0.0,0.0,0.0,0.0,0.0,0.0,0.0,0.0,0.0
anim_explorer_getin_01,2,479,k_fTnG8QEQQ,https://www.youtube.com/watch?v=k_fTnG8QEQQ,Scoots back looks up and says WHOA! | the robot got bored of something,0.0,0.0,0.0,0.5,0.0,0.0,0.0,0.0,0.0,0.0,0.0,0.0,0.5,0.5,0.0,0.0
anim_explorer_huh_01,2,475,Zy-RicMFqak,https://www.youtube.com/watch?v=Zy-RicMFqak,Nods his little robot head. | the robot is moving backwards,0.0,0.0,0.5,0.5,0.0,0.0,0.0,0.0,0.0,0.0,0.0,0.0,0.0,0.0,0.0,0.0
anim_explorer_huh_01_head_angle_-10,2,478,52GiCocA0PA,https://www.youtube.com/watch?v=52GiCocA0PA,Wakes up nods and scoots back. | the robot is moving backwards,0.0,0.5,0.0,0.5,0.0,0.0,0.0,0.0,0.0,0.0,0.5,0.0,0.0,0.0,0.0,0.0
anim_explorer_huh_01_head_angle_-20,1,389,-aPpQ_8wE_Y,https://www.youtube.com/watch?v=-aPpQ_8wE_Y,its look like surprised,0.0,0.0,0.0,0.0,0.0,0.0,0.0,0.0,0.0,0.0,0.0,0.0,0.0,1.0,0.0,0.0
anim_explorer_huh_01_head_angle_10,2,477,Y9d_LGO7IWE,https://www.youtube.com/watch?v=Y9d_LGO7IWE,Nods head and scoots back a bit. | the robot understands the order given,0.0,0.0,0.0,1.0,0.0,0.0,0.0,0.0,0.0,0.0,0.0,0.0,0.0,0.0,0.0,0.0
anim_explorer_huh_01_head_angle_20,2,388,QlAfqokl1xU,https://www.youtube.com/watch?v=QlAfqokl1xU,It nods its head and moves slightly backwards with a chirp. | its look like angry,0.0,0.0,0.0,0.5,0.0,0.0,0.0,0.5,0.5,0.5,0.0,0.0,0.0,0.0,0.0,0.0
anim_explorer_huh_01_head_angle_30,2,476,RJDLPOkBghw,https://www.youtube.com/watch?v=RJDLPOkBghw,Nods little robot head. | robot is displaying something,0.0,0.5,0.0,0.5,0.0,0.0,0.5,0.0,0.0,0.0,0.0,0.0,0.0,0.0,0.0,0.0
anim_explorer_huh_01_head_angle_40,2,387,_lEMC8WTLrI,https://www.youtube.com/watch?v=_lEMC8WTLrI,It nods its head with a happy sound. | its look like interesting.its willing to see something like wise i thought,0.5,0.0,0.0,0.5,0.0,0.0,0.0,0.5,0.0,0.0,0.0,0.0,0.0,0.0,0.0,0.0
anim_explorer_idle_01_head_angle_-10,2,386,mxlpQNLBALU,https://www.youtube.com/watch?v=mxlpQNLBALU,It looks around and then down to the floor. | this robot is looking like confusion why because it rotate eyes like that,0.0,0.0,0.5,0.0,0.0,0.0,0.0,0.0,0.0,0.0,0.0,0.0,0.5,0.0,0.0,0.0
anim_explorer_idle_01_head_angle_-20,2,474,uIoPF_wEtCQ,https://www.youtube.com/watch?v=uIoPF_wEtCQ,Stares forward then looks down. | robot blinks eyes,0.5,0.0,0.5,0.0,0.0,0.0,0.0,0.0,0.0,0.0,0.0,0.0,0.0,0.5,0.0,0.0
anim_explorer_idle_01_head_angle_10,2,385,lKaVGPbDt38,https://www.youtube.com/watch?v=lKaVGPbDt38,It looks up quickly. | this robot is look like fear its blinking like that,0.5,0.0,0.0,0.0,0.0,0.0,0.0,0.0,0.0,0.0,0.5,0.0,0.0,0.0,0.0,0.0
anim_explorer_idle_01_head_angle_20,2,473,_cjZxKARNfo,https://www.youtube.com/watch?v=_cjZxKARNfo,Looks up quickly. | the robot headsup,0.5,0.5,0.0,0.0,0.0,0.0,0.0,0.0,0.0,0.0,0.0,0.0,0.0,0.5,0.0,0.0
anim_explorer_idle_01_head_angle_30,2,384,PcWFhHW4Pb4,https://www.youtube.com/watch?v=PcWFhHW4Pb4,It looks around and then up quickly. | its look like gratitude its behave like that,0.5,0.0,0.0,0.0,0.0,0.0,0.0,0.0,0.0,0.5,0.0,0.0,0.0,0.0,0.0,0.0
anim_explorer_idle_01_head_angle_40,2,472,h2whIYHN2HE,https://www.youtube.com/watch?v=h2whIYHN2HE,It raises its head up. Its eyes open wide and move about. | the robot's action is joy and happy,1.0,0.0,0.0,0.0,0.0,0.0,0.0,0.5,0.0,0.0,0.0,0.0,0.0,0.0,0.0,0.0
anim_explorer_idle_02,2,380,ZmRk4CfRwZs,https://www.youtube.com/watch?v=ZmRk4CfRwZs,It looks around while making a small noise. | the robot is disgusted,0.5,0.0,0.0,0.0,0.0,0.0,0.0,0.0,0.0,0.0,0.0,0.0,0.0,0.0,0.5,0.0
anim_explorer_idle_02_head_angle_-10,2,383,NbHZ43H0SME,https://www.youtube.com/watch?v=NbHZ43H0SME,It looks around and makes a sound. | this robot is look like sorrow its act like that,0.5,0.0,0.0,0.0,0.0,0.0,0.5,0.0,0.0,0.0,0.0,0.0,0.0,0.0,0.0,0.0
anim_explorer_idle_02_head_angle_-20,2,471,wvNS_L4pxWA,https://www.youtube.com/watch?v=wvNS_L4pxWA,It lowers its head down. Its eyes open wide and move about. | the robot's feeling is sad and tiered,0.0,0.0,0.5,0.0,0.0,0.0,0.5,0.0,0.0,0.0,0.0,0.0,0.5,0.0,0.0,0.5
anim_explorer_idle_02_head_angle_10,2,382,cM9IMhDgf_s,https://www.youtube.com/watch?v=cM9IMhDgf_s,"It looks around and makes a ""Rawr"" sound. | this robot is look like contusion why because it behaving like that",0.0,0.0,0.5,0.0,0.0,0.0,0.0,0.0,0.0,0.0,0.0,0.0,0.0,0.0,0.0,0.5
anim_explorer_idle_02_head_angle_20,2,470,mJ1eAUI9PgI,https://www.youtube.com/watch?v=mJ1eAUI9PgI,It raises its head up slightly. Its eyes open wide and move about. | i think the action is surprise,0.5,0.0,0.0,0.0,0.5,0.0,0.0,0.0,0.0,0.0,0.5,0.0,0.0,0.5,0.0,0.0
anim_explorer_idle_02_head_angle_30,2,381,Qrt6Ye13UQs,https://www.youtube.com/watch?v=Qrt6Ye13UQs,It wakes up and looks up making a high pitched noise and then closes its eyes. | the robot action is understanding and interesting,1.0,0.0,0.0,0.5,0.0,0.0,0.0,0.0,0.0,0.0,0.0,0.0,0.0,0.5,0.0,0.0
anim_explorer_idle_02_head_angle_40,2,469,NqYvqNwxyP0,https://www.youtube.com/watch?v=NqYvqNwxyP0,It raises its head up. Its eyes open wide and move about. | i think the action is confusion,0.5,0.0,0.5,0.0,0.0,0.0,0.0,0.0,0.5,0.0,0.0,0.0,0.0,0.0,0.0,0.0
anim_explorer_idle_03_head_angle_-10,2,468,w1aVmlJEcmw,https://www.youtube.com/watch?v=w1aVmlJEcmw,It does not move. Its eyes open slightly. | the robot's action in their video is react in sorrow,0.5,0.0,0.0,0.0,0.0,0.0,0.5,0.0,0.0,0.0,0.0,0.0,0.0,0.0,0.0,0.5
anim_explorer_idle_03_head_angle_-20,2,379,xqKxFVEYbCE,https://www.youtube.com/watch?v=xqKxFVEYbCE,It looks down quickly. | the robot action is understanding.,0.0,0.0,0.0,0.5,0.0,0.0,0.0,0.0,0.0,0.0,0.0,0.5,0.0,0.0,0.0,0.5
anim_explorer_idle_03_head_angle_10,2,467,jRsWD2dW9Vg,https://www.youtube.com/watch?v=jRsWD2dW9Vg,Its eyes move about. It raises its head slightly. | i think robot's action is feeling in someone,0.5,0.0,0.5,0.0,0.0,0.0,0.5,0.0,0.0,0.0,0.5,0.0,0.0,0.0,0.0,0.5
anim_explorer_idle_03_head_angle_20,2,378,W8Zj2puRALs,https://www.youtube.com/watch?v=W8Zj2puRALs,It looks up quickly. | the robot is gratitude and surprise.,0.0,0.0,0.0,0.0,0.0,0.0,0.0,0.0,0.0,0.5,0.0,0.5,0.0,1.0,0.0,0.0
anim_explorer_idle_03_head_angle_30,2,466,uMFgs2rWS-I,https://www.youtube.com/watch?v=uMFgs2rWS-I,It raises its head up. It opens eyes wide. | the robot's were confusion and surprise,0.5,0.0,0.5,0.0,0.0,0.0,0.0,0.0,0.0,0.0,0.0,0.0,0.0,0.5,0.0,0.0
anim_explorer_idle_03_head_angle_40,2,377,hB5XTxPN4mE,https://www.youtube.com/watch?v=hB5XTxPN4mE,It looks up quickly. | the robot reaction is surprised,0.5,0.0,0.0,0.0,0.0,0.0,0.0,0.0,0.0,0.0,0.0,0.0,0.0,0.5,0.0,0.0
anim_factory_audio_test_01,2,465,evklIyW0w8w,https://www.youtube.com/watch?v=evklIyW0w8w,It does not move. It makes squeaking and squealing noises. | the robot is anger someone,0.0,0.0,0.5,0.0,0.0,0.0,0.0,0.0,0.5,0.0,0.0,0.0,0.0,0.0,0.0,0.0
anim_factory_audio_test_02,2,376,Ze8M3zMyNho,https://www.youtube.com/watch?v=Ze8M3zMyNho,It nods repeatedly while making a dial tone noise throughout. | the robot reaction is confusion,0.0,0.5,0.5,0.0,0.0,0.0,0.0,0.0,0.0,0.0,0.0,0.0,0.0,0.0,0.0,0.0
anim_fistbump_fail_01,2,464,rSD6wGhCirk,https://www.youtube.com/watch?v=rSD6wGhCirk,"It raises its arms up, then lowers them again. It turns to one side. The eyes seem sorrowful. | the robot's feeling was missing some one",0.0,0.0,0.0,0.0,0.5,0.0,0.5,0.0,0.0,0.0,0.0,0.0,0.0,0.0,0.0,0.5
anim_fistbump_idle_01,2,375,jirIrV8Mios,https://www.youtube.com/watch?v=jirIrV8Mios,It wakes up and slowly raises its arms and then closes its eyes. | the robot action is very gratitude,0.0,0.0,0.0,0.0,0.0,0.0,0.0,0.0,0.0,0.5,0.0,0.5,0.0,0.0,0.0,0.5
anim_fistbump_idle_02,2,463,HA4zxiO2jAo,https://www.youtube.com/watch?v=HA4zxiO2jAo,It blinks. It raises its arms up. | the robot's is sorrow of some disappointment,0.5,0.0,0.0,0.0,0.0,0.0,0.5,0.0,0.5,0.0,0.5,0.0,0.0,0.0,0.0,0.0
anim_fistbump_idle_03,2,374,7JIjTftBVUg,https://www.youtube.com/watch?v=7JIjTftBVUg,It slowly raises its arms while looking at them. | the robot reaction is enjoyable,0.0,0.0,0.0,0.5,0.0,0.0,0.0,1.0,0.0,0.0,0.0,0.0,0.0,0.0,0.0,0.0
anim_fistbump_requestonce_01,2,462,xk3lsGdKVhU,https://www.youtube.com/watch?v=xk3lsGdKVhU,The robot throws its arms up and covers its head. | The robot appears that it wants something but is somewhat apprehensive about asking. It indicates it desire by raising its arm in a manner to indicate it wants something.,0.5,0.0,0.0,0.0,0.0,0.0,0.0,0.0,0.0,0.0,0.5,0.0,0.0,0.0,0.0,0.5
anim_fistbump_requestonce_02,2,373,Z2elYqk-eg0,https://www.youtube.com/watch?v=Z2elYqk-eg0,"It slams its arms quickly and its eyes move apart and then back together, raising its arms again afterwards. | it is angry and enjoyable",0.5,0.0,0.0,0.0,0.0,0.0,0.0,0.5,0.5,0.5,0.0,0.0,0.0,0.0,0.0,0.0
anim_fistbump_requestoncelong_01,2,461,oGRbBOtPQas,https://www.youtube.com/watch?v=oGRbBOtPQas,The robot makes noises of confusion then throws its arms up. | The robot appears to be confused about something. It ponders something for a few seconds. It suddenly realizes something and indicates that it understands it.,0.0,0.0,1.0,0.5,0.0,0.0,0.0,0.0,0.0,0.0,0.0,0.0,0.0,0.0,0.0,0.0
anim_fistbump_requesttwice_01,2,372,OQpFB78PK9E,https://www.youtube.com/watch?v=OQpFB78PK9E,It raises its arms several times and makes a faint sound. | the robot is enjoyable,0.5,0.0,0.0,0.0,0.0,0.0,0.0,0.5,0.0,0.0,0.0,0.5,0.0,0.0,0.0,0.5
anim_fistbump_success_01,2,460,64faKKWSvms,https://www.youtube.com/watch?v=64faKKWSvms,"The robot lifts its arms up several times fast and seems to laugh or make sounds of happiness. | The robot is motionless. With a burst of energy, it raises it's mechanical arm and appears to roar into laughter.",0.0,0.0,0.0,0.0,0.0,0.0,0.0,1.0,0.0,1.0,0.0,0.0,0.0,0.0,0.0,0.0
anim_fistbump_success_02,2,371,ILgKYsZfd2U,https://www.youtube.com/watch?v=ILgKYsZfd2U,"It moves its arms up high then lowers them to tap the ground, backing up and making a sound. | happily stomps ground with arms rapidly",0.0,0.0,0.0,1.0,0.0,0.0,0.0,0.5,0.0,0.5,0.0,0.5,0.0,0.0,0.0,0.0
anim_fistbump_success_03,2,459,eACiWNj3Bnc,https://www.youtube.com/watch?v=eACiWNj3Bnc,The robot turns in a circle and speaks as if it is upset. | The robot throws his hands in the air. It then slams its arms down in anger. It spins around flailing it arms in frustration and disgust.,0.0,0.5,0.5,0.0,0.5,0.0,0.0,0.0,0.5,0.0,0.0,0.0,0.0,0.0,0.5,0.0
anim_freeplay_reacttoface_identified_01,2,457,7BVWPsQ21WU,https://www.youtube.com/watch?v=7BVWPsQ21WU,The robot scrunches its eyes shut and throws its arms up. | The robot appears curious about something. It then seems surprise by it.,0.5,0.5,0.5,0.0,0.5,0.0,0.0,0.0,0.0,0.0,0.0,0.0,0.0,0.5,0.0,0.0
anim_freeplay_reacttoface_identified_01_head_angle_-20,2,370,uzQXr45Leu0,https://www.youtube.com/watch?v=uzQXr45Leu0,"It wakes up, squints, makes a happy sound, moves its arms and then goes back to sleep. | opens eyes, nods with head and arms",0.0,0.0,0.0,1.0,0.0,0.5,0.0,1.0,0.0,0.0,0.0,0.5,0.0,0.0,0.0,0.0
anim_freeplay_reacttoface_identified_01_head_angle_20,2,458,uf-XFC0BfKg,https://www.youtube.com/watch?v=uf-XFC0BfKg,The robot appears to be smiling and waving its arms up. | The robot sits silent. It then appears to throw it hands in the air in frustration.,0.0,0.0,0.0,0.0,0.5,0.0,0.0,0.5,0.0,0.0,0.0,0.0,0.0,0.0,0.0,0.0
anim_freeplay_reacttoface_identified_01_head_angle_40,2,369,o4-BzbvJXws,https://www.youtube.com/watch?v=o4-BzbvJXws,"It looks up, squints, waves its arms happily and chirps. | looks up and waves arms",0.5,0.0,0.0,1.0,0.0,0.0,0.0,1.0,0.0,0.0,0.0,0.5,0.0,0.0,0.0,0.0
anim_freeplay_reacttoface_identified_02,2,455,F_ipANcMy2Y,https://www.youtube.com/watch?v=F_ipANcMy2Y,"The robot shakes it head as if to respond yes. | The robot was paying attention to something else. When it saw me, it showed gratitude for whatever I was doing.",0.5,0.0,0.0,0.5,0.0,0.0,0.0,0.0,0.0,0.5,0.0,0.0,0.0,0.0,0.0,0.5
anim_freeplay_reacttoface_identified_02_head_angle_-20,2,368,o9DqnoMHTnA,https://www.youtube.com/watch?v=o9DqnoMHTnA,"It wakes up and nods quickly to go back to sleep. | looks up, nods with head and closes eyes",0.5,0.0,0.0,1.0,0.0,0.0,0.0,0.5,0.0,0.0,0.0,0.0,0.0,0.0,0.0,0.0
anim_freeplay_reacttoface_identified_02_head_angle_20,2,456,YRUsC5Y8nwg,https://www.youtube.com/watch?v=YRUsC5Y8nwg,"The robot appears to be looking up and down several times. | The robot appears to be doing nothing. Just when you think it's not going to do anything, it appears to laugh and experience joy.",1.0,0.0,0.0,0.0,0.0,0.0,0.0,0.5,0.0,0.0,0.0,0.0,0.0,0.0,0.0,0.0
anim_freeplay_reacttoface_identified_02_head_angle_40,2,367,6NiJlyLtuLY,https://www.youtube.com/watch?v=6NiJlyLtuLY,It looks up with a chirp. | nods slightly and squints,0.5,0.0,0.0,1.0,0.0,0.0,0.0,0.5,0.0,0.0,0.0,0.5,0.0,0.0,0.0,0.0
anim_freeplay_reacttoface_identified_03_head_angle_-20,2,366,ZAI0IVJvE8U,https://www.youtube.com/watch?v=ZAI0IVJvE8U,It looks down and lowers its arms with a noise. | looks down and moves arms toward floor,1.0,0.5,0.0,0.5,0.0,0.0,0.0,0.0,0.0,0.0,0.0,0.0,0.0,0.0,0.0,0.0
anim_freeplay_reacttoface_identified_03_head_angle_20,2,454,66H7fWn1TTM,https://www.youtube.com/watch?v=66H7fWn1TTM,The robot looks up as if it is responding to someone speaking to it. | The robot appeared to be in deep thought. It showed interest as it looked up.,1.0,0.0,0.0,0.0,0.0,0.0,0.0,0.0,0.0,0.0,0.0,0.0,0.0,0.0,0.0,0.0
anim_freeplay_reacttoface_identified_03_head_angle_40,2,365,5tg4OFo7KOk,https://www.youtube.com/watch?v=5tg4OFo7KOk,"It looks up, makes a noise, slightly backs up and then forward. | looks up, moves back then forward",1.0,0.0,0.0,1.0,0.0,0.0,0.0,0.0,0.0,0.0,0.0,0.0,0.0,0.0,0.0,0.0
anim_freeplay_reacttoface_like_01,2,453,lTycrNBqj0Q,https://www.youtube.com/watch?v=lTycrNBqj0Q,The robot seems startled as it widens its eyes and backs away. | The robot appeared somber at first. It then feinted surprise. It indicated alarm by hitting the ground in front of it several times.,0.0,0.5,0.5,0.0,0.0,0.0,0.0,0.0,0.0,0.0,0.5,0.0,0.0,1.0,0.0,0.0
anim_freeplay_reacttoface_longname_01,2,364,AvHGOtbeBoQ,https://www.youtube.com/watch?v=AvHGOtbeBoQ,"It squints, moves forward while making a noise. | squints, moves forward slightly",0.0,0.0,0.0,1.0,0.0,0.0,0.0,1.0,0.0,0.0,0.0,0.5,0.0,0.0,0.0,0.0
anim_freeplay_reacttoface_sayname_01_head_angle_-20,2,452,8sLf5a31Rqc,https://www.youtube.com/watch?v=8sLf5a31Rqc,It movies it arms up and down rapidly while making a noise and moving slightly forward. | the robot work to head lift up and down,0.0,0.0,0.0,0.5,0.0,0.0,0.0,0.5,0.0,0.5,0.0,0.0,0.0,0.5,0.0,0.0
anim_freeplay_reacttoface_sayname_01_head_angle_20,2,363,51vUPFsdGKk,https://www.youtube.com/watch?v=51vUPFsdGKk,"It squints, moves its arms and head, making a noise. | squints, hits the floor with arms joyfully",0.0,0.0,0.0,0.5,0.0,0.0,0.0,1.0,0.0,0.5,0.0,0.0,0.0,0.0,0.0,0.5
anim_freeplay_reacttoface_sayname_01_head_angle_40,2,451,zfmtNT084_I,https://www.youtube.com/watch?v=zfmtNT084_I,"It looks up, slams its arms up and down quickly while making a noise and moving slightly forward. | the robot work to sea a bottom and eye blink",0.0,0.0,0.0,0.5,0.0,0.0,0.0,0.5,0.0,0.5,0.0,0.5,0.0,0.0,0.0,0.0
anim_freeplay_reacttoface_sayname_02,2,449,xuw5O-nlmHg,https://www.youtube.com/watch?v=xuw5O-nlmHg,"It moves back then forward, slamming it arms and nodding with a sound. | the robot work to eye blink and move",0.5,0.0,0.0,0.5,0.0,0.0,0.0,0.5,0.5,0.0,0.0,0.0,0.0,0.0,0.0,0.0
anim_freeplay_reacttoface_sayname_02_head_angle_-20,2,362,yydeW50jBPs,https://www.youtube.com/watch?v=yydeW50jBPs,"It moves back then forward, slamming its arms and making a sound. | lunges forward with its arms happily",0.0,0.0,0.0,0.5,0.0,0.0,0.0,1.0,0.0,1.0,0.0,0.0,0.0,0.0,0.0,0.0
anim_freeplay_reacttoface_sayname_02_head_angle_20,2,450,YWVAnSuu2fw,https://www.youtube.com/watch?v=YWVAnSuu2fw,"It squints, moves back then forward, making a sound and small gesture with its hands. | the robot work to eye blinking up and down",0.0,0.0,0.0,0.5,0.0,0.0,0.0,0.0,0.5,0.5,0.0,0.0,0.0,0.0,0.0,0.0
anim_freeplay_reacttoface_sayname_02_head_angle_40,1,361,-sLpJU72Ro8,https://www.youtube.com/watch?v=-sLpJU72Ro8,The little robot jumped back like as if he is scared or surprised,0.0,0.0,0.0,0.0,0.0,0.0,0.0,0.0,0.0,0.0,0.0,0.0,0.0,1.0,0.0,0.0
anim_freeplay_reacttoface_sayname_03_head_angle_-20,1,360,9IwTonbqvE8,https://www.youtube.com/watch?v=9IwTonbqvE8,The little robot threw his hands up and shook like he was laughing.,0.0,0.0,0.0,0.0,0.0,0.0,0.0,1.0,0.0,0.0,0.0,0.0,0.0,0.0,0.0,0.0
anim_freeplay_reacttoface_sayname_03_head_angle_20,2,448,J8wzd3XpeAY,https://www.youtube.com/watch?v=J8wzd3XpeAY,It moves its arms up and down excitedly while squinting happily. | the robot work to shake and blink,0.0,0.0,0.0,0.5,0.0,0.0,0.0,1.0,0.0,0.0,0.0,0.0,0.0,0.0,0.0,0.5
anim_freeplay_reacttoface_sayname_03_head_angle_40,2,359,j3V6EKFOx6w,https://www.youtube.com/watch?v=j3V6EKFOx6w,Robot laughs. | The little robot threw his hands up like as to say thanks or seemed to be cheering.,0.5,0.5,0.0,0.5,0.0,0.0,0.0,0.5,0.0,1.0,0.0,0.0,0.0,0.5,0.0,0.0
anim_freeplay_reacttoface_wiggle_01,2,447,gBUkLFE-0yY,https://www.youtube.com/watch?v=gBUkLFE-0yY,It slams its arms and moves back and forth quickly. | the robot work to move and eye blink,0.0,0.0,0.0,0.0,0.0,0.0,0.0,0.0,0.0,0.5,0.5,0.0,0.0,0.0,0.0,0.0
anim_gamesetup_getin_01_head_angle_-20,2,358,EGs3g-moCWM,https://www.youtube.com/watch?v=EGs3g-moCWM,Robot flops down. | the little robot threw his hand down quickly like he is angry or mad.,0.0,0.0,0.0,0.0,0.5,0.0,0.0,0.0,0.0,0.0,0.0,0.0,0.5,0.0,0.0,0.0
anim_gamesetup_getin_01_head_angle_20,2,446,8KCCAhwyJVw,https://www.youtube.com/watch?v=8KCCAhwyJVw,It moves its arms and head up and down quickly for a brief second. | the robot work to eye blink up and down,0.0,0.5,0.0,0.0,0.5,0.0,0.0,0.0,0.0,0.0,0.0,0.0,0.0,0.0,0.0,0.0
anim_gamesetup_getin_01_head_angle_40,2,357,08XVwN0b6zQ,https://www.youtube.com/watch?v=08XVwN0b6zQ,Robot slams arms down | The little robot quickly moved his head down as if frustrated.,0.0,0.5,0.0,0.5,1.0,0.0,0.0,0.0,0.5,0.0,0.0,0.5,0.0,0.0,0.0,0.0
anim_gamesetup_getout_01,1,445,-AkjwI4C2Ck,https://www.youtube.com/watch?v=-AkjwI4C2Ck,the robot work to eye blinking and move,0.0,0.0,0.0,0.0,0.0,0.0,0.0,0.0,1.0,0.0,0.0,0.0,0.0,0.0,0.0,0.0
anim_gamesetup_idle_01,2,356,v6ZQ8zAnD-I,https://www.youtube.com/watch?v=v6ZQ8zAnD-I,Robot notices insect. | The robot seemed to look like he felt relief.,0.5,0.5,0.5,0.0,0.0,0.5,0.0,0.0,0.0,0.0,0.0,0.0,0.5,0.5,0.0,0.5
anim_gamesetup_idle_02,2,444,kbTIRn4krz0,https://www.youtube.com/watch?v=kbTIRn4krz0,"It wakes up and looks around, only to close its eyes soon after. | THE ROBOT work to move the eye up, down",0.0,0.0,0.5,0.0,0.0,0.0,0.0,0.0,0.0,0.0,0.0,0.0,0.5,0.0,0.0,0.0
anim_gamesetup_idle_03,2,355,ccvGG64bWaI,https://www.youtube.com/watch?v=ccvGG64bWaI,Robot is bored. | The little robot nodded his head downwards.,0.0,0.0,0.0,0.0,0.0,0.0,0.5,0.0,0.0,0.0,0.0,0.0,0.5,0.0,0.0,0.0
anim_gamesetup_reaction_01,2,443,LkkM6wLpTs8,https://www.youtube.com/watch?v=LkkM6wLpTs8,It looks down and makes an interesting sound. | We Feel About Robots That Feel,0.5,0.0,0.5,0.0,0.0,0.0,0.0,0.0,0.0,0.0,0.0,0.0,0.0,0.0,0.0,0.0
anim_gif_gleeserious_01,1,354,6mvOK5fjLgU,https://www.youtube.com/watch?v=6mvOK5fjLgU,The little robot seemed to be excited,0.0,0.0,0.0,0.0,0.0,0.0,0.0,0.0,0.0,0.0,0.0,0.0,0.0,1.0,0.0,0.0
anim_gif_idk_01,2,442,mpjYe2M4ueA,https://www.youtube.com/watch?v=mpjYe2M4ueA,A curious risen frontispiece. | good,0.5,0.5,0.5,0.5,0.0,0.0,0.0,0.0,0.0,0.0,0.5,1.0,0.0,0.0,0.5,0.0
anim_gif_no_01,2,353,ca-OtNHbJS0,https://www.youtube.com/watch?v=ca-OtNHbJS0,Robot shakes its head. | He opened his eyes and then he made a little dance.,0.0,0.0,0.5,0.0,0.5,0.0,0.0,0.5,0.5,0.0,0.0,0.0,0.0,0.5,0.0,0.0
anim_gotosleep_getin_01,1,441,vSr_WlvS56A,https://www.youtube.com/watch?v=vSr_WlvS56A,A long held glissando sound that could be reminiscent of a range of emotions.,0.0,0.0,0.0,0.0,0.0,1.0,1.0,0.0,0.0,0.0,0.0,0.0,0.0,0.0,0.0,0.0
anim_gotosleep_getout_01,2,352,o8cxIMoQCX4,https://www.youtube.com/watch?v=o8cxIMoQCX4,Robot furrows brow. | He blinked a few times and went backwards.,0.0,0.5,0.5,0.0,0.5,0.0,0.5,0.0,0.5,0.0,0.0,0.0,0.0,0.0,0.5,0.0
anim_gotosleep_getout_02,2,440,TMy_r6szMkM,https://www.youtube.com/watch?v=TMy_r6szMkM,A backwards march. | good robot,0.5,0.5,0.0,0.0,0.0,0.5,0.5,0.0,0.0,0.5,0.5,0.0,0.0,0.5,0.5,0.0
anim_gotosleep_getout_03,2,351,yAjl_jtlVFQ,https://www.youtube.com/watch?v=yAjl_jtlVFQ,"It closes its eyes, looks down, moves forward slightly and makes a faint, tired sound. | The robot is staring straight ahead, and then drops its head in despair and sighs and then scoots back and rushes forward as if intrigued by something.",0.5,0.0,0.0,0.0,0.0,0.0,0.5,0.0,0.0,0.0,0.0,0.0,0.5,0.0,0.0,0.0
anim_gotosleep_getout_04,2,439,4Q7KenRE4gU,https://www.youtube.com/watch?v=4Q7KenRE4gU,Fast paced movements within a small span. | this robot very useful and easy understing.,0.0,0.5,0.5,0.0,0.0,0.5,0.5,0.0,0.0,0.5,0.5,0.0,0.0,1.0,0.5,0.0
anim_gotosleep_off_01,2,350,AkFnaQdLns4,https://www.youtube.com/watch?v=AkFnaQdLns4,"It closes its eyes, yawns, looks down and then opens its eyes. | The robot is staring straight ahead, and then shuts down with its head down and eyes closed and then just looks downward.",0.0,0.0,0.0,0.0,0.0,0.0,0.5,0.0,0.0,0.0,0.0,0.0,0.5,0.0,0.0,0.0
anim_gotosleep_sleeping_01,1,438,ActrkIQTzU8,https://www.youtube.com/watch?v=ActrkIQTzU8,A tired kind of expression into silence.,0.0,0.0,0.0,0.0,0.0,1.0,0.0,0.0,0.0,0.0,0.0,0.0,1.0,0.0,0.0,0.0
anim_gotosleep_sleeploop_01,2,349,ExFaUCVkMlc,https://www.youtube.com/watch?v=ExFaUCVkMlc,"It closes its eyes, then lowers its head and makes a snoring sound. | The robot opens its eyes, but then closes them again and looks down in sadness.",0.0,0.0,0.0,0.0,0.0,0.0,0.5,0.0,0.0,0.0,0.0,0.0,0.5,0.0,0.0,0.0
anim_greeting_happy_01,2,437,lk01FxAYMak,https://www.youtube.com/watch?v=lk01FxAYMak,A pirouette and staccato sound. | this robot was easy to understanding.,0.0,0.0,0.5,0.5,0.0,0.5,0.0,0.5,0.0,0.5,0.0,0.0,0.0,0.5,0.0,0.0
anim_greeting_happy_02,2,348,1r5cBf3Q1TQ,https://www.youtube.com/watch?v=1r5cBf3Q1TQ,"It wakes up, squinting and slowly raises its arms up high and then slowly lowers them. | The robot looks sad and raises its arms slowly and then drops them down in defeat and then looks away in sorrow.",0.0,0.0,0.0,0.0,0.5,0.0,1.0,0.0,0.0,0.0,0.0,0.0,0.0,0.0,0.0,0.0
anim_greeting_happy_03,2,346,Qz4Kerx1qeE,https://www.youtube.com/watch?v=Qz4Kerx1qeE,"It looks around, waves its arms around quickly, making sounds and jiggling back and forth towards the camera. | The robot jumps back in surprise, and then raises its arm up and down slamming it in frustration and anger and then looks to the side avoiding eye contact.",0.0,0.5,0.0,0.0,0.5,0.0,0.0,0.0,0.5,0.0,0.0,0.5,0.0,0.5,0.5,0.5
anim_greeting_happy_03_head_angle_-20,2,436,Boo_cuHW19s,https://www.youtube.com/watch?v=Boo_cuHW19s,Nodding and long held notes. | advance technology robot,0.0,0.0,0.5,0.5,0.0,0.5,0.0,0.0,0.0,0.0,0.5,0.0,0.0,0.5,0.5,0.0
anim_greeting_happy_03_head_angle_20,2,347,BcTx_6Xhogs,https://www.youtube.com/watch?v=BcTx_6Xhogs,"It wakes up, slams its arms around and looks right, making a sound. | The robot has its eyes closed, and then jumps up in surprise and slams its arms down in disagreement and then nods and then looks away to think.",0.0,0.5,1.0,0.5,0.5,0.0,0.0,0.0,0.5,0.0,0.0,0.0,0.0,0.5,0.0,0.0
anim_greeting_happy_03_head_angle_40,2,435,1K0QleF5OKU,https://www.youtube.com/watch?v=1K0QleF5OKU,A manic up and down movement of its appendage. | this is very interesting robot sometime fearing.,0.5,1.0,0.0,0.0,0.5,0.5,0.0,0.0,0.5,0.0,1.0,0.0,0.0,0.5,1.0,0.0
anim_guarddog_cubedisconnect_01,2,434,q98lOZ4zRpU,https://www.youtube.com/watch?v=q98lOZ4zRpU,"A kind of excited nod and a short, sharp sound. | this is very interest",1.0,0.5,0.5,0.0,0.0,0.5,0.0,0.0,0.0,0.0,0.5,0.0,0.0,0.5,0.0,0.0
anim_guarddog_fakeout_01,2,345,tyO0giJPbXk,https://www.youtube.com/watch?v=tyO0giJPbXk,"It looks down, moves backwards quickly and makes a sighing sound. | The robot puts its head down in sadness and nods its head in agreement and then gets sad again.",0.0,0.5,0.0,0.0,0.5,0.0,0.5,0.0,0.0,0.0,0.0,0.0,0.0,0.5,0.0,0.0
anim_guarddog_fakeout_02,2,433,oRhNarVjFfg,https://www.youtube.com/watch?v=oRhNarVjFfg,A nodding motion with a kind downward sliding sound. | very advance technoloy.,0.5,0.0,0.0,0.0,1.0,0.0,0.5,0.0,0.0,0.5,0.0,0.0,0.0,0.5,0.0,0.0
anim_guarddog_fakeout_03,2,344,Q9AkwhyplAw,https://www.youtube.com/watch?v=Q9AkwhyplAw,"It moves forward quickly, makes a sound and waves its arms around quickly. | The robot raises its arms and raises its head like it's trying to make a point and then gets droopy eyed.",0.0,0.0,0.0,0.0,0.0,0.0,0.5,0.0,0.0,0.0,0.5,0.0,0.0,0.5,0.0,0.5
anim_guarddog_getout_busted_01,2,432,MD3Xrdk-Kzc,https://www.youtube.com/watch?v=MD3Xrdk-Kzc,"The robot gestures about and moves around erratically, all the while exclaiming to itself. | It is looking like a fast movement with fight with others. very vigrously fight with others.",0.0,0.5,0.0,0.0,0.5,0.0,0.0,0.0,1.0,0.0,0.0,0.0,0.0,0.0,0.5,0.0
anim_guarddog_getout_playersucess_01,2,343,qwwi7NYYr2g,https://www.youtube.com/watch?v=qwwi7NYYr2g,"It looks around, slams its arms and becomes startled, looking left to right frantically. | The robot jumps in surprise and looks around surveying and then realizes there's nothing happening and shrugs it off.",0.5,0.5,0.0,0.0,0.0,0.0,0.0,0.0,0.0,0.0,1.0,0.0,0.0,1.0,0.0,0.0
anim_guarddog_getout_timeout_01,2,431,ByTYLNdyXlc,https://www.youtube.com/watch?v=ByTYLNdyXlc,The robot mumbles to itself and then backs up slightly while still gushing to itself. | This robot's fear about some thing .,0.0,0.0,0.0,0.5,0.0,0.5,0.0,0.0,0.0,0.5,0.5,0.0,0.0,0.0,0.5,0.0
anim_guarddog_getout_timeout_02,2,342,d7o13sMTDwM,https://www.youtube.com/watch?v=d7o13sMTDwM,"It looks down dejectedly, moving its arms slightly and sighing. | The robot makes a frowny face and then makes whining noises.",0.0,0.0,0.5,0.0,0.0,0.0,1.0,0.0,0.0,0.0,0.0,0.0,0.0,0.0,0.0,0.5
anim_guarddog_getout_touched_01,1,430,UhVGsXQHQis,https://www.youtube.com/watch?v=UhVGsXQHQis,The robot titters to itself and slightly moves around.,0.0,0.0,1.0,0.0,1.0,0.0,0.0,0.0,1.0,0.0,0.0,0.0,0.0,0.0,0.0,0.0
anim_guarddog_getout_untouched_01,2,341,aqloP-uH6a4,https://www.youtube.com/watch?v=aqloP-uH6a4,It looks happily at the camera and then back down. | Seems to be inspecting something and displays interest on its screen.,0.5,0.0,0.0,0.0,0.0,0.0,0.0,0.5,0.0,0.0,0.0,0.0,0.0,0.0,0.0,0.0
anim_guarddog_getout_untouched_02,1,429,0sK27S2SAm8,https://www.youtube.com/watch?v=0sK27S2SAm8,The robot gives a laughing sound and shakes itself in mirth.,0.0,0.0,0.0,0.0,0.0,1.0,0.0,1.0,0.0,0.0,0.0,0.0,0.0,0.0,0.0,0.0
anim_guarddog_interruption_01,2,340,SJCkiqaoSpY,https://www.youtube.com/watch?v=SJCkiqaoSpY,"It wakes up grumpily, makes angry noises, slams its arms around and then goes back to sleep. | Seems angry and is beating its arm up and down.",0.0,0.0,0.0,0.0,0.5,0.0,0.0,0.0,1.0,0.0,0.0,0.0,0.0,0.5,0.0,0.0
anim_guarddog_pulse_01,1,428,flXQrGjrIPY,https://www.youtube.com/watch?v=flXQrGjrIPY,The robot makes a sharp jump.,0.0,1.0,1.0,0.0,0.0,0.0,0.0,0.0,0.0,0.0,0.0,0.0,0.0,1.0,0.0,0.0
anim_guarddog_settle_01,2,339,EYcQiRD1ZUo,https://www.youtube.com/watch?v=EYcQiRD1ZUo,"It moves backwards, closes its eyes slightly, making faint arm movements and a series of tired noises. | Seems to be trying to figure something out and then is frustrated by its failed effort.",0.0,0.0,0.5,0.0,0.5,0.0,0.5,0.0,0.0,0.0,0.0,0.0,0.5,0.0,0.0,0.0
anim_guarddog_sleeploop_01,2,427,wcojA8LFvAI,https://www.youtube.com/watch?v=wcojA8LFvAI,The robot lowers its eyes and coos to itself. | It is very frustrated and its behave like a lazy.,0.0,0.0,0.5,0.0,0.5,0.0,1.0,0.0,0.0,0.0,0.5,0.0,0.0,0.0,0.5,0.0
anim_guarddog_sleeploop_02,2,338,1i0Gb-4KoCw,https://www.youtube.com/watch?v=1i0Gb-4KoCw,"It closes its eyes and looks tired, making snoring noises. | Seems depressed. Just sits still looking downward gloomily.",0.0,0.0,0.0,0.0,0.0,0.0,0.5,0.0,0.0,0.0,0.0,0.0,1.0,0.0,0.0,0.0
anim_hiccup_01,2,426,AWqJeALGKI8,https://www.youtube.com/watch?v=AWqJeALGKI8,"The robot seems to ""smack"" something away. | This robot's is very actively and feel enjoyful",0.5,0.5,0.0,0.0,0.0,0.0,0.0,0.5,0.0,0.5,0.5,0.0,0.0,0.5,0.0,0.5
anim_hiccup_02,2,337,X7k9du8UR1I,https://www.youtube.com/watch?v=X7k9du8UR1I,It is startled and its eyes turn small to large making a sound and slight arm movement. | Seems to be surprised by something or taken aback.,0.0,0.5,0.5,0.0,0.0,0.0,0.0,0.0,0.0,0.0,0.0,0.0,0.0,0.5,0.0,0.0
anim_hiccup_faceplant_01,2,425,KOLqoKW05ds,https://www.youtube.com/watch?v=KOLqoKW05ds,"The robot looks something up and down, lowers its eyes, and then raises its arms sharply. | The robot's crying",0.0,0.0,0.5,0.0,0.5,0.0,0.5,0.0,0.5,0.0,0.5,0.0,0.0,0.5,0.5,0.0
anim_hiccup_faceplant_02,2,336,q7gzV5O5XQQ,https://www.youtube.com/watch?v=q7gzV5O5XQQ,"It looks down then up, slams its arms, and laughs. | Looks either sad or fearful and raises its arms to hide its display.",0.0,0.5,0.0,0.0,0.0,0.0,0.5,0.5,0.0,0.5,0.5,0.0,0.0,0.0,0.0,0.0
anim_hiccup_getin,2,424,zNjaSGOYmqg,https://www.youtube.com/watch?v=zNjaSGOYmqg,"The robot sees something, then jumps back and seems to shake itself off. | The robot moving in one time with sound like insects.",0.0,0.5,0.0,0.5,0.0,0.5,0.0,0.5,0.0,0.0,0.5,0.5,0.0,0.0,0.0,0.0
anim_hiccup_playercure_getout,2,335,Hm6Mu3XHBAM,https://www.youtube.com/watch?v=Hm6Mu3XHBAM,"It looks around, making small to large eyes and happily chirps, moving forward with slight arm movement. | Looks up and down and seems to display a joyous look accompanied with happy chirping sounds.",0.0,0.0,0.0,0.0,0.0,0.0,0.0,1.0,0.0,0.5,0.0,0.0,0.0,0.5,0.0,0.0
anim_hiccup_playercure_pickupreact,2,423,CfMVUVXXJus,https://www.youtube.com/watch?v=CfMVUVXXJus,"The robot sees something, then takes a step back and closes its eyes. | The robot move in two times with the sound like child.",1.0,0.0,0.5,0.0,0.0,0.0,0.0,0.5,0.0,0.5,0.0,0.0,0.0,0.5,0.0,0.5
anim_hiccup_selfcure_getout,2,334,NXalZQ0fnrY,https://www.youtube.com/watch?v=NXalZQ0fnrY,It bops its head and looks up and then down dejectedly with puppy dog eyes. | Seems to shudder forward and back and displays a sad look on its screen.,0.0,0.0,0.5,0.0,0.0,0.0,1.0,0.0,0.0,0.0,1.0,0.0,0.0,0.0,0.0,0.0
anim_hiccup_turtleroll_01,2,422,T9f1mkR_X5s,https://www.youtube.com/watch?v=T9f1mkR_X5s,"It looks around, nods, then backs up quickly, with its eyes becoming extremely tiny. | As robots become smart enough to detect our feelings to back move the robot",0.0,0.5,0.0,0.0,0.0,0.0,0.5,0.0,0.0,0.0,0.0,0.5,0.0,0.5,0.0,0.0
anim_hiccup_withreaction_01,2,333,bWygpLmyHSc,https://www.youtube.com/watch?v=bWygpLmyHSc,"It moves backwards, wobbles its eyes while making a distorted sound. | Backs up slightly and displays a surprised look on its screen.",0.0,0.0,0.5,0.0,0.5,0.0,0.0,0.0,0.0,0.0,0.0,0.0,0.0,0.5,0.0,0.0
anim_hiking_driving_end_01,2,421,GAbovVS7gNQ,https://www.youtube.com/watch?v=GAbovVS7gNQ,It wakes up for a moment and then goes back to sleep. | Emotional robot lets you feel how it's 'feeling',0.0,0.0,0.5,0.0,0.0,0.0,0.0,0.0,0.0,0.0,0.0,0.5,0.5,0.0,0.0,0.0
anim_hiking_driving_end_02,2,332,kyWzbP_rwdY,https://www.youtube.com/watch?v=kyWzbP_rwdY,It looks down slightly and moves its arms faintly. | Just looks down and kind of puts its arm downward.,0.0,0.0,0.0,0.5,0.0,0.0,0.0,0.0,0.0,0.0,0.0,0.5,0.5,0.0,0.0,0.0
anim_hiking_driving_loop_01,2,420,wU_VdfJBc-8,https://www.youtube.com/watch?v=wU_VdfJBc-8,It looks around making some singing sound. | Should we build robots that feel human emotions,0.0,0.0,0.0,0.0,0.0,0.0,0.0,0.0,0.0,0.0,0.0,0.5,0.5,0.0,0.0,0.5
anim_hiking_driving_loop_02,2,331,sEphZtupEJM,https://www.youtube.com/watch?v=sEphZtupEJM,It looks around with it eyes towards the camera and then quickly averts its gaze to the ground. | robot's is around the eye in left and right,0.0,0.0,0.0,0.0,0.0,0.0,0.5,0.0,0.0,0.0,0.5,0.0,0.0,0.0,0.0,0.0
anim_hiking_driving_loop_03,2,419,IORPb2eY6Sg,https://www.youtube.com/watch?v=IORPb2eY6Sg,It looks down and around. | see the robot up the movement,0.0,0.0,0.5,0.0,0.0,0.0,0.0,0.0,0.0,0.0,0.5,0.0,0.5,0.0,0.0,0.0
anim_hiking_driving_loop_04,2,330,E6O5OfyfWPg,https://www.youtube.com/watch?v=E6O5OfyfWPg,It tilts is head up and down. | robots is look up and down and slow of eye,0.0,0.0,0.5,0.0,0.0,0.0,0.0,0.0,0.0,0.0,0.0,0.0,0.5,0.0,0.5,0.0
anim_hiking_driving_loop_05,2,418,QlBpOBo5sQg,https://www.youtube.com/watch?v=QlBpOBo5sQg,"It looks around and squints, making a ""Wow"", sound. | the robot see up and down eye rotating the movement",1.0,0.0,0.0,0.5,0.0,0.0,0.0,0.0,0.0,0.0,0.5,0.0,0.0,0.0,0.0,0.0
anim_hiking_driving_loop_06,2,329,4LTxJTzj2yc,https://www.youtube.com/watch?v=4LTxJTzj2yc,"It looks down, then back up while making a higher pitched sound, squinting its eyes. | robot's is look in slow and off eye open the fear",0.0,0.0,0.0,0.0,0.0,0.0,0.0,0.5,0.0,0.5,0.5,0.0,0.0,0.0,0.0,0.0
anim_hiking_driving_start_01,2,417,O7rwgShvKSM,https://www.youtube.com/watch?v=O7rwgShvKSM,It looks down and its eyes blink rapidly. | the robot feel up and down eye,0.0,0.0,0.5,0.0,0.0,0.0,0.0,0.0,0.0,0.5,0.0,0.0,0.0,0.0,0.0,0.5
anim_hiking_driving_start_02,2,328,I2_rFLiGSFM,https://www.youtube.com/watch?v=I2_rFLiGSFM,It looks down slightly and makes a sound. | robot's is slow look up and down,0.0,0.0,0.5,0.0,0.0,0.0,0.0,0.0,0.0,0.0,0.0,0.0,0.5,0.0,0.0,0.0
anim_hiking_driving_start_03,2,416,hJWUa5DVZIA,https://www.youtube.com/watch?v=hJWUa5DVZIA,It looks down and then up making a slight sighing noise. | the robot slowly the movement,0.0,0.5,0.0,0.0,0.0,0.5,0.0,0.0,0.0,0.0,0.5,0.5,0.0,0.0,0.0,0.0
anim_hiking_driving_start_04,2,327,c-eU-gq-qNQ,https://www.youtube.com/watch?v=c-eU-gq-qNQ,"It wakes up, opens its eyes for a second and then goes back to sleep. | robot's is close look and gratitude",0.5,0.0,0.0,0.5,0.0,0.0,0.0,0.0,0.0,0.5,0.0,0.0,0.0,0.0,0.0,0.0
anim_hiking_edgesquintgetin_01,2,415,eFBZUsKVjYo,https://www.youtube.com/watch?v=eFBZUsKVjYo,It closes and opens its eyes with a sigh of relief. | the robot slowly eye rotation,0.0,0.0,0.0,0.0,0.0,1.0,0.0,0.0,0.0,0.0,0.0,0.0,0.0,0.0,0.0,0.5
anim_hiking_edgesquintgetout_01,2,326,f9dByptvp40,https://www.youtube.com/watch?v=f9dByptvp40,"It makes a noise and blinks, while looking at the camera. | robot's is surprise the look",0.5,0.0,0.0,0.0,0.0,0.0,0.0,0.0,0.0,0.0,0.0,0.0,0.0,0.5,0.0,0.0
anim_hiking_edgesquintloop_01,2,414,Nxr666RqJNs,https://www.youtube.com/watch?v=Nxr666RqJNs,It squints. | the robot eye shake,0.0,0.0,0.0,0.0,0.0,0.0,0.0,0.5,0.0,0.0,0.0,0.0,0.0,0.5,0.5,0.0
anim_hiking_getin_01,2,325,2YN7_0n9NCI,https://www.youtube.com/watch?v=2YN7_0n9NCI,It wakes up quickly and makes a small noise. | robot's eye is blink,0.0,0.0,0.0,0.0,0.0,0.0,0.0,0.0,0.0,0.0,0.5,0.0,0.0,0.5,0.0,0.0
anim_hiking_getin_02,2,413,6X_yknmLhIY,https://www.youtube.com/watch?v=6X_yknmLhIY,"It wakes up startled, moving its arms and makes a noise. | the robot in shake the movement",0.0,0.5,0.0,0.0,0.0,0.0,0.0,0.0,0.0,0.0,0.0,0.5,0.0,0.5,0.0,0.0
anim_hiking_getin_03,2,324,MiJL4TYPqpk,https://www.youtube.com/watch?v=MiJL4TYPqpk,It is startled and backs up quickly. | robot's is look at front and back,0.5,0.5,0.0,0.0,0.0,0.0,0.0,0.0,0.0,0.0,0.0,0.0,0.0,0.5,0.0,0.0
anim_hiking_lookaround_01,2,412,MaQ0nDQp2xY,https://www.youtube.com/watch?v=MaQ0nDQp2xY,It wakes up with a sounds to look around. | He moved its head and body a little bit.,0.5,0.5,0.5,0.0,0.0,0.0,0.0,0.0,0.0,0.0,0.0,0.0,0.0,0.0,0.0,0.0
anim_hiking_lookaround_02,2,323,ZBmUEPbqEPc,https://www.youtube.com/watch?v=ZBmUEPbqEPc,"It looks down, backs up, its eyes enlarge and it raises and lowers its arms while making a sound. | robot's look at down and two step back",0.0,0.5,0.5,0.5,0.0,0.0,0.0,0.0,0.0,0.0,0.0,0.0,0.0,0.0,0.0,0.0
anim_hiking_lookaround_03,2,411,ksON5PE3AXA,https://www.youtube.com/watch?v=ksON5PE3AXA,"It looks down and around making a snarky sound. | He moved its head down, and moved a little bit",0.5,0.0,0.0,0.0,0.0,0.0,0.0,0.0,0.0,0.0,0.0,0.0,0.0,0.0,0.5,0.0
anim_hiking_observe_01,2,322,7f90_WPT0lE,https://www.youtube.com/watch?v=7f90_WPT0lE,"It looks down then to the left, making a sound and raising its arms up and then to the floor, looking back down. | robot's is look at the up and down",0.5,0.0,0.5,0.0,0.0,0.0,0.0,0.0,0.0,0.0,0.0,0.0,0.0,0.0,0.0,0.5
anim_hiking_react_01,2,410,s1zIWqfbchw,https://www.youtube.com/watch?v=s1zIWqfbchw,"It wakes up with a startled noise. | He moved its head, and backed up a little bit",0.0,0.0,0.0,0.0,0.0,0.0,0.0,0.0,0.0,0.0,0.0,0.0,0.0,1.0,0.0,0.0
anim_hiking_react_02,2,321,81OGq6PCh1Q,https://www.youtube.com/watch?v=81OGq6PCh1Q,The robot looks down and away from the camera. and then proceeds to look back to the camera. | it puts its head down and said something,0.0,0.0,0.0,0.5,0.0,0.5,0.5,0.0,0.0,0.0,0.5,0.5,0.0,0.0,0.5,0.0
anim_hiking_react_03,2,409,gUlF0R1iwmk,https://www.youtube.com/watch?v=gUlF0R1iwmk,It looks around and moves its arms slightly. | He moved its head up a little bit,0.0,0.0,0.0,0.0,0.0,0.0,0.0,0.0,0.0,0.0,0.0,0.0,1.0,0.0,0.0,0.0
anim_hiking_react_04,2,320,FsbwumYSeBs,https://www.youtube.com/watch?v=FsbwumYSeBs,"The robot seems to not do anything and simply changes its focus to a different object, like he is disinterested. | it said something standing on the same place without much dislocation.",0.0,0.0,0.5,0.0,0.5,0.0,0.0,0.0,0.0,0.0,0.0,0.0,0.5,0.0,0.5,0.0
anim_hiking_react_05,2,408,DQI43SYIWHc,https://www.youtube.com/watch?v=DQI43SYIWHc,"It looks down, squints, moves its arms slightly while making a low pitched sound. | He moved its head down and moved it a little bit",0.0,0.0,0.0,0.0,0.0,0.0,0.0,0.0,0.0,0.0,0.0,0.0,0.5,0.0,0.5,0.0
anim_hiking_rtnewarea_01,2,319,jOjXSebS0L4,https://www.youtube.com/watch?v=jOjXSebS0L4,"The robot looks at the camera and moves towards it in interest, but gets angry and bangs its arms against the floor. | it comes closer with pleasant voice",1.0,0.0,0.0,0.0,0.0,0.5,0.0,0.5,0.5,0.0,0.0,0.5,0.0,0.5,0.0,0.0
anim_hiking_rtnewarea_02,2,407,KdNxE65bEi4,https://www.youtube.com/watch?v=KdNxE65bEi4,"It waves its arms and nods while making a happy sound and squinting quickly. | He slammed its arms down, and moved his head a little bit",0.0,0.0,0.0,0.5,0.5,0.0,0.0,0.5,0.0,0.0,0.0,0.0,0.0,0.0,0.0,0.0
anim_hiking_rtnewarea_03,2,318,o9Ns5DVynQw,https://www.youtube.com/watch?v=o9Ns5DVynQw,"The robot shakes its head and arms in excitement, and its facial expression looks happy. | it shouted from far away with anger",0.0,0.0,0.0,0.0,0.0,0.0,0.0,0.5,0.5,0.0,0.0,0.0,0.0,0.0,0.0,0.0
anim_hiking_rtpmarker_01,2,406,hlqywklqN9I,https://www.youtube.com/watch?v=hlqywklqN9I,"It nods its head, closes its eyes and make an approving sound. | He shook its head a little, and moved a little bit.",0.0,0.0,0.0,0.5,0.5,0.0,0.0,0.0,0.0,0.0,0.0,0.0,0.0,0.0,0.0,0.0
anim_keepalive_blink_01,2,317,_FyxmJGYUG0,https://www.youtube.com/watch?v=_FyxmJGYUG0,"The robot stays in place looking at nothing, and simply just blinks. | it looked just a moment only",0.0,0.0,0.0,0.0,0.0,0.0,0.5,0.0,0.0,0.0,0.0,0.0,1.0,0.0,0.5,0.0
anim_keepalive_eyes_01_forward,2,405,iK7Sg3eAHeA,https://www.youtube.com/watch?v=iK7Sg3eAHeA,It looks up slightly to look around towards the camera and then looks around faintly. | He moved aroudn a little bit.,1.0,0.0,0.0,0.0,0.0,0.0,0.0,0.0,0.0,0.0,0.0,0.0,0.0,0.0,0.0,0.0
anim_keepalive_eyes_01_right,2,316,23wkVE54trs,https://www.youtube.com/watch?v=23wkVE54trs,"The robot seems to be look at the same object with some interest, and looks as if he is observing it. | it noded head and mint eyes only",0.5,0.0,0.0,0.0,0.5,0.0,0.0,0.0,0.0,0.0,0.5,0.0,0.5,0.0,0.0,0.0
anim_keepalive_eyes_01_updown,2,404,C7td2JamHUk,https://www.youtube.com/watch?v=C7td2JamHUk,It wakes up to look around and then closes its eyes again. | He lifted his head a little.,0.0,0.0,0.0,0.0,0.0,0.0,0.0,0.0,0.0,0.0,0.0,0.0,1.0,0.0,0.0,0.0
anim_keepalive_eyesonly_loop_02,2,315,fpliwsnS5BA,https://www.youtube.com/watch?v=fpliwsnS5BA,"The robot remains in place and simply raises one eyebrow, but remains concentrated towards the same point. | it moved eyes and kept stationary",0.0,0.0,1.0,0.5,0.0,0.0,0.5,0.0,0.0,0.0,0.5,0.0,0.0,0.0,0.0,0.0
anim_keepalive_eyesonly_loop_03,2,403,p1cW5FCD-d0,https://www.youtube.com/watch?v=p1cW5FCD-d0,It looks around slightly. | He moved his eyes a little,0.0,0.5,0.0,0.0,0.0,0.0,0.0,0.0,0.0,0.0,0.0,0.0,0.5,0.0,0.0,0.0
anim_keepaway_fakeout_01,2,314,hcT4nRV_KJ0,https://www.youtube.com/watch?v=hcT4nRV_KJ0,The robot slowly turns away and then suddenly turns back and lifts its arms. | It lifts hand and turn around and get back then lifts hands frequently,0.0,0.0,0.0,0.0,0.5,0.0,0.5,0.0,1.0,0.0,0.0,0.0,0.0,0.0,0.0,0.0
anim_keepaway_fakeout_02,2,402,MX6RrSHrv6E,https://www.youtube.com/watch?v=MX6RrSHrv6E,"The robot moves backwards while looking up and then moves forward and focuses its attention again and then blinks. | back tracks, then throws up arms and charges forward",0.0,0.0,1.0,0.0,0.0,0.0,0.0,0.0,0.5,0.0,1.0,0.0,0.0,0.0,0.0,0.0
anim_keepaway_fakeout_03,1,313,-pKNube5NjQ,https://www.youtube.com/watch?v=-pKNube5NjQ,It shouted and lifts the hands,0.0,0.0,0.0,0.0,0.0,0.0,1.0,0.0,0.0,0.0,1.0,0.0,0.0,0.0,0.0,0.0
anim_keepaway_fakeout_04,2,401,UhHea6Y5RoQ,https://www.youtube.com/watch?v=UhHea6Y5RoQ,"The robot raises its arms while minimizing its eyes, moves forwards, opens its eyes again, and then takes a look around while backing up. | throws up arms and charges a bit forward, then recoils",0.5,1.0,0.0,0.0,0.0,0.0,0.0,0.0,0.5,0.0,0.5,0.0,0.0,0.5,0.0,0.0
anim_keepaway_fakeout_05,2,312,sxDaVKhRlxg,https://www.youtube.com/watch?v=sxDaVKhRlxg,Tiny robot raises hands/arms into the air and screeches/beeps in a high pitched tone | It lifts the hands and shouted.,0.0,0.5,0.0,0.0,0.5,0.5,0.0,0.0,0.5,0.0,0.5,0.0,0.0,0.0,0.0,0.0
anim_keepaway_fakeout_06,2,400,Y6nNA5iAfzw,https://www.youtube.com/watch?v=Y6nNA5iAfzw,"The robot opens its eyes quickly, minimizes its eyes, backs up, and then opens its eyes fully while raising its arms and moving forward. | opens eyes, then throws up arms",0.0,0.5,0.0,0.0,0.0,0.0,0.0,0.0,0.5,0.0,0.5,0.0,0.0,0.5,0.0,0.0
anim_keepaway_getin_01,2,311,r_BapZubQ6g,https://www.youtube.com/watch?v=r_BapZubQ6g,Lowers head slightly. Hits floor with arms. Blinks. | The robot slightly raised its arms before bringing them back as well as its gaze.,0.0,0.0,0.0,0.0,0.5,0.0,0.5,0.0,0.0,0.0,0.0,0.0,0.0,0.0,0.0,0.0
anim_keepaway_getin_02,2,399,BTJn_7sDyZU,https://www.youtube.com/watch?v=BTJn_7sDyZU,"The robot blinks, lowers its eyes, blinks again, and the moves forward. | looks down at the floor",1.0,0.5,0.0,0.5,0.0,0.0,0.0,0.0,0.5,0.0,0.0,0.0,0.0,0.0,0.0,0.0
anim_keepaway_getin_03,2,310,0UO4hl6-P38,https://www.youtube.com/watch?v=0UO4hl6-P38,Lowers head slightly. Hits floor with arms. | The robot looked down while slightly raising its arms before quickly bringing them back down.,0.0,0.0,0.0,0.0,0.5,0.0,0.5,0.0,0.0,0.0,0.0,0.0,0.0,0.0,0.0,0.0
anim_keepaway_getout_01,2,398,E5TIjeBqXMI,https://www.youtube.com/watch?v=E5TIjeBqXMI,"The robot opens its eyes quickly, blinks twice, and then focuses its attention. | opens eyes and stares straight",0.5,0.5,0.0,0.5,0.0,0.5,0.0,0.0,0.0,0.0,0.0,0.0,0.0,0.5,0.0,0.0
anim_keepaway_getout_02,2,309,z9bo2EGRuac,https://www.youtube.com/watch?v=z9bo2EGRuac,Moves head up and down slightly. Blinks. | The robot remained still while slightly looking around.,0.0,0.0,0.0,0.0,0.0,0.0,0.0,0.0,0.0,0.0,0.0,0.0,1.0,0.0,0.0,0.0
anim_keepaway_getout_03,2,397,CrNnETIbxFM,https://www.youtube.com/watch?v=CrNnETIbxFM,"The robot looks to a side then focuses its attention. | looks around, gazing to the left",1.0,0.0,0.5,0.5,0.0,0.0,0.0,0.0,0.0,0.0,0.5,0.0,0.0,0.0,0.0,0.0
anim_keepaway_getready_01,2,308,qgWuEtRbICw,https://www.youtube.com/watch?v=qgWuEtRbICw,Lowers head slightly. Raises arms above head. | The robot moved its arms really high.,0.0,0.0,1.0,0.0,0.0,0.0,0.0,0.0,0.0,0.0,0.0,0.0,0.0,0.0,0.0,0.0
anim_keepaway_getready_02,2,396,0QMVC92c8hw,https://www.youtube.com/watch?v=0QMVC92c8hw,"The robot slowly opens its eyes initially then opens it quick, backs up, minimizes its eyes suspiciously, and then opens its eyes fully while raising its arms, and then minimizes its eyes again. | eyes are closed, opened, then arms go up",0.5,0.5,0.0,0.0,0.0,0.0,0.0,0.0,0.5,0.0,0.5,0.0,0.0,1.0,0.0,0.0
anim_keepaway_getready_03,2,307,0ZzgS19W4SQ,https://www.youtube.com/watch?v=0ZzgS19W4SQ,Lowers head slightly. Raises arms above head. | The robot looked down before raising its arms really high.,0.0,0.0,1.0,0.0,0.0,0.0,0.0,0.0,0.0,0.0,0.0,0.0,0.0,0.0,0.0,0.0
anim_keepaway_idle_01,2,395,IKO0NLQfbpo,https://www.youtube.com/watch?v=IKO0NLQfbpo,The robot is focuses its head straight ahead and then raises its arms very high above its head. | head tilts down then hands go up,0.0,1.0,0.0,0.0,0.0,0.0,0.0,0.0,0.5,0.0,0.0,0.0,0.0,1.0,0.0,0.0
anim_keepaway_idle_02,2,306,BtzsxWFnPYI,https://www.youtube.com/watch?v=BtzsxWFnPYI,Raises arms up slowly. Blinks | The robot slowly moved its arms up.,0.0,0.0,0.0,0.0,0.0,0.0,0.0,0.0,0.5,0.0,0.5,0.0,0.0,0.0,0.0,0.0
anim_keepaway_idle_03,2,394,73hBbSoUHUY,https://www.youtube.com/watch?v=73hBbSoUHUY,"The robot slowly opens its eyes, looks side to side, and then closes it again. | blinks, looks left, then back down",0.0,0.0,0.0,0.0,0.0,0.0,0.5,0.0,0.0,0.0,0.5,0.0,0.0,0.0,0.0,0.0
anim_keepaway_losegame_01,2,305,L1uiWX_vnwY,https://www.youtube.com/watch?v=L1uiWX_vnwY,Raises head up. Opens eyes wide. Turns to the left. | The robot moved from its facing forward position to the side.,0.0,0.0,0.5,0.0,0.0,0.0,0.0,0.0,0.0,0.0,0.0,0.0,0.5,0.0,0.0,0.0
anim_keepaway_losegame_02,2,393,49oYTkplQqE,https://www.youtube.com/watch?v=49oYTkplQqE,The robot moves forward and raises its eyes and the moves backwards and lowers its eyes. | looks up then sighs in sadness,0.5,0.0,0.0,0.0,0.0,0.0,1.0,0.0,0.0,0.0,0.5,0.0,0.0,0.0,0.0,0.0
anim_keepaway_losegame_03,2,304,oTcHxSVceWw,https://www.youtube.com/watch?v=oTcHxSVceWw,Turns side to side. Shakes arms up and down quickly. | The robot looked around as it moved around quickly in frustration.,0.0,0.0,0.0,0.0,1.0,0.0,0.0,0.0,0.5,0.0,0.0,0.0,0.0,0.0,0.0,0.0
anim_keepaway_losehand_01,2,293,mIGKmgEdKKU,https://www.youtube.com/watch?v=mIGKmgEdKKU,"The robot backs up, blinks, lowers its eyes, and then shakes its head vigorously while raising its arm. | shucking",0.5,0.0,0.5,0.0,0.5,0.0,0.0,0.5,0.5,0.0,0.5,0.0,0.0,0.5,0.0,0.0
anim_keepaway_losehand_02,2,303,q5JB5sZe2ww,https://www.youtube.com/watch?v=q5JB5sZe2ww,Blinks. Stamps arms on floor. Raises arms | The robot moved forward before backing away and raising its arms really high.,0.0,0.0,0.0,0.0,0.5,0.0,0.0,0.0,1.0,0.0,0.0,0.0,0.0,0.0,0.0,0.0
anim_keepaway_losehand_03,2,292,tRbUL5upih8,https://www.youtube.com/watch?v=tRbUL5upih8,"The robot opens its eyes quickly, focuses, looks up, blinks, and then focuses its attention again while raising its arms. | very nice",1.0,0.5,0.5,0.5,0.0,0.0,0.0,0.5,0.5,0.0,0.5,0.0,0.5,0.5,0.5,0.0
anim_keepaway_pounce_01,2,302,1Aik9OyIrA8,https://www.youtube.com/watch?v=1Aik9OyIrA8,"Moves forward, then back. Raises arms, lowers them | The robot moved forward and then moved back as it placed its arms up.",0.5,0.5,0.0,0.0,0.0,0.0,0.0,0.0,0.5,0.0,0.0,0.0,0.0,0.0,0.0,0.5
anim_keepaway_pounce_02,2,291,G-gOHmMkvhY,https://www.youtube.com/watch?v=G-gOHmMkvhY,"It raises its arms up, moves forward, and then lowers then in a chopping attacking action. | He raised its arm quickly, while moving back and forth quickly",0.0,0.0,0.0,0.0,0.0,0.0,0.0,0.0,1.0,0.0,0.0,0.0,0.0,0.0,0.0,0.0
anim_keepaway_pounce_03,2,301,m55DA_NL6CE,https://www.youtube.com/watch?v=m55DA_NL6CE,The robot slightly moves forward and then moves backwards a lot. | robot for quick action for the few seconds,0.5,0.0,0.5,0.0,0.5,0.0,0.0,0.5,0.5,0.0,0.5,0.5,0.0,0.0,0.0,0.0
anim_keepaway_pounce_04,2,290,AFYYiAIDrA8,https://www.youtube.com/watch?v=AFYYiAIDrA8,"It wakes up, moving forward and backward quickly. | He moved back and forth quickly.",0.0,0.5,0.0,0.0,0.0,0.0,0.0,0.0,0.0,0.0,0.0,0.0,0.0,1.0,0.0,0.0
anim_keepaway_wingame_01,2,300,uKYxclgNtME,https://www.youtube.com/watch?v=uKYxclgNtME,"The robot looks to the side, backs up, makes small eyes, and turn its fully body side to side while raising its arms. | robot for side walk",1.0,0.5,0.0,0.0,0.0,0.0,0.5,0.5,0.5,0.0,0.5,0.5,0.0,0.0,0.0,0.0
anim_keepaway_wingame_02,2,289,JitRfv2vvLA,https://www.youtube.com/watch?v=JitRfv2vvLA,"It opens its eyes, starts moving its arms around wildly and rotates 360 degrees while making an excited sound. | He moved quickly in circles, while raising its arms up and down.",0.0,0.0,0.0,0.0,0.0,0.0,0.0,1.0,0.0,0.5,0.0,0.0,0.0,0.0,0.0,0.0
anim_keepaway_wingame_03,1,299,-sc43n_odYQ,https://www.youtube.com/watch?v=-sc43n_odYQ,robort for quick action,0.0,0.0,0.0,0.0,0.0,0.0,1.0,1.0,0.0,0.0,0.0,0.0,0.0,0.0,0.0,0.0
anim_keepaway_winhand_01,2,288,3SojuX-0S0Q,https://www.youtube.com/watch?v=3SojuX-0S0Q,"It moves its arms all the way up and makes a happy sound, jiggling its head in agreement. | He moved its head a little, and slammed its arms down.",0.0,0.0,0.0,0.5,0.0,0.0,0.0,0.5,0.5,0.5,0.0,0.0,0.0,0.0,0.0,0.0
anim_keepaway_winhand_02,1,298,-CPusv_pVsA,https://www.youtube.com/watch?v=-CPusv_pVsA,no action for robot,0.0,0.0,0.0,0.0,0.0,0.0,0.0,0.0,1.0,0.0,1.0,0.0,0.0,0.0,0.0,0.0
anim_keepaway_winhand_03,2,287,W0pdlWbHUAQ,https://www.youtube.com/watch?v=W0pdlWbHUAQ,"It looks down, moves forward and raises its arms high happily while making a noise. | He bowed its head, moved back and forth a little, and raised its arms.",0.0,0.0,0.0,0.0,0.0,0.0,0.0,1.0,0.0,1.0,0.0,0.0,0.0,0.0,0.0,0.0
anim_laser_drive_01,2,297,maVoS2gl0_w,https://www.youtube.com/watch?v=maVoS2gl0_w,"The robot quickly lowers its head, minimizes its eyes, and then raises its eyes again. | robort action for down",0.5,0.5,0.5,0.5,0.0,0.0,0.0,0.0,0.0,0.0,0.5,0.5,0.0,0.5,0.0,0.0
anim_laser_drive_02,2,286,09B34dMHQXA,https://www.youtube.com/watch?v=09B34dMHQXA,"It makes an ""A Ha"", noise. | He made no movements.",0.5,0.0,0.0,0.5,0.0,0.0,0.0,0.0,0.0,0.0,0.0,0.0,0.5,0.0,0.0,0.0
anim_laser_drive_03,2,296,8RNf-fZ9sgs,https://www.youtube.com/watch?v=8RNf-fZ9sgs,The robot raises its small eyes up and then fully closes it. | robot for looking action,1.0,0.0,0.5,0.5,0.0,0.5,0.5,0.5,0.0,0.0,0.0,0.5,0.0,0.0,0.0,0.0
anim_launch_altwakeup_01,2,285,toz6XWxT9RU,https://www.youtube.com/watch?v=toz6XWxT9RU,"It looks down then around inquisitively, then moves forward a bit making a noise. | He bowed its head, and moved forward and around a little bit.",1.0,0.0,0.0,0.0,0.0,0.0,0.0,0.0,0.0,0.0,0.0,0.0,0.5,0.0,0.0,0.5
anim_launch_backpackidle,2,295,uxe9efylgu0,https://www.youtube.com/watch?v=uxe9efylgu0,The robot closes its eyes and a light briefly turns on and off on its head. | silent for the robot,0.5,0.0,0.0,0.5,0.0,0.5,0.5,0.5,0.0,0.0,0.0,0.0,0.0,0.0,0.0,0.0
anim_launch_blankscreen,1,284,6p3cOaERJB0,https://www.youtube.com/watch?v=6p3cOaERJB0,It closes its eyes.,0.0,0.0,0.0,0.0,0.0,0.0,0.0,0.0,0.0,0.0,0.0,0.0,1.0,0.0,0.0,0.0
anim_launch_cubediscovery,2,294,E0McMMVwGd4,https://www.youtube.com/watch?v=E0McMMVwGd4,The robot quickly and slightly moves its arms up and down. | quick action for the robot,0.0,0.5,0.0,0.0,0.5,0.0,0.0,0.0,0.0,0.0,1.0,0.5,0.0,0.5,0.0,0.0
anim_launch_drivingloop_01,2,283,RwM_53qeULg,https://www.youtube.com/watch?v=RwM_53qeULg,It squints and looks down. | He bowed its head a little bit,0.0,0.0,0.0,0.0,0.0,0.0,0.5,0.0,0.0,0.0,0.0,0.0,0.0,0.0,0.0,0.5
anim_launch_drivingloop_02,2,194,bZ5K-9qDjtA,https://www.youtube.com/watch?v=bZ5K-9qDjtA,The robot looks like he is annoyed about something that is going on in the room. | the robot become anger.,0.0,0.0,0.0,0.0,0.5,0.0,0.0,0.0,0.5,0.0,0.0,0.0,0.0,0.0,0.5,0.0
anim_launch_drivingloop_03,2,282,BMWOXj2DpjE,https://www.youtube.com/watch?v=BMWOXj2DpjE,It squints and looks to the left. | He moved its head a little bit,0.0,0.0,0.0,0.0,0.0,0.0,0.5,0.0,0.0,0.0,0.0,0.0,0.0,0.0,0.0,0.5
anim_launch_enddriving_01,2,193,dvUnIASOPLU,https://www.youtube.com/watch?v=dvUnIASOPLU,The robot is making noises and looking down at the floor like it is sad. | the robot blinks eyes.,0.0,0.0,0.0,0.0,0.5,0.0,0.5,0.0,0.0,0.0,0.5,0.0,0.0,0.0,0.0,0.0
anim_launch_eyeson_01,2,281,EXIvlL0n4po,https://www.youtube.com/watch?v=EXIvlL0n4po,"The robot looks around, then looks down towards the ground defeated. As if he is lonely. | The robot looking down",0.0,0.0,0.0,0.0,0.0,0.0,1.0,0.0,0.0,0.0,0.0,0.0,0.0,0.0,0.0,0.5
anim_launch_firsttimewakeup,2,190,zJWqp6cBbEI,https://www.youtube.com/watch?v=zJWqp6cBbEI,"The robot got frustrated. | Moves head down turns off its lights for a moment, then starts flickering them occasionally before coming forward in the camera's direction, moving its only limb.",0.5,0.0,0.5,0.0,1.0,0.5,0.0,0.0,0.0,0.0,0.0,0.5,0.0,0.5,0.0,0.0
anim_launch_firsttimewakeup_helloplayer_head_angle_-20,2,192,GSNeqfQMN7Q,https://www.youtube.com/watch?v=GSNeqfQMN7Q,The robot is making noises and looking towards the room. It seems like it is trying to communicate. | the robot confused.,0.5,0.0,1.0,0.0,0.0,0.0,0.0,0.0,0.0,0.0,0.0,0.0,0.0,0.0,0.0,0.0
anim_launch_firsttimewakeup_helloplayer_head_angle_20,2,280,fCAwvw1LQxk,https://www.youtube.com/watch?v=fCAwvw1LQxk,"The robot seems to be slowly approaching the human, as if to beckon it forward, while giving a ""smile"" | The robot forwards",0.0,0.0,0.0,0.0,0.0,0.5,0.0,0.5,0.0,0.0,0.0,0.0,0.0,0.0,0.0,0.0
anim_launch_firsttimewakeup_helloplayer_head_angle_40,2,191,oAqtb11RETI,https://www.youtube.com/watch?v=oAqtb11RETI,"The robot express it's interest. | Comes intermittently in the camera's direction, apparently trying to check something with its vision or signalize something with the movements its lights make.",1.0,0.0,0.0,0.5,0.0,0.0,0.0,0.0,0.0,0.0,0.0,0.5,0.0,0.5,0.0,0.5
anim_launch_firsttimewakeup_helloworld,2,279,sDbOvu5Y6xA,https://www.youtube.com/watch?v=sDbOvu5Y6xA,The robot seems to to be happy about something. | The robot look like a sorrow,0.0,0.0,0.0,0.0,0.0,0.0,0.5,0.5,0.0,0.0,0.0,0.0,0.0,0.0,0.0,0.0
anim_launch_idle_01,2,278,KsjVIkANB0I,https://www.youtube.com/watch?v=KsjVIkANB0I,"The robot is looking around with it's eyes, perhaps trying to scout for something. | The robot look like a fear",0.0,0.5,0.0,0.0,0.0,0.0,0.0,0.0,0.0,0.0,0.5,0.0,0.0,0.0,0.0,0.0
anim_launch_idle_02,2,189,VgkGSKQwS94,https://www.youtube.com/watch?v=VgkGSKQwS94,"The robot got sorrow. | Move its head down at once, and does things with the lights that serve as its eyes, apparently trying to emulate human motions.",0.0,0.0,0.5,0.0,0.5,0.0,1.0,0.0,0.0,0.0,0.5,0.0,0.5,0.0,0.0,0.0
anim_launch_idle_03,2,277,gR_O4VEwfK8,https://www.youtube.com/watch?v=gR_O4VEwfK8,The robot just looks down for a moment. | The robot look like a sorrow,0.5,0.0,0.0,0.0,0.0,0.0,0.5,0.0,0.0,0.0,0.0,0.0,0.0,0.0,0.0,0.0
anim_launch_lifteffortpickup_01,2,188,XS8QwmBnptw,https://www.youtube.com/watch?v=XS8QwmBnptw,The robot got disgust. | It stands still and moves its emulation of eyes once.,0.5,0.0,0.5,0.0,0.5,0.0,0.0,0.0,0.0,0.5,0.5,0.0,0.0,0.5,0.5,0.0
anim_launch_lifteffortplacehigh_01,2,276,54ll1m5nZuc,https://www.youtube.com/watch?v=54ll1m5nZuc,The robot just blinks once. | The robot eye blinking,0.0,0.0,0.0,0.0,0.0,0.0,0.5,0.0,0.0,0.0,0.0,0.0,0.5,0.0,0.0,0.0
anim_launch_lifteffortplacelow_01,2,187,yIM6evbuvzA,https://www.youtube.com/watch?v=yIM6evbuvzA,"The robot felt fear. | It is standing still, and moves its emulated eyes in an assertive manner.",0.0,0.0,0.0,0.5,0.0,0.5,0.0,0.0,0.0,0.5,0.5,0.0,0.0,0.0,0.0,0.5
anim_launch_reacttocubepickup,2,275,eZwuPBPx518,https://www.youtube.com/watch?v=eZwuPBPx518,"It's holding it's arms up as if to say ""Look at this thing I found! I really like this thing!"" Very excited. | The robot enjoy.",0.0,0.0,0.0,0.0,0.0,0.0,0.0,1.0,0.0,0.0,0.0,0.0,0.5,0.0,0.0,0.5
anim_launch_reacttoputdown,2,186,Tl3ygvBfsl8,https://www.youtube.com/watch?v=Tl3ygvBfsl8,"The robot very happy at the moment. | Robot reacts to something, potentially a thing it captured with its vision, and jumps back before moving around in an agitated manner.",0.5,0.5,0.5,0.0,0.5,0.0,0.0,0.5,0.0,0.0,0.0,0.0,0.0,0.5,0.0,0.0
anim_launch_search_head_angle_-20,1,274,rItkwIgwRmA,https://www.youtube.com/watch?v=rItkwIgwRmA,"It looks to the ground for a moment, as if it was pondering something, or perhaps ashamed.",0.0,0.0,1.0,0.0,0.0,0.0,0.0,0.0,0.0,0.0,0.0,0.0,0.0,0.0,0.0,0.0
anim_launch_search_head_angle_20,2,185,EXsnRcT0aLE,https://www.youtube.com/watch?v=EXsnRcT0aLE,"The robot seems very interest. | Robot moves its field of vision around, then face the camera and moves its head in what seems mostly like an inquiring expression.",1.0,0.0,0.0,0.0,0.0,0.0,0.0,0.0,0.5,0.0,0.0,0.0,0.5,0.0,0.0,0.0
anim_launch_search_head_angle_40,2,273,9Zmi7dQxxfQ,https://www.youtube.com/watch?v=9Zmi7dQxxfQ,"The robot quickly looks up, as if it is interested in something. | The robot look upwards.",0.5,0.0,0.0,0.0,0.0,0.0,0.0,0.0,0.0,0.0,0.0,0.0,0.5,0.5,0.0,0.0
anim_launch_sleeping_01,1,184,0H6hY0hjfg8,https://www.youtube.com/watch?v=0H6hY0hjfg8,It's very bore for the time.,0.0,0.0,0.0,0.0,0.0,0.0,0.0,0.0,0.0,0.0,0.0,0.0,1.0,0.0,0.0,0.0
anim_launch_startdriving_01,2,272,feYqOmUhuD0,https://www.youtube.com/watch?v=feYqOmUhuD0,"It seems to ""blink"". That's it. No movement. | The robot eyes blinking.",0.0,0.0,0.0,0.0,0.0,0.0,0.5,0.0,0.0,0.0,0.0,0.0,0.5,0.0,0.0,0.0
anim_launch_startsleeping_01,2,183,K_i4W-AhRK4,https://www.youtube.com/watch?v=K_i4W-AhRK4,"The robot felt sad. | Robot move its head once, then seems to focus its field of vision onto something we can not see.",0.5,0.0,0.0,0.5,0.5,0.0,0.5,0.0,0.0,0.0,0.0,0.5,0.5,0.0,0.0,0.0
anim_launch_wakeup_01,2,271,BwkuDK39Cn4,https://www.youtube.com/watch?v=BwkuDK39Cn4,"It's like he's fidgeting around. | He bowed his head slowly, and lifted it up.",0.0,0.0,0.0,0.0,0.0,0.0,0.5,0.0,0.0,0.0,0.0,0.0,0.5,0.0,0.0,0.0
anim_launch_wakeup_02,2,182,qdIHln3i95c,https://www.youtube.com/watch?v=qdIHln3i95c,"The robot got very bored. | The robot is moving what seems to be its head, apparently trying to capture something on its field of vision.",0.5,0.5,0.0,0.0,0.0,0.0,0.0,0.0,0.0,0.0,0.0,0.0,0.5,0.0,0.0,0.5
anim_launch_wakeup_03,2,270,kfyS-GpWS5Q,https://www.youtube.com/watch?v=kfyS-GpWS5Q,Seems like he's waking up. | He lifted his head and arms a little.,0.5,0.0,0.0,0.0,0.0,0.0,0.0,0.0,0.0,0.0,0.0,0.0,0.5,0.0,0.0,0.0
anim_launch_wakeup_04,2,181,4cYtTksIR6E,https://www.youtube.com/watch?v=4cYtTksIR6E,"It looks around then down and gives a large yawn. | looks down then yawns, squinting",0.0,0.0,0.0,0.0,0.0,0.0,0.0,0.0,0.0,0.0,0.0,0.0,1.0,0.0,0.0,0.0
anim_launch_wakeup_05,2,269,rQuaAfnMSZA,https://www.youtube.com/watch?v=rQuaAfnMSZA,"He's pounding the floor and making angry noises. | He bowed his head, then moved its arms up and down, and stuttered in movement.",0.0,0.0,0.0,0.0,0.5,0.0,0.0,0.0,0.5,0.0,0.0,0.0,0.0,0.0,0.5,0.0
anim_launch_wakeup_drivingloop_01,2,180,Qj4Dc27xqOU,https://www.youtube.com/watch?v=Qj4Dc27xqOU,It slightly looks around. | looks around slightly,0.0,0.0,0.0,0.0,0.0,0.0,0.0,0.0,0.0,0.0,0.0,0.0,1.0,0.0,0.0,0.0
anim_launch_wakeup_drivingloop_02,2,268,PQd-cGQs2HA,https://www.youtube.com/watch?v=PQd-cGQs2HA,He just looks up. | He moved his head a little.,0.0,0.0,0.0,0.0,0.0,0.0,0.0,0.0,0.0,0.0,0.0,0.0,0.5,0.5,0.0,0.0
anim_launch_wakeup_enddriving_01,2,179,sxLHFmuA3pM,https://www.youtube.com/watch?v=sxLHFmuA3pM,It looks around very slightly. | looks around very slightly,0.0,0.0,0.0,0.0,0.0,0.0,0.0,0.0,0.0,0.0,0.0,0.0,1.0,0.0,0.0,0.0
anim_launch_wakeup_startdriving_01,2,267,hQDlXZlOfYA,https://www.youtube.com/watch?v=hQDlXZlOfYA,"He moves forward, like he wants to see what's going on. | He bowed his head, and moved ahead a little.",0.5,0.0,0.5,0.0,0.0,0.0,0.0,0.0,0.0,0.0,0.0,0.0,0.0,0.0,0.0,0.0
anim_loco_driving01_end_01,2,178,TetQDZjh5jo,https://www.youtube.com/watch?v=TetQDZjh5jo,It barely moves its eyes. | doesn't move at all,0.0,0.0,0.0,0.0,0.0,0.0,0.0,0.0,0.0,0.0,0.0,0.0,1.0,0.0,0.0,0.0
anim_loco_driving01_loop_01,2,266,UZXBOhXmS8g,https://www.youtube.com/watch?v=UZXBOhXmS8g,He's still looking down like he's sad. | He bowed his head a little.,0.0,0.0,0.5,0.0,0.0,0.0,0.5,0.0,0.0,0.0,0.0,0.0,0.0,0.0,0.0,0.0
anim_loco_driving01_loop_02,2,177,f87foGulMXo,https://www.youtube.com/watch?v=f87foGulMXo,"It looks around slightly while making gibberish noise. | looks around slightly, chortling a bit to itself",0.0,0.0,0.0,0.0,0.0,0.0,0.0,0.0,0.0,0.0,0.0,0.0,1.0,0.0,0.0,0.0
anim_loco_driving01_loop_03,2,265,netqsZtEo5o,https://www.youtube.com/watch?v=netqsZtEo5o,He's looking down like he's sad. | He bowed his head.,0.0,0.0,0.0,0.0,0.0,0.0,1.0,0.0,0.0,0.0,0.0,0.0,0.5,0.0,0.0,0.0
anim_loco_driving01_start_01,2,176,_7_fsfg_Xs8,https://www.youtube.com/watch?v=_7_fsfg_Xs8,"It looks down and around, making a small noise. | looks down, then back up and then right, then straight",0.0,0.0,0.0,0.0,0.0,0.0,0.0,0.0,0.0,0.0,0.0,0.0,1.0,0.0,0.0,0.0
anim_loco_driving01_start_02,2,264,b2r8zmPdig0,https://www.youtube.com/watch?v=b2r8zmPdig0,He lowers his head and looks back up like he's guilty. | He bowed his head.,0.0,0.0,0.0,0.0,0.0,0.0,0.5,0.0,0.0,0.0,0.5,0.0,0.0,0.0,0.0,0.0
anim_lookinplaceforfaces_keepalive_long_head_angle_-20,2,175,cgf0teH44jg,https://www.youtube.com/watch?v=cgf0teH44jg,It looks down at the floor. | looks down at the floor,0.0,0.0,0.0,0.0,0.0,0.0,0.0,0.0,0.0,0.0,0.0,0.0,1.0,0.0,0.0,0.0
anim_lookinplaceforfaces_keepalive_long_head_angle_20,2,263,9FtQG5wtoGE,https://www.youtube.com/watch?v=9FtQG5wtoGE,It looks like he's waking up. | He lifted his head.,0.0,0.5,0.0,0.0,0.0,0.0,0.0,0.0,0.0,0.0,0.0,0.0,0.0,0.5,0.0,0.0
anim_lookinplaceforfaces_keepalive_long_head_angle_40,2,174,eDcd1TGOGmU,https://www.youtube.com/watch?v=eDcd1TGOGmU,It looks up high. | looks up and tilts head upward,0.5,0.0,0.0,0.0,0.0,0.0,0.0,0.0,0.0,0.0,0.0,0.0,0.5,0.0,0.0,0.5
anim_lookinplaceforfaces_keepalive_medium_head_angle_-20,2,262,XOrsInYB0QE,https://www.youtube.com/watch?v=XOrsInYB0QE,The little guy's head lowering makes him look like he's dejected. | He bowed his head.,0.0,0.0,0.0,0.0,0.0,0.0,1.0,0.0,0.0,0.0,0.0,0.0,0.0,0.0,0.0,0.0
anim_lookinplaceforfaces_keepalive_medium_head_angle_20,2,173,m4VgCwNvyZo,https://www.youtube.com/watch?v=m4VgCwNvyZo,It looks up. | looks up and around a bit,0.5,0.0,0.0,0.0,0.0,0.0,0.0,0.0,0.0,0.0,0.0,0.0,0.5,0.0,0.0,0.0
anim_lookinplaceforfaces_keepalive_medium_head_angle_40,2,261,yJfySUCsL5w,https://www.youtube.com/watch?v=yJfySUCsL5w,"It looks up and stares. | The robot tilts its head up and ""blinks"" blankly.",1.0,1.0,0.5,0.0,0.0,0.0,0.5,0.0,0.0,0.0,0.0,0.5,0.5,0.5,0.0,0.5
anim_lookinplaceforfaces_keepalive_short_head_angle_-20,2,172,Ikq6mwRVE70,https://www.youtube.com/watch?v=Ikq6mwRVE70,"It doesn't do anything. | looks straight head, never moving",0.5,0.0,0.0,0.0,0.0,0.0,0.0,0.0,0.0,0.0,0.0,0.0,0.5,0.0,0.0,0.0
anim_lookinplaceforfaces_keepalive_short_head_angle_20,2,260,KsCH1n0kX-c,https://www.youtube.com/watch?v=KsCH1n0kX-c,It does nothing. | The robot does not move at all or make noises. It just sits there with wide eyes.,0.0,0.0,0.5,0.0,0.0,0.0,0.0,0.0,0.0,0.0,0.5,0.0,0.5,0.0,0.0,0.0
anim_lookinplaceforfaces_keepalive_short_head_angle_40,2,171,1OzsfARBVk0,https://www.youtube.com/watch?v=1OzsfARBVk0,Stands still. Does not move. | standing still with eyes open,0.5,0.0,0.0,0.0,0.0,0.0,0.0,0.0,0.0,0.0,0.0,0.0,0.5,0.0,0.0,0.0
anim_majorfail,2,259,zIqMyMyuaYs,https://www.youtube.com/watch?v=zIqMyMyuaYs,It turns back and forth and bangs the floor. | The robot violently thrashes its arms up and down on the ground and rocks back and forth with furrowed eyes and making mumbling noises.,0.0,0.0,0.0,0.0,1.0,0.0,0.0,0.0,1.0,0.0,0.0,0.0,0.0,0.0,0.5,0.0
anim_majorwin,2,170,nazXie1IRzc,https://www.youtube.com/watch?v=nazXie1IRzc,Moves back a bit. Shakes arms up and down a few times. Nods. | backing up raising it's head taping it's arms on the ground,0.5,0.0,0.5,0.0,0.0,0.0,0.0,0.0,0.0,0.5,0.0,0.0,0.0,0.0,0.0,0.0
anim_meetcozmo_celebration,2,256,umgFTjtM800,https://www.youtube.com/watch?v=umgFTjtM800,It spins around and bangs on the floor. | The robot makes seemingly bored faces looking around with its eyes then begins to raise its arms up and down while spinning in a circle as if dancing.,0.0,0.0,0.0,0.0,0.5,0.0,0.0,0.0,0.5,0.0,0.0,0.0,0.5,0.0,0.5,0.0
anim_meetcozmo_celebration_02,2,168,YO4Kuy2wCgY,https://www.youtube.com/watch?v=YO4Kuy2wCgY,Raises arms and shakes. Nods head several times. | raising it's arms shaking it's head up and down speaking,0.0,0.0,0.0,0.0,0.0,0.0,0.0,1.0,0.0,0.0,0.0,0.5,0.0,0.0,0.0,0.5
anim_meetcozmo_celebration_02_head_angle_-20,2,258,UycLvASonFk,https://www.youtube.com/watch?v=UycLvASonFk,"It shakes it's head and bangs the floor. | The robot raises its arms up and down and nods enthusiastically as if saying ""yes"" while its eyes are squinted in a seemingly happy way.",0.5,0.0,0.0,0.5,0.5,0.0,0.0,0.5,0.5,0.5,0.0,0.5,0.0,0.0,0.5,0.5
anim_meetcozmo_celebration_02_head_angle_20,2,169,liklRIvZNNQ,https://www.youtube.com/watch?v=liklRIvZNNQ,Raises arms and shakes. Nods head several times. | speaking shaking it's arms up and down shaking it's head up and down,0.0,0.0,0.0,0.0,0.0,0.0,0.0,0.5,0.5,0.0,0.0,0.5,0.0,0.0,0.0,0.5
anim_meetcozmo_celebration_02_head_angle_40,2,257,21WQFenD61I,https://www.youtube.com/watch?v=21WQFenD61I,"It shakes it's head and bangs the floor. | The robot raises its arms and nods enthusiastically as if saying ""yes"".",0.5,0.0,0.0,0.5,0.5,0.0,0.0,0.0,0.5,0.0,0.0,0.5,0.0,0.0,0.5,0.0
anim_meetcozmo_getin_head_angle_-20,2,167,HUeRMJX1fRQ,https://www.youtube.com/watch?v=HUeRMJX1fRQ,Nods head. Eyes narrow. | lowering it's head speaking,0.5,0.0,0.0,0.0,0.5,0.0,0.0,0.0,0.0,0.0,0.0,0.0,0.0,0.0,0.0,0.0
anim_meetcozmo_getin_head_angle_20,2,255,6LLQTgog3D0,https://www.youtube.com/watch?v=6LLQTgog3D0,"It looks up and down twice. | The robot is sitting still and slight raise its head and ""blinks"" and makes an inquisitive short noise.",1.0,0.0,0.0,0.0,0.0,0.0,0.0,0.0,0.0,0.0,0.0,0.0,0.5,0.5,0.0,0.0
anim_meetcozmo_getin_head_angle_40,2,166,pSxt0Kqd468,https://www.youtube.com/watch?v=pSxt0Kqd468,Raises head up. Eyes light up. | looking up speaking,0.0,0.0,0.5,0.0,0.0,0.0,0.0,0.5,0.0,0.0,0.0,0.5,0.0,0.0,0.0,0.0
anim_meetcozmo_lookface,2,160,WMlD-46m5Ko,https://www.youtube.com/watch?v=WMlD-46m5Ko,"It looks around faintly and squints, barely moving its arms. | He moved its arms down a little bit.",0.0,0.0,0.0,0.0,0.0,0.0,0.0,0.0,0.5,0.0,0.0,0.0,0.0,0.0,0.5,0.0
anim_meetcozmo_lookface_02,2,254,3eLFw6Ek-4k,https://www.youtube.com/watch?v=3eLFw6Ek-4k,It just sits there and squints. | The robot is sitting still and furrows his eyes while letting out a whiny/annoyed noise,0.0,0.5,0.5,0.0,0.5,0.0,0.0,0.0,0.5,0.0,0.0,0.0,0.0,0.5,0.0,0.0
anim_meetcozmo_lookface_getin_head_angle_-20,2,165,kL-ywTWrjmI,https://www.youtube.com/watch?v=kL-ywTWrjmI,Raises head up. Lowers head down. Eyes light up. | lowering it's head speaking,0.0,0.0,0.0,0.0,0.5,0.0,0.0,0.0,0.0,0.0,0.0,0.0,0.0,0.0,0.0,0.5
anim_meetcozmo_lookface_getin_head_angle_20,2,253,OeLMNTc1yWU,https://www.youtube.com/watch?v=OeLMNTc1yWU,It looks up and down and shrugs it's shoulders. | The robot looks up and makes a small noise while furrowing his eyes.,0.5,0.0,0.5,0.0,0.0,0.0,0.0,0.0,0.5,0.5,0.0,0.0,0.5,0.0,0.5,0.5
anim_meetcozmo_lookface_getin_head_angle_40,2,164,j6UCQn_NnqQ,https://www.youtube.com/watch?v=j6UCQn_NnqQ,Raises head up. Shakes arms. Eyes light up. | raising it's head speaking,0.5,0.0,0.0,0.0,0.0,0.0,0.0,0.5,0.0,0.0,0.0,0.5,0.0,0.0,0.0,0.0
anim_meetcozmo_lookface_getout_head_angle_-20,2,252,quAOpMWSYqs,https://www.youtube.com/watch?v=quAOpMWSYqs,It looks up and down and shrugs it's shoulders. | The robot is sitting still then looks up and dings and huddles down.,0.0,0.5,1.0,0.0,0.0,0.0,0.5,0.0,0.0,0.0,0.5,0.0,0.5,0.0,0.0,0.0
anim_meetcozmo_lookface_getout_head_angle_20,2,163,GgdhlP8DAUY,https://www.youtube.com/watch?v=GgdhlP8DAUY,Raises body up a bit. Eyes light up. | jumping ringing an alarm,0.0,0.0,0.0,0.0,0.0,0.0,0.0,1.0,0.0,0.0,0.0,0.5,0.0,0.0,0.0,0.0
anim_meetcozmo_lookface_getout_head_angle_40,2,251,MCYGNzOdvAs,https://www.youtube.com/watch?v=MCYGNzOdvAs,It looks up and make a ding akin to a chime. | the robot looks upwards.,0.5,0.0,0.0,0.5,0.0,0.0,0.0,0.0,0.0,0.0,0.0,0.0,0.0,0.0,0.0,0.0
anim_meetcozmo_lookface_head_angle_-20,2,162,VuYTzitDwkM,https://www.youtube.com/watch?v=VuYTzitDwkM,Stands still. Lights turn on and off. | turning on,0.0,0.0,0.0,0.0,0.0,0.0,0.0,0.0,0.0,0.5,0.0,0.0,0.5,0.0,0.0,0.0
anim_meetcozmo_lookface_head_angle_20,2,250,4pVir1bB2H4,https://www.youtube.com/watch?v=4pVir1bB2H4,It squints and makes a small arm movement. | the robot has sorrow.,0.0,0.0,0.0,0.0,0.0,0.0,0.5,0.0,0.0,0.0,0.0,0.0,0.0,0.0,0.5,0.0
anim_meetcozmo_lookface_head_angle_40,2,161,KL7P-adOL7s,https://www.youtube.com/watch?v=KL7P-adOL7s,"It looks up, squinting then closing its eyes. | He lifted its head, and moved its arms down a bit",0.0,0.0,0.0,0.0,0.0,0.0,0.0,0.0,0.0,0.0,0.0,0.5,0.5,0.0,0.0,0.5
anim_meetcozmo_lookface_interrupt,2,249,y62FmyifsN8,https://www.youtube.com/watch?v=y62FmyifsN8,It makes a faint sound with small arm movement. | the robot become confused.,0.0,0.0,0.5,0.5,0.0,0.0,0.0,0.5,0.0,0.0,0.0,0.0,0.0,0.0,0.0,0.0
anim_meetcozmo_reenrollment_sayname_01,2,248,Fe_ljOe720g,https://www.youtube.com/watch?v=Fe_ljOe720g,"It looks up, squints and waves its arms around in joy. | the robot feels thankful.",0.0,0.0,0.0,0.5,0.0,0.0,0.0,0.5,0.0,0.5,0.0,0.0,0.0,0.0,0.0,0.0
anim_meetcozmo_reenrollment_sayname_02,2,159,M4v9K0kF5Jg,https://www.youtube.com/watch?v=M4v9K0kF5Jg,"It moves back excitedly, slams its arms, nods its head while giving an approving sound. | He moved back a little, and moved forward while shaking its head",0.5,0.0,0.5,0.5,0.0,0.0,0.0,0.0,0.0,0.0,0.0,0.0,0.0,0.0,0.0,0.0
anim_meetcozmo_reenrollment_sayname_03,2,247,uSK37XDg-VQ,https://www.youtube.com/watch?v=uSK37XDg-VQ,It waves its arms around happily. | the robot feels joyful.,0.0,0.0,0.0,0.5,0.0,0.0,0.0,0.5,0.0,0.0,0.0,0.0,0.0,0.0,0.0,0.0
anim_meetcozmo_sayname_01_head_angle_-20,2,158,5fsk2A0CHHw,https://www.youtube.com/watch?v=5fsk2A0CHHw,"It looks down, moves left, moves its arms slightly while making a small sound. | He moved a little.",0.5,0.0,0.0,0.5,0.0,0.0,0.0,0.0,0.0,0.0,0.0,0.0,0.0,0.0,0.0,0.5
anim_meetcozmo_sayname_01_head_angle_20,2,246,X-SZZc3zomA,https://www.youtube.com/watch?v=X-SZZc3zomA,"It looks up and down, making a worried expression and sound. | the robot looks upwards.",0.5,0.0,0.0,0.0,0.0,0.0,0.5,0.0,0.0,0.0,0.0,0.0,0.0,0.0,0.0,0.0
anim_meetcozmo_sayname_01_head_angle_40,2,157,1L78F28Q2QM,https://www.youtube.com/watch?v=1L78F28Q2QM,"It looks around and moves left, finally looking up. | He moved its head a little.",0.5,0.0,0.0,0.0,0.0,0.0,0.0,0.0,0.0,0.0,0.0,0.0,0.5,0.0,0.0,0.0
anim_meetcozmo_sayname_02_head_angle_-20,2,245,CIZB7xKWvP8,https://www.youtube.com/watch?v=CIZB7xKWvP8,"It looks down and makes an ""Ohh"" sound. | the robot downs its head.",0.5,0.0,0.0,0.5,0.0,0.0,0.5,0.0,0.0,0.0,0.0,0.0,0.0,0.0,0.0,0.0
anim_meetcozmo_sayname_02_head_angle_20,2,156,FCtXu59sGX8,https://www.youtube.com/watch?v=FCtXu59sGX8,"It looks around, moves back, moving its arms and makes a happy sound with happy eyes. | He moved its arms a little, and moved back",0.0,0.0,0.0,0.0,0.0,0.0,0.0,0.5,0.0,0.5,0.0,0.5,0.0,0.0,0.5,0.0
anim_meetcozmo_sayname_02_head_angle_40,2,244,XDOpha5mhqU,https://www.youtube.com/watch?v=XDOpha5mhqU,"It looks up and down, moves backwards, raises its arms slightly while making a noise. | the robot moves backwards and looks upwards.",1.0,0.0,0.0,0.5,0.0,0.0,0.0,0.0,0.0,0.0,0.0,0.0,0.0,0.0,0.0,0.0
anim_memorymatch_failgame_cozmo_01,2,155,2HWz9Q9UiAk,https://www.youtube.com/watch?v=2HWz9Q9UiAk,"It raises its arms and slams them to the ground repeatedly, moving 360 degrees while doing so. | He lifted its arms, and then slammed it while moving in circles",0.0,0.0,0.0,0.0,0.5,0.0,0.0,0.0,1.0,0.0,0.0,0.0,0.0,0.0,0.0,0.5
anim_memorymatch_failgame_cozmo_02,2,243,_sNS5F7nk28,https://www.youtube.com/watch?v=_sNS5F7nk28,It moves backwards and starts waving its arms around frantically. | the robot become anger.,0.0,0.0,0.0,0.0,0.0,0.0,0.0,0.0,1.0,0.0,0.0,0.0,0.0,0.0,0.5,0.0
anim_memorymatch_failgame_cozmo_03,2,154,YqDc5T2c53M,https://www.youtube.com/watch?v=YqDc5T2c53M,"It looks up with puppy dog eyes while making a depressed sound. | He lifted its head slowly, and slowly back down.",0.0,0.0,0.0,0.0,0.5,0.0,1.0,0.0,0.0,0.0,0.0,0.0,0.0,0.0,0.0,0.0
anim_memorymatch_failgame_player_01,2,242,PrKIC6WZ9K8,https://www.youtube.com/watch?v=PrKIC6WZ9K8,It jostles happily with its head. | the robot fear about something.,0.0,0.0,0.0,0.5,0.0,0.0,0.0,0.5,0.0,0.0,0.5,0.0,0.0,0.0,0.0,0.0
anim_memorymatch_failgame_player_02,2,153,o0FCIgNOPbY,https://www.youtube.com/watch?v=o0FCIgNOPbY,It raises its arms up and down quickly while moving in a half circle rapidly. | He moved in circles while raising his arms up and down,0.0,0.0,0.0,0.0,0.5,0.0,0.0,0.5,0.5,0.5,0.0,0.0,0.0,0.0,0.0,0.0
anim_memorymatch_failgame_player_03,2,241,s3CdJ2w25Pk,https://www.youtube.com/watch?v=s3CdJ2w25Pk,"The robot has a surprised look or as if it has been taken aback. It moves slightly backward while raising and lowering it's arms and then slightly moves forwards. | stares at the camera, jumps a bit and and nods its head in happiness",0.0,0.0,0.0,0.0,0.0,0.0,0.0,0.5,0.0,0.5,0.0,0.0,0.0,0.5,0.0,0.0
anim_memorymatch_failhand_01,2,152,bj_JWtQB-Uw,https://www.youtube.com/watch?v=bj_JWtQB-Uw,"It wakes up and makes a sound, moving its arms around. | He moved its arms down.",0.0,0.0,0.0,0.0,0.0,0.0,0.0,0.0,0.0,0.0,0.0,0.0,0.5,0.5,0.0,0.0
anim_memorymatch_failhand_02,2,240,GBfNJ7JyctY,https://www.youtube.com/watch?v=GBfNJ7JyctY,"The robot has a confused or sad look to it's eyes. It goes from looking down, to looking up. | eyes closed, then opened as is sleeping",0.0,0.0,0.5,0.0,0.0,0.0,0.5,0.0,0.0,0.0,0.0,0.0,0.0,0.5,0.0,0.0
anim_memorymatch_failhand_03,2,151,wdLNECNQH9g,https://www.youtube.com/watch?v=wdLNECNQH9g,"It looked down then back up like it was thankful or happy that i got something it wanted. | The robot did not move except for nodding its head,",0.0,0.0,0.0,0.5,0.0,0.0,0.0,0.0,0.0,0.5,0.0,0.0,0.0,0.0,0.0,0.0
anim_memorymatch_failhand_player_01,2,239,D_F_OFKlvgQ,https://www.youtube.com/watch?v=D_F_OFKlvgQ,"The robot moves in a way that could signify frustration or contempt, moving it's head up and down while slightly moving forwards. | charges straight a bit and throws its arms up, laughing",0.0,0.0,0.0,0.0,0.5,0.0,0.0,0.5,0.5,0.5,0.0,0.0,0.0,0.0,0.0,0.0
anim_memorymatch_failhand_player_02,2,150,Q1RV72kOrDc,https://www.youtube.com/watch?v=Q1RV72kOrDc,It blinked moved forward raised it's arms then moved backward and lowered it's arms back like it just got a scooby snack and wants another one. | The robot moved slightly forward while shaking its head in an agitated fashion.,0.0,0.0,0.0,0.0,0.5,0.0,0.0,0.0,0.0,0.0,0.0,0.0,0.0,0.0,0.0,0.5
anim_memorymatch_failhand_player_03,2,238,QOIWktTth7o,https://www.youtube.com/watch?v=QOIWktTth7o,The robot moves it's head and arms up and down in a motion that could signify frustration or anger. | looks up and throws its arms in a fit,0.0,0.0,0.0,0.0,0.5,0.0,0.0,0.5,1.0,0.0,0.0,0.0,0.0,0.0,0.0,0.0
anim_memorymatch_getout_01,2,149,BWxL0DYgfdc,https://www.youtube.com/watch?v=BWxL0DYgfdc,I think it barely backed up and raised it's head a tiny amount then stopped like it was alarmed at something it saw or ran into unexpectedly | The robot looked ahead in an interested manner.,0.5,0.5,0.0,0.0,0.0,0.0,0.0,0.0,0.0,0.0,0.0,0.0,0.0,0.5,0.0,0.0
anim_memorymatch_idle_01,2,237,Lwj7C9ZWLwU,https://www.youtube.com/watch?v=Lwj7C9ZWLwU,The robot makes a series of head movements while moving slightly backwards. It's movements seem timid. | looks down a bit then down towards the left slightly,0.5,0.0,0.0,0.0,0.0,0.0,0.0,0.0,0.0,0.0,0.5,0.0,0.0,0.0,0.0,0.0
anim_memorymatch_idle_02,2,148,AEP-9ove6Ds,https://www.youtube.com/watch?v=AEP-9ove6Ds,"it's eyes light up then it blinks a few times and goes back to sleep like something startled it awake and it was confused took a look then didn't see anything of interest then went back to sleep lol | The robot looked around, tilted its head a bit, and avoided moving.",0.0,0.0,1.0,0.0,0.0,0.0,0.0,0.0,0.0,0.0,0.0,0.0,0.0,0.0,0.0,0.0
anim_memorymatch_idle_03,2,236,ct0yHZ1qB9o,https://www.youtube.com/watch?v=ct0yHZ1qB9o,The robot blinks while making a faint noise and very slight movement. It seems to be bored or unengaged. | looks straight ahead in silence,0.0,0.0,0.0,0.0,0.0,0.0,0.0,0.0,0.0,0.0,0.0,0.5,0.5,0.0,0.0,0.0
anim_memorymatch_point_player_audio,2,147,d8tEtvTBwpE,https://www.youtube.com/watch?v=d8tEtvTBwpE,It literally did nothing must be bored | The robot simply sat there without making any movement.,0.0,0.0,0.0,0.0,0.0,0.0,0.0,0.0,0.0,0.0,0.0,0.0,1.0,0.0,0.0,0.0
anim_memorymatch_pointbigleft_01,2,235,iO0r9DnAl9E,https://www.youtube.com/watch?v=iO0r9DnAl9E,"The robot focuses it's eyes, blinks and then turns to the left while raising and lowering it's arms. | looks quickly to its right",0.5,0.5,0.0,0.0,0.5,0.0,0.0,0.0,0.0,0.0,0.0,0.0,0.0,0.5,0.0,0.0
anim_memorymatch_pointbigleft_02,2,146,l3ne3BDHCsw,https://www.youtube.com/watch?v=l3ne3BDHCsw,it's eyes moved to the left then up then right then it turned it's whole body to the right while raising it's arms and slamming them down like it was angry with something | The robot looked around before quickly jolting to the right.,0.0,0.0,0.0,0.0,0.5,0.0,0.0,0.0,0.5,0.0,0.0,0.0,0.0,0.0,0.0,0.0
anim_memorymatch_pointbigleft_fast_01,2,234,K_mJnkxtyyM,https://www.youtube.com/watch?v=K_mJnkxtyyM,The robot turns slightly to the left while raising and lowering it's arms and making a faint sound. It's eyes make a sad or confused expression | looks quickly to the right,0.0,0.5,0.5,0.0,0.5,0.0,0.0,0.0,0.0,0.0,0.0,0.0,0.0,0.0,0.0,0.0
anim_memorymatch_pointbigleft_fast_02,2,145,zT_FSkx9wkg,https://www.youtube.com/watch?v=zT_FSkx9wkg,It's eyes and body turned to the left like it again saw something i did not like and turned away in disgust | The robot moved suddenly.,0.0,0.0,0.0,0.0,0.5,0.0,0.0,0.0,0.0,0.0,0.0,0.0,0.0,0.0,0.5,0.0
anim_memorymatch_pointbigright_01,2,233,nnR7K9j6vcQ,https://www.youtube.com/watch?v=nnR7K9j6vcQ,The robot turns to it's right while raising and lowering it's arms and head as if it was addressing something. It also makes a noise. | looks quickly to the left,0.0,1.0,0.0,0.0,0.0,0.0,0.0,0.0,0.0,0.0,0.0,0.0,0.0,0.0,0.0,0.0
anim_memorymatch_pointbigright_02,2,144,Ju77MlzImvY,https://www.youtube.com/watch?v=Ju77MlzImvY,It's eyes moved to lower left corner then it turned to the left like it saw something and wanted to get away from in in disgust | The robot jumped to the side suddenly.,0.0,0.0,0.0,0.0,0.0,0.0,0.0,0.0,0.0,0.0,0.0,0.0,0.0,0.5,0.5,0.0
anim_memorymatch_pointbigright_fast_01,2,232,uWBkCNYIfE8,https://www.youtube.com/watch?v=uWBkCNYIfE8,The robot turns to it's right while quickly raising and lowering it's arms and nodding it's head as if surprised. | jumps to the left and looks that way,0.0,1.0,0.0,0.0,0.0,0.0,0.0,0.0,0.0,0.0,0.0,0.0,0.0,0.5,0.0,0.0
anim_memorymatch_pointbigright_fast_02,2,143,Qs7_0dG1Y8o,https://www.youtube.com/watch?v=Qs7_0dG1Y8o,I think it lowered his head a bit? then turned in disgust | The robot jumped in fear.,0.0,0.0,0.0,0.0,0.0,0.0,0.0,0.0,0.0,0.0,0.5,0.0,0.0,0.0,0.5,0.0
anim_memorymatch_pointcenter_01,2,231,O9NWdcz4CH0,https://www.youtube.com/watch?v=O9NWdcz4CH0,The robot jumped forward like it was catching something. | the robot looks angry.,0.5,0.0,0.0,0.0,0.0,0.0,0.0,0.0,0.5,0.0,0.0,0.0,0.0,0.0,0.0,0.0
anim_memorymatch_pointcenter_02,2,142,O9k4wzx9ZKQ,https://www.youtube.com/watch?v=O9k4wzx9ZKQ,both iuts eyes twitched than it raised it's arms? then dropped them like it was frustrated. | The robot looks around in frustration.,0.0,0.0,0.0,0.0,1.0,0.0,0.0,0.0,0.0,0.0,0.0,0.0,0.0,0.0,0.0,0.0
anim_memorymatch_pointcenter_03,2,230,UhrSovJAtfQ,https://www.youtube.com/watch?v=UhrSovJAtfQ,The robot looked down then its head and arms jumped up. | the robot looks frustrated.,0.0,0.5,0.0,0.0,0.5,0.0,0.0,0.0,0.0,0.0,0.0,0.0,0.0,0.0,0.0,0.0
anim_memorymatch_pointcenter_fast_01,2,141,beneYpW4xE8,https://www.youtube.com/watch?v=beneYpW4xE8,"The robot stares down, moves its arms up and down, and then quickly focuses its eyes again. | the robot confused",0.0,0.5,0.5,0.0,0.0,0.0,0.0,0.0,0.0,0.0,0.0,0.0,0.0,0.5,0.0,0.0
anim_memorymatch_pointcenter_fast_02,2,229,YeIwe4cCQ5g,https://www.youtube.com/watch?v=YeIwe4cCQ5g,The robot shook it's head and arms in agreement. | the robot looks bored and looks down.,0.0,0.0,0.0,0.5,0.0,0.0,0.0,0.0,0.0,0.0,0.0,0.0,0.5,0.0,0.0,0.0
anim_memorymatch_pointcenter_fast_03,2,140,rTCsinP68Gg,https://www.youtube.com/watch?v=rTCsinP68Gg,The robot blinks and then slightly looks side to side and then quickly moves its arms up and down. | the robot blinks the eye,0.0,0.0,0.0,0.0,0.0,0.0,0.0,0.0,0.5,0.5,0.5,0.0,0.0,0.0,0.0,0.0
anim_memorymatch_pointsmallleft_01,2,228,IFj6-6u0vzM,https://www.youtube.com/watch?v=IFj6-6u0vzM,The robot moved like it heard a sound in the right direction. | the robot looks desired and surprised and turns to side.,0.5,0.5,0.0,0.0,0.0,0.0,0.0,0.0,0.0,0.0,0.0,0.0,0.0,1.0,0.0,0.5
anim_memorymatch_pointsmallleft_02,1,139,I4XW83yCjXU,https://www.youtube.com/watch?v=I4XW83yCjXU,The robot stares downward and then quickly turns and moves its arms up and down quickly and then focuses its eyes.,0.0,0.0,0.0,0.0,1.0,0.0,0.0,0.0,1.0,0.0,0.0,0.0,0.0,1.0,1.0,0.0
anim_memorymatch_pointsmallleft_fast_01,2,227,GJoZ3_moLlM,https://www.youtube.com/watch?v=GJoZ3_moLlM,The robot made a sudden jump to the right. | the robot looks surprised and turns to side.,0.0,0.5,0.0,0.0,0.0,0.0,0.0,0.0,0.0,0.0,0.0,0.0,0.0,0.5,0.0,0.0
anim_memorymatch_pointsmallleft_fast_02,2,138,sokPlhJxU1c,https://www.youtube.com/watch?v=sokPlhJxU1c,The robot blinks and then quickly turns and moves its arms up and down quickly and then focuses its eyes. | the robot blink the eye,0.5,0.5,0.0,0.0,0.0,0.0,0.0,0.0,0.5,0.0,0.0,0.0,0.0,0.5,0.0,0.5
anim_memorymatch_pointsmallright_01,2,226,ikWkK6Y7I6g,https://www.youtube.com/watch?v=ikWkK6Y7I6g,The robot looked down than a sudden jump. | the robot shows hope and understanding.,0.0,0.5,0.0,0.5,0.0,0.0,0.0,0.0,0.0,0.0,0.0,0.5,0.0,0.5,0.0,0.0
anim_memorymatch_pointsmallright_02,1,137,xAP7rRGMwNs,https://www.youtube.com/watch?v=xAP7rRGMwNs,The robot quickly turns and moves its arms up and down quickly and then focuses its eyes.,0.0,1.0,0.0,0.0,0.0,0.0,0.0,0.0,1.0,0.0,0.0,0.0,0.0,1.0,0.0,0.0
anim_memorymatch_pointsmallright_fast_01,2,225,TX6G92sH_0I,https://www.youtube.com/watch?v=TX6G92sH_0I,The robot looked around and made a sudden jump. | the robot shows understanding and does accordingly.,0.0,0.5,0.0,0.5,0.0,0.0,0.0,0.0,0.0,0.0,0.0,0.0,0.0,0.5,0.0,0.0
anim_memorymatch_pointsmallright_fast_02,2,136,PM3yAfcfhrw,https://www.youtube.com/watch?v=PM3yAfcfhrw,The robot quickly turns and moves its arms up and down quickly and then focuses its eyes. | the robot is move,0.0,0.5,0.0,0.0,0.0,0.0,0.0,0.0,0.5,0.0,0.5,0.0,0.0,0.5,0.0,0.0
anim_memorymatch_reacttopattern_01,2,224,oJkFiUyt5YQ,https://www.youtube.com/watch?v=oJkFiUyt5YQ,The robot is looking down and making a sniffing sound. | the robot shows gratitude.,0.0,0.0,0.0,0.0,0.0,0.0,0.5,0.0,0.0,0.5,0.0,0.0,0.0,0.0,0.0,0.0
anim_memorymatch_reacttopattern_02,2,135,mEPiojUu51w,https://www.youtube.com/watch?v=mEPiojUu51w,The robot slightly looks side to side and then focuses its attention. | the robot blink the eye,0.5,0.5,0.0,0.0,0.0,0.0,0.0,0.0,0.0,0.0,0.0,0.0,0.0,0.0,0.0,0.5
anim_memorymatch_reacttopattern_standard_01,2,223,AWICADFzQ7c,https://www.youtube.com/watch?v=AWICADFzQ7c,The robot's eyes got big and it made a sound. | the robot looks frightened as it moves back.,0.0,0.0,0.0,0.0,0.0,0.0,0.0,0.0,0.0,0.0,0.5,0.0,0.0,0.5,0.0,0.0
anim_memorymatch_reacttopattern_struggle_01,2,134,kIJZgaJOsME,https://www.youtube.com/watch?v=kIJZgaJOsME,The robot looks around with its eyes suspiciously side to side and then nods its head and arms. | the robot shakes,1.0,0.5,0.0,0.0,0.0,0.0,0.0,0.0,0.0,0.0,0.0,0.0,0.0,0.0,0.0,0.0
anim_memorymatch_reacttopattern_struggle_02,2,222,z-9yWeHGqHk,https://www.youtube.com/watch?v=z-9yWeHGqHk,The robot's eyes crossed and it moved backwards while making a sound. | the robot is feeling alerted.,0.0,0.5,0.5,0.0,0.0,0.0,0.0,0.0,0.0,0.0,0.0,0.0,0.0,0.0,0.0,0.0
anim_memorymatch_reacttopattern_struggle_03,2,133,Lj6e6f1uHsc,https://www.youtube.com/watch?v=Lj6e6f1uHsc,The robot is shaking it's head with it's eyes closed and then lifts it's arm and opens its eyes. | the robot is enough to game,0.5,1.0,0.0,0.0,0.5,0.0,0.0,0.0,0.0,0.0,0.0,0.0,0.0,0.5,0.0,0.0
anim_memorymatch_solo_failhand_player_01,2,221,Au__b51MfjQ,https://www.youtube.com/watch?v=Au__b51MfjQ,the robot was very joy | the robot is moving,0.0,0.0,0.0,0.0,0.0,0.0,0.0,0.5,0.0,0.5,0.0,0.0,0.0,0.5,0.0,0.5
anim_memorymatch_solo_failhand_player_02,2,132,VYl5ec6OhvM,https://www.youtube.com/watch?v=VYl5ec6OhvM,The robot is nodding it's head then lifting its arm up and down. | the robot blink,0.5,0.0,0.0,0.0,0.5,0.0,0.0,0.0,0.0,0.5,0.0,0.0,0.0,0.0,0.0,0.5
anim_memorymatch_solo_failhand_player_03,2,220,33KQWfx5U7c,https://www.youtube.com/watch?v=33KQWfx5U7c,understanding with area | the robot is moving,0.5,0.5,0.0,1.0,0.0,0.0,0.0,0.0,0.0,0.0,0.0,0.0,0.0,0.0,0.0,0.0
anim_memorymatch_solo_reacttopattern_01,2,131,2CrVR2fHVRs,https://www.youtube.com/watch?v=2CrVR2fHVRs,The robot gets a very suspicious look on his face and then slowly moves forwards as if he doesn't trust something or someone. | the robot work to eye rotate and move,0.0,0.5,0.5,0.0,0.0,0.0,0.0,0.0,0.0,0.0,0.0,0.0,0.0,0.0,0.0,0.0
anim_memorymatch_solo_reacttopattern_02,2,219,oatnc0qPYp4,https://www.youtube.com/watch?v=oatnc0qPYp4,the robot is very confusion | the robot just moving,0.0,0.0,0.5,0.0,0.0,0.5,0.0,0.0,0.0,0.5,0.0,0.5,0.0,0.0,0.0,0.0
anim_memorymatch_solo_reacttopattern_03,2,130,M41GdhHNpPE,https://www.youtube.com/watch?v=M41GdhHNpPE,The robot narrows his eyes and this expression makes him seem very angry about something. | the robot was eye blink up and down,0.0,0.0,0.0,0.0,0.0,0.0,0.0,0.0,0.5,0.0,0.0,0.0,0.0,0.0,0.0,0.5
anim_memorymatch_solo_successgame_player_01,2,218,5dVJQ5WEZ_k,https://www.youtube.com/watch?v=5dVJQ5WEZ_k,it is very anger | the robot is moving,0.0,0.0,0.5,0.0,0.0,0.0,0.5,0.0,1.0,0.0,0.0,0.0,0.0,0.0,0.0,0.0
anim_memorymatch_solo_successgame_player_02,2,129,OHSQFFgJhKc,https://www.youtube.com/watch?v=OHSQFFgJhKc,The robot slams his arms down and this makes it seem like he has become very frustrated about something. | the robot work to shake and move and eye blink,0.0,0.0,0.0,0.0,0.5,0.0,0.0,0.0,0.0,0.0,0.5,0.0,0.0,0.0,0.0,0.0
anim_memorymatch_solo_successgame_player_03,2,217,Syot1-yvhTo,https://www.youtube.com/watch?v=Syot1-yvhTo,it given to surprise | the robot is moving on whole body,0.5,0.0,0.0,0.0,0.0,0.5,0.0,0.0,0.0,0.0,0.0,0.5,0.0,0.5,0.0,0.0
anim_memorymatch_successhand_cozmo_01,2,128,Qn5giyF7Ifc,https://www.youtube.com/watch?v=Qn5giyF7Ifc,The robot appears to be very sad about something with a downcast look on his face. He then jumps back and this gives off the impression that he became surprised. | the robot work to eye blink up and down,0.0,0.0,0.0,0.0,0.0,0.0,0.5,0.0,0.0,0.0,0.0,0.0,0.0,0.5,0.5,0.0
anim_memorymatch_successhand_cozmo_02,2,216,62AOlQU-f2o,https://www.youtube.com/watch?v=62AOlQU-f2o,the robot is very sorrow | the robot moving like a toy movement,0.5,0.0,0.0,0.0,0.0,0.0,0.5,0.5,0.0,0.0,0.0,0.0,0.0,0.5,0.0,0.0
anim_memorymatch_successhand_cozmo_03,2,127,810BNz5Nsnc,https://www.youtube.com/watch?v=810BNz5Nsnc,The robot running around in circles and using the hand motions that he is makes it seem like he's very angry or frustrated about something. | the robot work to shake and move,0.0,0.0,0.0,0.0,0.5,0.0,0.0,0.5,0.0,0.0,0.0,0.0,0.0,0.0,0.0,0.0
anim_memorymatch_successhand_cozmo_04,2,215,_vChG2IsSQ0,https://www.youtube.com/watch?v=_vChG2IsSQ0,it is very joy | the robot is moving on circle,0.5,0.0,0.0,0.0,0.0,0.5,0.0,0.5,0.0,0.0,0.0,0.0,0.0,0.5,0.0,0.0
anim_memorymatch_successhand_player_01,2,126,5YI_hMLDmMU,https://www.youtube.com/watch?v=5YI_hMLDmMU,The robot in the video looks up and down and it's eyes suddenly change size and this makes it seem like he's very confused. | the robot work to eye blink and move,0.0,0.0,0.5,0.0,0.0,0.0,0.0,0.0,0.0,0.0,0.0,0.0,0.0,0.5,0.0,0.0
anim_memorymatch_successhand_player_02,2,214,NFXNN-JHcsM,https://www.youtube.com/watch?v=NFXNN-JHcsM,it is through the understating | the robot moving is good,0.5,0.0,0.0,0.5,0.0,0.0,0.0,0.0,0.0,0.5,0.0,0.0,0.0,0.5,0.0,0.0
anim_memorymatch_successhand_player_03,2,125,aHsiMEyfHPY,https://www.youtube.com/watch?v=aHsiMEyfHPY,The robot jumps backwards and looks all around and this gives off the impression that he was surprised. | the robot work to head shake and eye blink,0.0,0.0,0.0,0.0,0.0,0.0,0.0,0.5,0.0,0.0,0.0,0.0,0.5,0.5,0.0,0.0
anim_mm_newidea,2,213,HVXNhDtPJeE,https://www.youtube.com/watch?v=HVXNhDtPJeE,it is very anger | robot top side is just moving,0.0,0.0,0.0,0.5,0.0,0.5,0.0,0.0,0.5,0.0,0.0,0.5,0.0,0.0,0.0,0.0
anim_mm_thinking,1,124,v6Julx1m7Ic,https://www.youtube.com/watch?v=v6Julx1m7Ic,"At first, the robot seems like something surprised it with the shocked and big eyed look on it's face. Then this expression seems to change to confusion.",0.0,0.0,1.0,0.0,0.0,0.0,0.0,0.0,0.0,0.0,0.0,0.0,0.0,1.0,0.0,0.0
anim_motiontrack_turnsmall,2,212,B5hD3kw3_vk,https://www.youtube.com/watch?v=B5hD3kw3_vk,it very confused | the robot is not moving,0.0,0.0,0.5,0.0,0.0,0.0,0.5,0.0,0.5,0.0,0.0,0.0,0.0,0.0,0.5,0.0
anim_neutral_eyes_01,2,123,bZy8IbBqviw,https://www.youtube.com/watch?v=bZy8IbBqviw,The robot appears to look around and not have much understanding of what's going on. | the robot work to eye rotate,0.0,0.0,1.0,0.0,0.0,0.0,0.0,0.0,0.0,0.0,0.0,0.0,0.0,0.0,0.0,0.0
anim_pause_idle_01,2,211,qZGaiuDFatY,https://www.youtube.com/watch?v=qZGaiuDFatY,"The robot blinks a few times and moves its head up and down, it seems to be very bored, without anything to do. | the robot is relief",0.0,0.0,0.0,0.0,0.0,0.5,0.0,0.0,0.0,0.0,0.0,0.0,0.5,0.0,0.0,0.0
anim_pause_idle_02,2,122,cx1KSbLoycM,https://www.youtube.com/watch?v=cx1KSbLoycM,The robot appeared to look around and then realized it was alone and suddenly looked very sad. | the robot work to eye blink up and down,0.0,0.0,0.0,0.0,0.0,0.0,0.5,0.0,0.0,0.0,0.0,0.5,0.0,0.0,0.0,0.0
anim_pause_idle_03,2,210,OwnUa8OXRco,https://www.youtube.com/watch?v=OwnUa8OXRco,"The robot has very few movements. The head starts off level, then lowers a bit to show that it might be sad. | the robot is sorrow",0.0,0.0,0.0,0.0,0.0,0.0,1.0,0.0,0.0,0.0,0.0,0.0,0.0,0.0,0.0,0.0
anim_peekaboo_fail_01,2,121,AB-wPdUfcC8,https://www.youtube.com/watch?v=AB-wPdUfcC8,"It looks up and shakes its head, then looks up again. | the robot is see up and down then front back move lightly",0.0,0.0,0.0,0.5,0.0,0.0,0.0,0.5,0.0,0.0,0.0,0.0,0.0,0.0,0.0,0.0
anim_peekaboo_failgetout_01,2,209,DGfwN800Fgs,https://www.youtube.com/watch?v=DGfwN800Fgs,"The robot start off shaking its head in a displeasing way, the audio that comes out of it sounds like ""what? nooooo."" It then turns away from you in a disgusted way. | the robot is desire",0.0,0.0,0.0,0.0,0.5,0.0,0.0,0.0,0.0,0.0,0.0,0.0,0.0,0.0,0.5,0.5
anim_peekaboo_getin_01,2,120,cEsFWoO8qpY,https://www.youtube.com/watch?v=cEsFWoO8qpY,It moves its head up and down and scoots forward a little bit. | the robot is frontly move,0.0,0.0,0.0,0.5,0.0,0.0,0.0,0.0,0.0,0.0,0.0,0.0,0.0,0.0,0.0,0.5
anim_peekaboo_idle_01,2,208,NWKGS5uCOug,https://www.youtube.com/watch?v=NWKGS5uCOug,The robot raises its head and just stares forward. The eye movement seems to suggest it's confused or thinking about something. | the robot is hope,0.5,0.0,0.5,0.0,0.0,0.0,0.0,0.0,0.0,0.0,0.0,0.5,0.0,0.0,0.0,0.0
anim_peekaboo_idle_02,2,119,foYL5feb8Yc,https://www.youtube.com/watch?v=foYL5feb8Yc,It moves its eyes around a bit. | the robot is dont move eyes only see,0.5,0.0,0.5,0.0,0.0,0.0,0.0,0.0,0.0,0.0,0.0,0.0,0.0,0.0,0.0,0.0
anim_peekaboo_idle_03,2,207,z0Ayr_2gLR4,https://www.youtube.com/watch?v=z0Ayr_2gLR4,The robot doesn't do much other than tilt it's head upward and blink. Maybe its interested in something? | the robot is frustration,0.5,0.0,0.0,0.0,0.5,0.0,0.0,0.0,0.0,0.0,0.0,0.0,0.0,0.0,0.0,0.0
anim_peekaboo_requestonce_01,2,117,N_a8xETXa1M,https://www.youtube.com/watch?v=N_a8xETXa1M,"It moves it's head down, then brings its arms up and down. | fear is star so dont move the robot",0.0,0.0,0.0,0.0,0.0,0.0,0.0,0.0,0.0,0.0,0.5,0.0,0.0,0.0,0.5,0.0
anim_peekaboo_requestshorts_01,2,206,dknLYkR_5Cs,https://www.youtube.com/watch?v=dknLYkR_5Cs,"The robot seems interested in something out of the camera view. This action reminds me of when I hold a treat up in front of my dogs. It looks down, then up at you and sounds like it asks a question. In my mind that's what my dogs are doing for their treat, in their mind saying ""oooh can i have it?"" This is what it looks like the robot is doing to me. | the robot is confusion",0.5,0.0,0.5,0.0,0.0,0.0,0.0,0.0,0.0,0.0,0.0,0.0,0.0,0.0,0.0,0.5
anim_peekaboo_requestthrice_01,2,116,p0Wwc98q4yk,https://www.youtube.com/watch?v=p0Wwc98q4yk,"It lifts and drops its arms, and moves its head up and down. | the robot is very angry",0.0,0.0,0.0,0.0,0.0,0.0,0.0,0.0,0.5,0.0,0.0,0.0,0.0,0.0,0.0,0.5
anim_peekaboo_requesttwice_01,2,205,b0J1uY36K0U,https://www.youtube.com/watch?v=b0J1uY36K0U,The robot seems fed up with something. It turns to the side and raises its arms then throws them to the ground in what seems to be like a frustrating way. | the robot is anger,0.0,0.0,0.0,0.0,0.5,0.0,0.0,0.0,1.0,0.0,0.0,0.0,0.0,0.0,0.0,0.0
anim_peekaboo_success_01,1,115,-W6IErlM8n4,https://www.youtube.com/watch?v=-W6IErlM8n4,the robot is struck and what action is next so confusion,0.0,0.0,1.0,0.0,0.0,0.0,0.0,0.0,0.0,0.0,0.0,0.0,0.0,0.0,0.0,0.0
anim_peekaboo_success_02,2,204,UHkSC7ezXsU,https://www.youtube.com/watch?v=UHkSC7ezXsU,"The robot seems to be throwing a temper tantrum. It backs up, with quick rapid movements of its arms and head. It seems displeased. | the robot is joy",0.0,0.0,0.0,0.0,0.5,0.0,0.0,0.5,0.5,0.0,0.0,0.0,0.0,0.0,0.0,0.0
anim_peekaboo_success_03,2,114,Ku-ro-LnOio,https://www.youtube.com/watch?v=Ku-ro-LnOio,"The robot moves back and forth, and moves its head around. | the robot was just angry and front and back move",0.0,0.0,0.0,0.0,0.0,0.0,0.0,0.5,0.5,0.0,0.0,0.0,0.0,0.0,0.0,0.0
anim_peekaboo_successgetout_01,2,203,hoZgo1ozhTE,https://www.youtube.com/watch?v=hoZgo1ozhTE,"The robot initially lowers its head, then raises it's head and arms and seems to laugh. | the robot is confusion",0.0,0.0,0.5,0.0,0.0,0.0,0.0,0.5,0.0,0.0,0.0,0.0,0.0,0.5,0.0,0.0
anim_petdetection_cat_01,2,201,sx_RXRMejRo,https://www.youtube.com/watch?v=sx_RXRMejRo,The robot looks like he is trying to play with something by moving back and forth and engage with something. | the robot moves backwards.,1.0,0.0,0.0,0.0,0.0,0.0,0.0,0.5,0.0,0.0,0.0,0.0,0.5,0.5,0.0,0.0
anim_petdetection_cat_01_head_angle_-20,2,113,sqOzPPVOgog,https://www.youtube.com/watch?v=sqOzPPVOgog,"The robot moves back and forth, and moves its head and arms around. | the robot was front move is happy to work",1.0,0.0,0.0,0.0,0.0,0.0,0.0,0.0,0.0,0.0,0.0,0.0,0.0,0.0,0.0,0.0
anim_petdetection_cat_01_head_angle_20,2,202,4fxWb788_3Q,https://www.youtube.com/watch?v=4fxWb788_3Q,"The robot seems to be acting like a cat, meowing and all. It seems to be a happy cat, maybe one that just saw its master come home. It initially backs up, followed by a wiggle and raising its arms a bit. It then shakes its head and meows. | the robot feel is fear",0.0,0.0,0.0,0.0,0.0,0.0,0.0,0.5,0.0,0.0,0.5,0.0,0.0,0.0,0.0,0.0
anim_petdetection_cat_01_head_angle_40,2,112,A_JcN6KgIYo,https://www.youtube.com/watch?v=A_JcN6KgIYo,"The robot backs up and then moves its head up and down, and then taps. | the robot was happy to work",0.5,0.0,0.5,0.0,0.0,0.0,0.0,0.0,0.0,0.0,0.0,0.0,0.0,0.0,0.0,0.0
anim_petdetection_cat_02_head_angle_-20,2,111,U_9MJyZle9A,https://www.youtube.com/watch?v=U_9MJyZle9A,"The robot taps on the ground, moves its head, and then taps some more. | first robot is start then the robot was struck and angry",0.0,0.0,0.5,0.0,0.0,0.0,0.0,0.0,0.5,0.0,0.0,0.0,0.0,0.0,0.0,0.0
anim_petdetection_cat_02_head_angle_20,2,200,dmBJ4Y4YYKY,https://www.youtube.com/watch?v=dmBJ4Y4YYKY,The robot is hitting the floor and looks annoyed and sounds like he is growling and trying to scare something. | the robot feels boredom.,0.0,0.5,0.0,0.0,0.0,0.0,0.0,0.0,0.0,0.0,0.0,0.0,0.5,0.0,0.5,0.0
anim_petdetection_cat_02_head_angle_40,2,110,8pOfAjehkHk,https://www.youtube.com/watch?v=8pOfAjehkHk,"The robot looks up and taps its arm then lunges forward and moves a bit tapping its arm. | suddenly wakes up, startled, hits ground with arms, lunges and playfully attacks with arms",0.5,0.0,0.0,0.0,0.0,0.0,0.0,0.5,0.5,0.0,0.0,0.0,0.0,0.5,0.0,0.0
anim_petdetection_dog_01,2,108,_7xp6BV0wAA,https://www.youtube.com/watch?v=_7xp6BV0wAA,"The robot moves backward then forward. | moves forward, then back and then forward again, squints and nods",0.5,0.0,0.0,0.5,0.0,0.0,0.0,0.0,0.0,0.5,0.0,0.0,0.0,0.0,0.0,0.5
anim_petdetection_dog_01_head_angle_-20,2,199,KUbe6aZVKf4,https://www.youtube.com/watch?v=KUbe6aZVKf4,The robot is moving back and forth and making noises like something is bothering him. | the robot moves backwards and forwards.,0.5,0.5,0.0,0.0,0.5,0.0,0.0,0.0,0.0,0.0,0.0,0.0,0.0,0.0,0.0,0.0
anim_petdetection_dog_01_head_angle_20,2,109,NKta9j9fJ3o,https://www.youtube.com/watch?v=NKta9j9fJ3o,"The robot looks up and down then backwards and forward. | looks up, nods, moves back and forth, agreeing in a chirpy tone",0.5,0.0,0.0,0.5,0.0,0.0,0.0,0.0,0.0,0.0,0.0,0.0,0.0,0.0,0.0,0.5
anim_petdetection_dog_01_head_angle_40,2,198,bpp4rdN7G6Q,https://www.youtube.com/watch?v=bpp4rdN7G6Q,The robot looks like he is focusing on something and trying to intimidate something that he sees by communicating. | the robot moves backwards.,0.5,0.5,0.5,0.0,0.0,0.0,0.0,0.0,0.0,0.0,0.5,0.0,0.0,0.0,0.0,0.0
anim_petdetection_dog_02_head_angle_-20,2,197,EPS1ps90HQ4,https://www.youtube.com/watch?v=EPS1ps90HQ4,The robot looks like he is bored and moving around aimlessly with no plan. | the robot feels happy.,1.0,0.0,0.0,0.0,0.0,0.0,0.0,0.0,0.0,0.0,0.0,0.0,0.5,0.0,0.0,0.0
anim_petdetection_dog_02_head_angle_20,2,107,JZkD2MCETeQ,https://www.youtube.com/watch?v=JZkD2MCETeQ,"The robot looks up and down lifts it arm and rotates in a 360. | looks up, squints, moves back and forth rapidly, taps ground with arms and starts spinning around whining like an ambulance",0.0,0.5,0.0,0.0,0.5,0.0,0.0,0.0,0.0,0.0,0.0,0.0,0.0,0.0,0.0,0.0
anim_petdetection_dog_02_head_angle_40,2,196,4iHfavFq1u8,https://www.youtube.com/watch?v=4iHfavFq1u8,The robot looks like he is interested about something and moving around in circles and moving back in forth. | the robot rotates itself.,0.5,0.0,0.0,0.0,0.0,0.0,0.0,0.0,0.0,0.5,0.0,0.5,0.0,0.0,0.0,0.0
anim_petdetection_dog_03,2,95,9vhhcaougX4,https://www.youtube.com/watch?v=9vhhcaougX4,"It seems like the robot is interested in whatever is in front of it or is frustrated that whatever is in front of it is not interacting with it. | move lightly right side and center, and then straight move.",1.0,0.0,0.0,0.0,0.5,0.0,0.5,0.0,0.0,0.0,0.0,0.0,0.0,0.0,0.0,0.0
anim_petdetection_dog_03_head_angle_-20,2,106,TA1B4xSmUcU,https://www.youtube.com/watch?v=TA1B4xSmUcU,"The robot looks up and down then lifts its arm up and down. | looks around, happily taps ground, lunges forwards and laughs",0.0,0.0,0.0,0.0,0.5,0.0,0.0,0.5,0.0,0.5,0.0,0.0,0.0,0.0,0.0,0.0
anim_petdetection_dog_03_head_angle_20,2,195,fr35JV4kXGo,https://www.youtube.com/watch?v=fr35JV4kXGo,The robot looks like he is excited and is hitting the floor like it saw something it liked. | the robot sees up and down.,0.5,0.0,0.0,0.0,0.0,0.0,0.0,0.5,0.0,0.5,0.0,0.0,0.0,0.0,0.0,0.5
anim_petdetection_dog_03_head_angle_40,2,105,jqiHiYWvd6k,https://www.youtube.com/watch?v=jqiHiYWvd6k,"Thr robot loos up and lunges forward then looks around. | looks up, playfully looks ahead, squints, lunges forward playfully with arms tapping ground and laughing",0.0,0.0,0.0,0.0,0.0,0.0,0.0,0.5,0.5,0.5,0.0,0.0,0.0,0.0,0.0,0.0
anim_petdetection_misc_01_head_angle_-20,2,104,yWmB1r06W4k,https://www.youtube.com/watch?v=yWmB1r06W4k,"The robot moves up and down and backwards lifting its arm. | looks up, eyes are jumbled, moves backwards, tapping ground with arms and making a confused pitching noise",0.0,0.0,0.5,0.0,0.5,0.0,0.0,0.0,0.0,0.0,0.0,0.0,0.0,0.0,0.0,0.0
anim_petdetection_misc_01_head_angle_20,2,94,eOqn6GFw1gw,https://www.youtube.com/watch?v=eOqn6GFw1gw,The robot makes a noise that could be depicted as fear and backs up while doing so as if to move away from something frightening. | slightly moved and move back side left to back side and face move to up and down.,0.5,0.5,0.0,0.5,0.0,0.5,0.0,0.5,0.0,0.0,0.5,0.5,0.0,0.5,0.0,0.0
anim_petdetection_misc_01_head_angle_40,2,103,glDXaIk2QIg,https://www.youtube.com/watch?v=glDXaIk2QIg,"The robot looks up and down then moves backwards and around. | looks up, the eyes become jumbled, moves backwards, moving arms to tap ground",0.0,0.0,0.5,0.0,0.5,0.0,0.0,0.0,0.0,0.0,0.0,0.0,0.0,0.0,0.0,0.0
anim_petdetection_shortreaction_01,2,101,zZZcn4k3C7s,https://www.youtube.com/watch?v=zZZcn4k3C7s,"The robot lunges forward. the looks around. | moves forwards, looks up, then down, and back up",0.5,0.0,0.5,0.0,0.0,0.0,0.0,0.0,0.0,0.0,0.0,0.0,0.0,0.0,0.0,0.0
anim_petdetection_shortreaction_01_head_angle_-20,2,93,GPuJLLgHi24,https://www.youtube.com/watch?v=GPuJLLgHi24,The robot kind of looks down as if it is bored or waiting for something to happen. | up and down our face actions,0.0,0.0,0.5,0.0,0.5,0.0,0.0,0.0,0.0,0.0,0.5,0.0,0.5,0.0,0.0,0.0
anim_petdetection_shortreaction_01_head_angle_20,2,102,Vya-5eDL53E,https://www.youtube.com/watch?v=Vya-5eDL53E,"The robot looks up and down | looks up and down, making a happy noise",0.0,0.0,0.0,0.5,0.0,0.0,0.0,0.0,0.0,0.5,0.0,0.0,0.0,0.0,0.0,0.0
anim_petdetection_shortreaction_01_head_angle_40,2,92,n48Xw1zn2sM,https://www.youtube.com/watch?v=n48Xw1zn2sM,The robot moves its head and arms as if it wants something. Maybe its looking for attention. | directly to see move up and down our face,0.5,0.0,0.5,0.0,0.0,0.0,0.0,0.0,0.0,0.0,0.0,0.0,0.0,0.0,0.0,0.5
anim_petdetection_shortreaction_02_head_angle_-20,2,91,qjZiUAlqp6M,https://www.youtube.com/watch?v=qjZiUAlqp6M,The robot moves its head up and down and makes a noise that could be depicted as affirmation. | its move and up and down its own face,0.5,0.0,0.0,1.0,0.0,0.0,0.0,0.5,0.0,0.0,0.0,0.5,0.0,0.5,0.0,0.0
anim_petdetection_shortreaction_02_head_angle_20,2,100,Jmn7st56IwA,https://www.youtube.com/watch?v=Jmn7st56IwA,The robot moves its head up quickly and jerks forward a bit as if it is surprised. | fastly up and down in one time.,0.0,0.0,0.5,0.0,0.0,0.0,0.0,0.5,0.0,0.0,0.0,0.0,0.0,0.5,0.0,0.0
anim_petdetection_shortreaction_02_head_angle_40,2,90,UEpOmOVFqiM,https://www.youtube.com/watch?v=UEpOmOVFqiM,The robot shifted its eyes and then looked up expectantly. | The robot confused,0.0,0.0,1.0,0.0,0.0,0.0,0.0,0.0,0.0,0.0,0.0,0.0,0.0,0.0,0.0,0.5
anim_play_driving_end_01,2,99,ag5EVD4UaPs,https://www.youtube.com/watch?v=ag5EVD4UaPs,The robot looks around and then makes a noise that sounds like it could be confused. | its very angry and move one eye to up side.,0.0,0.0,0.5,0.0,0.0,0.0,0.0,0.0,0.5,0.0,0.0,0.0,0.0,0.0,0.5,0.0
anim_play_driving_loop_01,2,89,2Mk5nupTbkQ,https://www.youtube.com/watch?v=2Mk5nupTbkQ,The robot looked up from the floor and then just kind of stared into space. | The robot confused,0.0,0.0,0.5,0.0,0.0,0.0,0.5,0.0,0.0,0.0,0.0,0.0,0.5,0.0,0.0,0.0
anim_play_driving_loop_02,2,98,G8awKc6eDm0,https://www.youtube.com/watch?v=G8awKc6eDm0,"The robot makes a noise indicating that it is focused on something intently. | side stand only , and move eye only.",0.5,0.0,0.0,0.0,0.0,0.0,0.5,0.0,0.5,0.0,0.5,0.0,0.0,0.0,0.5,0.0
anim_play_driving_loop_03,2,88,wS9nc06M4GU,https://www.youtube.com/watch?v=wS9nc06M4GU,The robot looked up from the ground and then quickly returned its gaze to the floor. | The robot looks frustration,0.0,0.0,0.0,0.0,0.5,0.0,0.5,0.0,0.0,0.0,0.0,0.0,0.0,0.0,0.0,0.0
anim_play_driving_start_01,2,97,VzpdNL9uCGY,https://www.youtube.com/watch?v=VzpdNL9uCGY,The robot tilts its head down and makes a sound that seems disappointed. | move up and down our face only,0.0,0.0,0.5,0.0,0.0,0.0,1.0,0.0,0.0,0.0,0.5,0.0,0.0,0.0,0.5,0.0
anim_play_getin_01,2,87,FdbqEaQ-YN4,https://www.youtube.com/watch?v=FdbqEaQ-YN4,The robot made a supplicating look upward and then slammed its arm on the ground twice. | The robot look llike sorrow,0.0,0.0,0.0,0.0,0.5,0.0,0.5,0.0,0.5,0.0,0.0,0.0,0.0,0.0,0.0,0.0
anim_play_getout_01,2,96,O_9OC863M-M,https://www.youtube.com/watch?v=O_9OC863M-M,The robot does not move much in this clip but the sound it makes could be a sound of relief or understanding. | move left side only,0.5,0.0,0.0,0.5,0.0,0.5,0.0,0.0,0.0,0.5,0.5,0.0,0.0,0.5,0.0,0.0
anim_play_idle_01,2,86,jf6odq7Baig,https://www.youtube.com/watch?v=jf6odq7Baig,The robot opened its eyes and looked around briefly. | The robot look like a frustration,0.5,0.5,0.0,0.0,0.5,0.0,0.0,0.0,0.0,0.0,0.0,0.0,0.0,0.0,0.0,0.0
anim_play_idle_02,2,22,DDU9jeo3Y8c,https://www.youtube.com/watch?v=DDU9jeo3Y8c,Confused | The robot stays pretty still and then seems to blink and fidget.,0.0,0.0,0.5,0.0,0.0,0.0,0.0,0.0,0.0,0.0,0.0,0.0,0.5,0.0,0.0,0.0
anim_play_idle_03,2,85,o5cJrf538lk,https://www.youtube.com/watch?v=o5cJrf538lk,The robot looked at the ground and moved its arm slightly. | The robot look like a sorrow,0.0,0.0,0.5,0.0,0.0,0.0,1.0,0.0,0.0,0.0,0.0,0.0,0.0,0.0,0.0,0.0
anim_play_requestplay_level1_01,2,16,RRyuZeSESUs,https://www.youtube.com/watch?v=RRyuZeSESUs,"The robot moves its eyes around for a little bit, then begins to move around and tapping their hands on the floor as if they are excited. | excitement and joy, it wants more of something!",1.0,0.0,0.0,0.0,0.0,0.0,0.0,0.5,0.0,0.0,0.0,0.0,0.0,0.5,0.0,1.0
anim_play_requestplay_level1_02,2,84,ZDCU8M26Jsk,https://www.youtube.com/watch?v=ZDCU8M26Jsk,The robot squinted its eyes and then moved its arm up and down slightly. | The robots wants something,0.0,0.0,0.0,0.0,0.0,0.0,0.0,0.5,0.0,0.0,0.0,0.5,0.0,0.0,0.0,1.0
anim_play_requestplay_level2_01,2,21,nMbYAONAots,https://www.youtube.com/watch?v=nMbYAONAots,"frustrated and sad | The robot comes closer to the camera, showing a desire to know what is going on. Then it slams down its arms, like it wants to know.",0.0,0.0,0.0,0.0,0.5,0.0,0.5,0.0,0.0,0.0,0.0,0.0,0.0,0.0,0.0,0.5
anim_play_requestplay_level2_02,2,83,SJKv-mTTgkI,https://www.youtube.com/watch?v=SJKv-mTTgkI,The robot looked excited and moved its front arm rapidly while squinting its eyes. | The robot interests on something,1.0,0.0,0.0,0.0,0.0,0.0,0.0,0.5,0.0,0.0,0.0,0.0,0.0,0.0,0.0,0.5
anim_poked_01,2,15,n1aCfEfGZ-0,https://www.youtube.com/watch?v=n1aCfEfGZ-0,"The robot stays still, only their eyes move as if they are judging something or are confused by what is in front of them. | it doesn't look like it knows what to do.",0.5,0.0,1.0,0.0,0.0,0.0,0.0,0.0,0.0,0.0,0.0,0.0,0.0,0.0,0.0,0.0
anim_poked_02,2,82,j93BffYHdcQ,https://www.youtube.com/watch?v=j93BffYHdcQ,The robot moved its eyes questioningly and then raised and lowered its arm. | The robot desire,0.5,0.0,0.5,0.0,0.0,0.0,0.0,0.0,0.0,0.0,0.0,0.0,0.0,0.0,0.0,0.5
anim_poked_giggle,2,20,3SIBuz555N4,https://www.youtube.com/watch?v=3SIBuz555N4,The robot closes their eyes for a bit and gives a small nod while slightly moving forward. | it looks a little surprised it saw something,0.5,0.0,0.5,0.0,0.0,0.0,0.0,0.0,0.0,0.0,0.0,0.0,0.0,0.5,0.0,0.0
anim_pokedreaction_01,2,81,FGh05qs4LFs,https://www.youtube.com/watch?v=FGh05qs4LFs,The robot nodded its head very rapidly. | The robot no movements,0.0,0.0,0.5,0.0,0.0,0.0,0.0,0.0,0.0,0.0,0.0,0.0,0.0,0.0,0.0,0.5
anim_pounce_01,2,14,GzI6Ys9Kt8A,https://www.youtube.com/watch?v=GzI6Ys9Kt8A,"The robot seems to jolt awake, moving forward a little in process and lifting their arms halfway. | It seems frustrated, like it was throwing something in anger",0.0,0.5,0.0,0.0,0.5,0.0,0.0,0.0,0.5,0.0,0.0,0.0,0.0,0.5,0.0,0.5
anim_pounce_02,2,80,1a07MFJEc1Q,https://www.youtube.com/watch?v=1a07MFJEc1Q,It lurched forward while moving its arm like it was excited for something. | the robot anger with shaking the body,0.5,0.0,0.0,0.0,0.0,0.0,0.0,0.5,0.5,0.0,0.0,0.0,0.0,0.0,0.0,0.0
anim_pounce_03,2,19,SjKoMabR_pE,https://www.youtube.com/watch?v=SjKoMabR_pE,The robot moves forward aggressively and slams their hand on the floor and seems to realize what they have just done by looking down at their hand. | like it wants something but doesn't know how to get it,0.0,0.0,0.0,0.0,1.0,0.0,0.0,0.0,0.5,0.0,0.5,0.0,0.0,0.0,0.0,0.5
anim_pounce_04,2,79,LJpyTMduOTg,https://www.youtube.com/watch?v=LJpyTMduOTg,It backed up and then lurched forward while moving its arm. | the robot anger to shaking the body,0.0,0.0,0.0,0.0,0.5,0.0,0.0,0.0,0.5,0.0,0.0,0.0,0.0,0.0,0.0,0.0
anim_pounce_drive_01,2,13,DvJw0QAFsgc,https://www.youtube.com/watch?v=DvJw0QAFsgc,The robot lowers its head. | It seems sad,0.0,0.0,0.0,0.0,0.0,0.0,1.0,0.0,0.0,0.0,0.0,0.0,0.0,0.0,0.0,0.0
anim_pounce_drive_02,2,78,SDdiRBeauG0,https://www.youtube.com/watch?v=SDdiRBeauG0,It just kind of raised and lowered its eyes. | the robot stand to hope,0.0,0.0,0.0,0.0,0.0,0.0,0.5,0.0,0.0,0.0,0.0,0.5,0.0,0.0,0.0,0.0
anim_pounce_drive_03,2,18,J6-KcZHtDR4,https://www.youtube.com/watch?v=J6-KcZHtDR4,"The robot tries to keep their eyes open, but eventually closes them shut. | Like it's slightly confused and thinking about something",0.5,0.0,0.5,0.0,0.0,0.0,0.0,0.0,0.0,0.0,0.0,0.0,0.5,0.0,0.0,0.5
anim_pounce_fail_01,1,77,-34OpSkKNj8,https://www.youtube.com/watch?v=-34OpSkKNj8,It raised and lowered its arm while backing up.,0.0,0.0,0.0,0.0,0.0,0.0,1.0,0.0,0.0,0.0,0.0,0.0,0.0,0.0,0.0,0.0
anim_pounce_fail_02,2,12,PnsGsBGJPOM,https://www.youtube.com/watch?v=PnsGsBGJPOM,"The robot tilts its head up and down, as if looking at something from head to toe. Their eyes narrow upon fully looking at the unknown object | It seems almost alarmed, and interested in something that happened.",0.5,0.5,0.0,0.0,0.5,0.0,0.0,0.0,0.5,0.0,0.5,0.0,0.0,0.0,0.5,0.0
anim_pounce_fail_03,2,76,QRppTH4r5c4,https://www.youtube.com/watch?v=QRppTH4r5c4,It raised and lowered its arm like it was trying to swat a fly. | the robot anger to human emotion,0.0,0.0,0.0,0.0,0.0,0.0,0.0,0.0,0.5,0.0,0.5,0.0,0.0,0.0,0.0,0.0
anim_pounce_fail_04,2,11,9nMC4vweHQg,https://www.youtube.com/watch?v=9nMC4vweHQg,"The robot moves forward, as if looking at something, then revolts back to its original location. Their eyes show a sort of confused look. | It seems interested in something!",0.5,0.0,1.0,0.0,0.5,0.0,0.0,0.0,0.0,0.0,0.0,0.0,0.0,0.0,0.0,0.0
anim_pounce_long_01,1,75,YVuZiMLBu6Y,https://www.youtube.com/watch?v=YVuZiMLBu6Y,The robot moved forward then raised and lowered its arm. It kind of resembled a bow.,0.0,0.0,0.0,0.0,0.0,0.0,0.0,0.0,0.0,1.0,0.0,0.0,0.0,0.0,0.0,0.0
anim_pounce_lookgetout_01,2,10,CbNs0ie_3Ug,https://www.youtube.com/watch?v=CbNs0ie_3Ug,"The robot perks its head up and moves back as if taken aback. Their eyes seem to widen and staring at something off camera. | It seems shocked, and taken back",0.0,1.0,0.5,0.0,0.0,0.0,0.0,0.0,0.0,0.0,0.0,0.0,0.0,0.5,0.0,0.0
anim_pounce_lookloop_01,2,74,j13_AqNGwps,https://www.youtube.com/watch?v=j13_AqNGwps,The robot kind of squinted its eyes. | the robot feel hope to bliking eye,0.0,0.0,0.5,0.0,0.0,0.0,0.0,0.0,0.0,0.0,0.0,0.5,0.0,0.0,0.0,0.0
anim_pounce_lookloop_02,2,9,DG2gkRAnqOw,https://www.youtube.com/watch?v=DG2gkRAnqOw,The robot seems to fall asleep | robot squinted it's eyes and looked aqround. appeared suspicous.,0.0,0.0,0.0,0.0,0.5,0.0,0.0,0.0,0.0,0.0,0.0,0.0,0.5,0.0,0.0,0.0
anim_pounce_lookloop_03,2,73,HhADoKs56Y4,https://www.youtube.com/watch?v=HhADoKs56Y4,The robot shifted its eyes like it was raising and lowering non-existent eye brows. | the robot feel in human emotions bilking eyes,0.0,0.0,0.5,0.0,0.0,0.0,0.0,0.0,0.0,0.0,0.5,0.0,0.0,0.0,0.0,0.0
anim_pounce_reacttoobj_01_shorter,2,8,FbWLP685aBg,https://www.youtube.com/watch?v=FbWLP685aBg,The robot stomps and looks at the ground | lowered it's head and made puppy dog eyes,0.5,0.0,0.5,0.0,0.5,0.0,0.0,0.0,0.5,0.0,0.0,0.0,0.0,0.0,0.0,0.5
anim_pounce_success_01,1,72,Z2t96-fvVEo,https://www.youtube.com/watch?v=Z2t96-fvVEo,The robot suddenly backed up.,0.0,0.0,0.0,0.0,0.0,0.0,0.0,0.0,0.0,0.0,0.0,0.0,0.0,1.0,0.0,0.0
anim_pounce_success_02,2,7,4QDnynHITcY,https://www.youtube.com/watch?v=4QDnynHITcY,The robot blinks and backs up | robot recoiled and made a surprised sound,0.0,0.0,0.0,0.0,0.0,0.0,0.0,0.5,0.0,0.0,0.0,0.0,0.0,1.0,0.5,0.0
anim_pounce_success_03,2,71,tDTsiscIUdI,https://www.youtube.com/watch?v=tDTsiscIUdI,"The robot lifted its ""arms"" and blinked its eyes. | the robot shaking body and eyes",0.0,0.0,0.0,0.0,0.0,0.0,0.5,0.0,0.0,0.5,0.0,0.0,0.0,0.0,0.0,0.0
anim_pounce_success_04,2,6,iuNiZ-Nmz-E,https://www.youtube.com/watch?v=iuNiZ-Nmz-E,"The robot appears to be waving around with joy | Robot feinted forward, shook its arms, and made a chattering sounds.",0.0,0.0,0.0,0.0,0.5,0.0,0.0,0.5,0.5,0.0,0.0,0.0,0.0,0.0,0.0,0.0
anim_pyramid_lookinplaceforfaces_long_head_angle_-20,2,70,OjVut6DO8pM,https://www.youtube.com/watch?v=OjVut6DO8pM,he looks down and his eyes get shifty | Scientists believe theyâve nailed the combination that could help robots feel love,0.0,0.0,0.5,0.0,0.0,0.0,0.0,0.5,0.0,0.0,0.0,0.0,0.0,0.0,0.0,0.0
anim_pyramid_lookinplaceforfaces_long_head_angle_20,2,5,OHL1hl1tgK0,https://www.youtube.com/watch?v=OHL1hl1tgK0,The robot appears to be woken up from sleeping | Robot was drowsing then raised its head and looked bak and forth,1.0,0.5,0.0,0.0,0.0,0.0,0.0,0.0,0.0,0.0,0.0,0.0,0.0,0.0,0.0,0.0
anim_pyramid_lookinplaceforfaces_long_head_angle_40,2,69,VfijM3b8Mgo,https://www.youtube.com/watch?v=VfijM3b8Mgo,He looks up at something and his eyes focus | Emotional robot uses goosebumps to show how it's feeling,0.5,0.0,0.0,0.0,0.0,0.5,0.0,0.0,0.0,0.0,0.0,0.0,0.0,0.0,0.5,0.0
anim_pyramid_lookinplaceforfaces_medium,2,67,bDwiQc9GrNY,https://www.youtube.com/watch?v=bDwiQc9GrNY,his eyes open a bit and go back to being sleepy-lidded | Effects of Robotic Blinking Behavior for Making Eye Contact with Humans,0.0,0.0,0.0,0.0,0.0,0.0,0.0,0.0,0.0,0.0,0.0,0.5,0.5,0.0,0.0,0.0
anim_pyramid_lookinplaceforfaces_medium_head_angle_-20,1,4,I4jM0nl9Ak0,https://www.youtube.com/watch?v=I4jM0nl9Ak0,Robot lowered it's head and appeared dejected.,0.0,0.0,0.0,0.0,0.0,0.0,1.0,0.0,0.0,0.0,0.0,0.0,0.0,0.0,0.0,0.0
anim_pyramid_lookinplaceforfaces_medium_head_angle_20,2,68,ZT3AAmWHo3o,https://www.youtube.com/watch?v=ZT3AAmWHo3o,He nods his head slightly and looks at the camera | The Science of the Slow Blink,0.0,0.0,0.0,0.0,0.0,0.5,0.0,0.0,0.0,0.0,0.0,0.0,0.0,0.0,0.5,0.0
anim_pyramid_lookinplaceforfaces_medium_head_angle_40,1,3,2D2gKtavxKE,https://www.youtube.com/watch?v=2D2gKtavxKE,The robot appeared to sleep with squinky eyes then raised its head with wide open eyes then closed them agai.,0.0,0.0,0.0,0.0,0.0,0.0,0.0,0.0,0.0,0.0,0.0,0.0,0.0,1.0,0.0,0.0
anim_pyramid_lookinplaceforfaces_short_head_angle_-20,1,2,nCvjY75rlsI,https://www.youtube.com/watch?v=nCvjY75rlsI,The robot appears tucked in and lowered it's head.,0.0,0.0,0.0,0.0,0.0,0.0,1.0,0.0,0.0,0.0,0.0,0.0,0.0,0.0,0.0,0.0
anim_pyramid_lookinplaceforfaces_short_head_angle_20,2,66,k5bY7fcIl4s,https://www.youtube.com/watch?v=k5bY7fcIl4s,He looks up and his eyes focus | Length of eye blinks might act as conversational cue,0.5,0.0,0.0,0.0,0.0,0.0,0.0,0.0,0.0,0.5,0.0,0.0,0.0,0.0,0.0,0.5
anim_pyramid_lookinplaceforfaces_short_head_angle_40,1,1,Dszbqad3k6g,https://www.youtube.com/watch?v=Dszbqad3k6g,The robot raised its head vertically.,1.0,0.0,0.0,0.0,0.0,0.0,0.0,0.0,0.0,0.0,0.0,0.0,0.0,0.0,0.0,0.0
anim_pyramid_reacttocube_frustrated_high_01,2,65,PSEWzsZ4qik,https://www.youtube.com/watch?v=PSEWzsZ4qik,"he beats his arms on the ground. His eyes narrow and a small sound plays | Nodding Or Shaking Your Head May Even Influence Your Own Thoughts, Study Finds",0.0,0.0,0.0,0.0,0.0,0.0,0.5,0.0,0.0,0.0,0.5,0.0,0.0,0.0,0.0,0.0
anim_pyramid_reacttocube_frustrated_low_01,1,0,BmFbgaS-WzI,https://www.youtube.com/watch?v=BmFbgaS-WzI,"The robot considered something, then it registered a reaction with eyes like this: O.o and a surprised or disguested sound.",0.0,1.0,1.0,0.0,0.0,0.0,0.0,0.0,0.0,0.0,0.0,0.0,0.0,1.0,0.0,0.0
anim_pyramid_reacttocube_frustrated_mid_01,2,64,kgTjAgBYuho,https://www.youtube.com/watch?v=kgTjAgBYuho,The robot pounds his arms on the floor. His eyes go cock-eyed and he grunts in anger. | Could a machine or an AI ever feel human-like emotions,0.0,0.0,0.0,0.0,0.0,0.5,0.0,0.0,0.5,0.0,0.0,0.0,0.0,0.0,0.0,0.0
anim_pyramid_reacttocube_happy_high_02,2,63,zm-PKUis4Gw,https://www.youtube.com/watch?v=zm-PKUis4Gw,His arm twitches a bit and his eyes dilate. A small sound plays | Eye blinking behavior improving human-robot collaboration,0.0,0.0,0.0,0.0,0.0,0.0,1.0,0.0,0.0,0.0,0.0,0.0,0.0,0.0,0.0,0.0
anim_pyramid_reacttocube_happy_mid_01,2,62,p1KHzvMgJBA,https://www.youtube.com/watch?v=p1KHzvMgJBA,The robot nods in understanding. his eyes shift and a conformation alert plays | Can robots be programmed to feel emotions?,0.0,0.0,0.0,0.5,0.0,0.5,0.0,0.0,0.0,0.0,0.0,0.0,0.0,0.0,0.0,0.0
anim_pyramid_success_01,2,61,Qu1TKbZNH40,https://www.youtube.com/watch?v=Qu1TKbZNH40,The robot throws up his arms and calls out in disgust | Say hello to machines that read your emotions to make you happy,0.0,0.0,0.0,0.0,0.5,0.0,0.0,0.0,0.0,0.0,0.5,0.0,0.0,0.0,0.0,0.0
anim_pyramid_thankyou_01_head_angle_20,2,60,X2aUb5wCMNc,https://www.youtube.com/watch?v=X2aUb5wCMNc,Robot makes a hissy sound as it flaps its arms for a little bit | the robot looking.,0.5,0.5,0.0,0.0,0.0,0.0,0.0,0.5,0.0,0.0,0.0,0.0,0.0,0.0,0.0,0.0
anim_react2block_02,2,941,j-7w_ApSV-c,https://www.youtube.com/watch?v=j-7w_ApSV-c,Look up and short sound at beginning of motion. | the robot desired to do the task given,0.5,0.0,0.0,0.0,0.0,0.0,0.0,0.0,0.0,0.0,0.0,0.0,0.0,0.0,0.0,0.5
anim_reacttoblock_admirecubetower_01,2,58,jdEZeyFv9Pk,https://www.youtube.com/watch?v=jdEZeyFv9Pk,Robot makes back and forth moves while making sound and raising its arms | the robot moves.,1.0,0.0,0.0,0.0,0.0,0.0,0.0,0.0,0.0,0.0,0.0,0.0,0.0,0.5,0.0,0.0
anim_reacttoblock_ask_01_0,2,940,gYl8wuh-RZg,https://www.youtube.com/watch?v=gYl8wuh-RZg,he pounded on the floor with his lifter. | the robot is bored of daily task,0.0,0.0,0.0,0.0,0.5,0.0,0.0,0.0,0.5,0.0,0.0,0.0,0.5,0.0,0.0,0.0
anim_reacttoblock_ask_01_head_angle_-20,2,57,cLmO_YBTw44,https://www.youtube.com/watch?v=cLmO_YBTw44,Robot makes hissy sound as it flaps arms on the floor | the robot moves forwards.,0.5,0.0,0.0,0.0,0.5,0.0,0.0,0.0,0.5,0.0,0.0,0.0,0.0,0.0,0.0,0.0
anim_reacttoblock_ask_01_head_angle_20,2,939,dHPngWyWYHM,https://www.youtube.com/watch?v=dHPngWyWYHM,Looks like something interesting the robot wants to have/play with is being dangled in front of him. He slams his arms on the ground like a child demanding it! | the robot is very anger and moving forward,0.5,0.0,0.0,0.0,0.5,0.0,0.0,0.0,1.0,0.0,0.0,0.5,0.0,0.0,0.0,0.5
anim_reacttoblock_ask_01_head_angle_40,2,56,QHB5FCQUqBs,https://www.youtube.com/watch?v=QHB5FCQUqBs,Robot flaps its arms on the floor while making screechy sound | the robot enjoying..,0.0,0.5,0.0,0.0,0.5,0.0,0.0,0.5,0.0,0.0,0.0,0.0,0.0,0.0,0.0,0.0
anim_reacttoblock_audioblockcrash,2,938,TLEhsIIRups,https://www.youtube.com/watch?v=TLEhsIIRups,The robot express it's desire. | the robot express releif feel,0.0,0.0,0.0,0.0,0.0,0.5,0.0,0.0,0.0,0.0,0.0,0.0,0.0,0.0,0.0,0.5
anim_reacttoblock_focusedeyes_01,2,55,kyWHFtkPzQc,https://www.youtube.com/watch?v=kyWHFtkPzQc,Robot lowers its head while making a small sound | the robot looks like sorrow.,0.0,0.0,0.0,0.0,0.0,0.0,0.5,0.0,0.0,0.5,0.5,0.0,0.0,0.0,0.0,0.0
anim_reacttoblock_frustrated_01,2,937,2aETIp83gu4,https://www.youtube.com/watch?v=2aETIp83gu4,short up and down movement and short sound. | the robot is disgusted,0.0,0.0,0.0,0.0,0.5,0.0,0.0,0.0,0.0,0.0,0.0,0.0,0.0,0.0,0.5,0.0
anim_reacttoblock_frustrated_int1_01,2,54,OHZYeOCiVCI,https://www.youtube.com/watch?v=OHZYeOCiVCI,Robot moves lights (eyes) sideways while making sound | the robot confused.,0.5,0.0,1.0,0.0,0.0,0.0,0.0,0.0,0.0,0.0,0.0,0.0,0.0,0.0,0.0,0.0
anim_reacttoblock_frustrated_int2_01,2,936,dqldtB5EfR4,https://www.youtube.com/watch?v=dqldtB5EfR4,The robot's eyes flicker and it makes a mechanical sound. | the robot have hope on the finishing the task given,0.5,0.0,0.0,0.5,0.0,0.0,0.0,0.0,0.0,0.0,0.0,0.5,0.0,0.0,0.0,0.0
anim_reacttoblock_happydetermined_01,2,53,6hNff_TFo_g,https://www.youtube.com/watch?v=6hNff_TFo_g,Robot lights up while making hissing sound | the robot looks down.,0.0,0.0,0.5,0.0,0.5,0.0,0.0,0.0,0.0,0.0,0.5,0.0,0.0,0.0,0.0,0.0
anim_reacttoblock_happydetermined_02,2,935,R1fC18CaTuw,https://www.youtube.com/watch?v=R1fC18CaTuw,It's eyes are moving and it makes a noise and goes forward slightly. | the robot is bored of some task,0.0,0.0,0.0,0.0,0.0,0.0,0.0,0.5,0.0,0.0,0.0,0.0,0.5,0.0,0.0,0.0
anim_reacttoblock_lifteffortpickup_01,2,52,Kimrr1vaRNk,https://www.youtube.com/watch?v=Kimrr1vaRNk,The robot moves its lights sideways and changes their dimension | the robot blinks eyes.,0.5,0.0,0.0,0.0,0.0,0.0,0.5,0.0,0.0,0.0,0.5,0.0,0.0,0.0,0.0,0.0
anim_reacttoblock_lifteffortplacehigh_01,2,934,Bhrbl4XI3QU,https://www.youtube.com/watch?v=Bhrbl4XI3QU,It blinks and makes a sound. | the robots accepts the task,0.5,0.0,0.0,0.5,0.0,0.0,0.0,0.0,0.0,0.0,0.0,0.0,0.0,0.0,0.0,0.0
anim_reacttoblock_lifteffortplacelow_01,2,51,nDKTvYj5J1E,https://www.youtube.com/watch?v=nDKTvYj5J1E,The robot moves its lights sideways | the robot sees up and down.,1.0,0.0,0.0,0.0,0.0,0.0,0.0,0.0,0.0,0.0,0.5,0.0,0.0,0.0,0.0,0.0
anim_reacttoblock_lifteffortroll_01,2,933,axPt3w8S540,https://www.youtube.com/watch?v=axPt3w8S540,It blinks with a faint sound. | the robot shows confusion with blinked eyes,0.5,0.0,0.5,0.0,0.0,0.0,0.0,0.0,0.0,0.0,0.0,0.0,0.0,0.0,0.0,0.0
anim_reacttoblock_placeblock_01,2,50,Tvb2NwCTCjQ,https://www.youtube.com/watch?v=Tvb2NwCTCjQ,"It turns 90 degrees to the right, squints, moves its arms slightly while moving forward and then back with slight noises. | turns to left then moves backward then forward.",0.5,0.0,0.0,0.5,0.0,0.5,0.0,0.0,0.0,0.0,0.0,0.0,0.0,0.0,0.0,0.0
anim_reacttoblock_putdown2nd_01,1,932,Ld5ps2oRH7s,https://www.youtube.com/watch?v=Ld5ps2oRH7s,the robot shows interest upon the task,1.0,0.0,0.0,0.0,0.0,0.0,0.0,0.0,0.0,0.0,0.0,0.0,0.0,0.0,0.0,0.0
anim_reacttoblock_react_01,2,47,I_DQfrAoH6U,https://www.youtube.com/watch?v=I_DQfrAoH6U,"It moves its arms slightly, moves backwards and makes a ""Whoaa,"" sound. | moves eyeys then moves backward while raising arm slightly",0.5,0.0,0.0,0.5,0.0,0.0,0.0,0.0,0.0,0.0,0.5,0.0,0.0,0.0,0.0,0.0
anim_reacttoblock_react_01_0,2,49,7mKmQieLUxQ,https://www.youtube.com/watch?v=7mKmQieLUxQ,"It moves backwards, looks down and makes a ""Whoaa"", sound. | moves eyes then moves backward while eyes get bigger.",0.5,0.0,0.0,0.5,0.0,0.0,0.0,0.0,0.0,0.0,0.5,0.0,0.0,0.0,0.0,0.0
anim_reacttoblock_react_01_head_angle_-20,2,931,CmxB_6VKxoo,https://www.youtube.com/watch?v=CmxB_6VKxoo,"The robot looks to the side, backs up while moving its arm up and down, and then adjust its eyes from large to back to normal. | The robot moves backwards as it raises and lowers it's arms quickly, and then lowers it's head.",0.0,0.5,0.0,0.0,0.5,0.0,0.5,0.0,0.5,0.0,0.5,0.0,0.5,0.5,0.0,0.0
anim_reacttoblock_react_01_head_angle_20,2,48,1SGipbQPnpc,https://www.youtube.com/watch?v=1SGipbQPnpc,"It moves backwards, moving its arms and makes a ""Whoaa"", sound. | moves backward suddenly eyes get bigger",0.5,0.0,0.0,0.5,0.0,0.0,0.0,0.0,0.0,0.0,0.5,0.0,0.0,0.0,0.0,0.0
anim_reacttoblock_react_01_head_angle_40,2,930,8bV-7tM3inU,https://www.youtube.com/watch?v=8bV-7tM3inU,"The robot raises its arms up and down, backs up, and then looks up and blinks. | The robot moves backwards a bit and raises and lowers it's arms quickly. It makes a noise and raises it's head and blinks it's eyes.",0.5,1.0,0.0,0.0,0.0,0.5,0.0,0.0,0.0,0.0,0.0,0.5,0.0,1.0,0.0,0.0
anim_reacttoblock_react_short_01_head_angle_-20,2,929,U_3jRbfhg-8,https://www.youtube.com/watch?v=U_3jRbfhg-8,"A robot with its eyes closed seems startled and opens in eyes, while at the same time quickly lifts and lowers its hand by a small amount. | The robot's eyes narrow a bit and it lowers it's head a bit, then it's eyes grow big and it makes a noise.",0.0,0.5,0.5,0.0,0.0,0.0,0.5,0.0,0.0,0.0,0.0,0.0,0.5,1.0,0.0,0.0
anim_reacttoblock_react_short_01_head_angle_20,2,46,mOmxiGR326U,https://www.youtube.com/watch?v=mOmxiGR326U,It slams its arms and chirps. | raises arm then quickly lowers arm back down,0.0,0.0,0.0,0.0,1.0,0.0,0.0,0.0,0.0,0.0,0.0,0.0,0.0,0.0,0.0,0.0
anim_reacttoblock_react_short_01_head_angle_40,2,928,X6lBAOHOXws,https://www.youtube.com/watch?v=X6lBAOHOXws,"It quickly moves its head up, like it's looking at something. | The robot is sitting still and then quickly jerks it's arm up and back down as it raises it's head.",1.0,0.5,0.0,0.0,0.0,0.0,0.0,0.0,0.0,0.0,0.0,0.0,0.0,1.0,0.0,0.0
anim_reacttoblock_react_short_02_head_angle_-20,2,45,lFjCyCifrzY,https://www.youtube.com/watch?v=lFjCyCifrzY,"It's eyes are large and separated, coming together and back to normal to look down and chirps. | moves eyes then looks downward.",0.0,0.0,0.5,0.0,0.0,0.0,0.5,0.0,0.0,0.0,0.0,0.0,0.0,0.0,0.0,0.0
anim_reacttoblock_react_short_02_head_angle_20,2,927,thxPc-2vxio,https://www.youtube.com/watch?v=thxPc-2vxio,"Interested and confused. | The robot lowers it's head and narrows it's eyes, and then quickly looks up, it's eyes widening.",1.0,0.5,0.5,0.0,0.0,0.0,0.5,0.0,0.0,0.0,0.0,0.0,0.0,0.5,0.0,0.0
anim_reacttoblock_react_short_02_head_angle_40,2,44,QwLrSQHRScE,https://www.youtube.com/watch?v=QwLrSQHRScE,It looks up and chirps. | moves eyes raises head slightly,1.0,0.0,0.0,0.0,0.0,0.0,0.0,0.0,0.0,0.0,0.0,0.0,0.0,0.5,0.0,0.0
anim_reacttoblock_reacttotopple_01,2,926,ECCmPXSKytE,https://www.youtube.com/watch?v=ECCmPXSKytE,The robot appears to stomp around | The robots spins around in a circle and motions moves it's arms up and down and makes a noise.,0.0,0.0,0.0,0.0,0.5,0.0,0.0,0.5,0.5,0.0,0.0,0.0,0.0,0.0,0.0,0.0
anim_reacttoblock_stuckonblock_01,2,43,lmuVLmto_Ew,https://www.youtube.com/watch?v=lmuVLmto_Ew,It wakes up and slams its arms from up high then shuts down. | moves backward raises arm and moves to side slightly,0.0,0.0,0.0,0.5,0.5,0.0,0.0,0.0,0.5,0.0,0.0,0.0,0.0,0.0,0.0,0.0
anim_reacttoblock_success_01,2,923,PZkKMqylwWI,https://www.youtube.com/watch?v=PZkKMqylwWI,The robots eyes light up | The robot moves backwards and raises it's head and moves it's eyes and lowers it's head.,0.5,0.5,0.0,0.0,0.5,0.0,0.0,0.5,0.0,0.0,0.0,0.0,0.0,0.0,0.0,0.0
anim_reacttoblock_success_01_0,2,925,86i4qyQkQRw,https://www.youtube.com/watch?v=86i4qyQkQRw,The robot blinks and looks happy | The robot moves backwards real fast and raises it's arms a bit and moves back forward and lowers it's arms.,0.0,0.0,0.0,0.0,0.5,0.0,0.5,0.5,0.0,0.0,0.0,0.0,0.0,0.0,0.0,0.0
anim_reacttoblock_success_01_head_angle_-20,2,42,ty5rs_bEaHE,https://www.youtube.com/watch?v=ty5rs_bEaHE,It moves backwards and moves its hands slightly with a happy sound. | moves back then forward then nods head,0.0,0.0,0.5,0.0,0.0,0.0,0.0,0.5,0.0,0.0,0.0,0.0,0.0,0.0,0.0,0.5
anim_reacttoblock_success_01_head_angle_20,2,924,rFxJZfW0QCQ,https://www.youtube.com/watch?v=rFxJZfW0QCQ,The robot blinks and looks down | The robot moves backwards and then forwards and quickly hits it's arms to the ground.,0.0,0.0,0.0,0.0,0.5,0.0,0.0,0.0,0.5,0.0,0.0,0.0,0.0,0.0,0.0,0.0
anim_reacttoblock_success_01_head_angle_40,2,41,CThKF71At9w,https://www.youtube.com/watch?v=CThKF71At9w,"It moves back and forth quickly, chirping and squinting happily. | moves backward then shakes head",0.0,0.0,0.0,0.0,0.0,0.0,0.0,0.5,0.5,0.5,0.0,0.0,0.0,0.0,0.0,0.0
anim_reacttoblock_triestoreach_01,2,40,0osCZJKEA1A,https://www.youtube.com/watch?v=0osCZJKEA1A,"It moves back, winds up its arms and rapidly waves them around, with its eyes becoming a single horizontal line. | the robot is confused and very anger",0.0,0.5,0.5,0.0,0.5,0.0,0.0,0.0,0.0,0.0,0.0,0.0,0.0,0.0,0.0,0.0
anim_reacttocliff_edge_01,2,922,XldGUuOEoWk,https://www.youtube.com/watch?v=XldGUuOEoWk,The robot looks down and blinks | The robot moves backwards a bit as it lowers it's head and then shakes side to side and makes a noise.,0.0,0.0,0.5,0.0,0.0,0.0,0.0,0.0,0.0,0.0,0.0,0.0,0.5,0.5,0.0,0.0
anim_reacttocliff_edgeliftup_01,2,39,4ZVNzp91eKU,https://www.youtube.com/watch?v=4ZVNzp91eKU,"It slams its arms and moves back cautiously, making an astonished noise and slowly moves forward again, moving its arms quickly. | the robot is frustrated and moving backwards",0.0,0.5,0.0,0.0,0.5,0.0,0.0,0.0,0.0,0.0,0.0,0.0,0.0,0.5,0.0,0.0
anim_reacttocliff_faceplantroll_01,2,921,Ck3waqbVfio,https://www.youtube.com/watch?v=Ck3waqbVfio,The robot appears to be grumbling or upset about something that happened. | the robot is confused,0.0,0.0,0.5,0.0,0.5,0.0,0.0,0.0,0.5,0.0,0.0,0.0,0.0,0.0,0.0,0.0
anim_reacttocliff_faceplantroll_02,2,38,WaiXS00fUZ4,https://www.youtube.com/watch?v=WaiXS00fUZ4,"It looks up and down, raising its arms up high and then slamms them to the floor while making a sound. | the robot joyfully accepting the order given",0.0,0.0,0.0,0.0,0.5,0.0,0.0,0.5,0.0,0.0,0.0,0.0,0.0,0.0,0.0,0.0
anim_reacttocliff_faceplantroll_armup_01,2,920,Y2iHmSEna60,https://www.youtube.com/watch?v=Y2iHmSEna60,The robot seems to be displaying acknowledgement or that he understands what is being said. | the robot shakes,0.5,0.0,0.0,0.5,0.0,0.0,0.0,0.0,0.0,0.0,0.0,0.0,0.0,0.0,0.0,0.5
anim_reacttocliff_faceplantroll_armup_02,2,37,P-V0dLJ_x_c,https://www.youtube.com/watch?v=P-V0dLJ_x_c,"It wakes up, slams its arms and its eyes becoming distorted. | the robot got bored",0.0,0.5,0.5,0.0,0.0,0.0,0.0,0.0,0.0,0.0,0.0,0.0,0.5,0.0,0.0,0.0
anim_reacttocliff_huh_01,2,919,8HEhTOTLUeY,https://www.youtube.com/watch?v=8HEhTOTLUeY,The robot seems curious and inquisitive and a bit unsure. | the robot eye blink,0.5,0.0,0.5,0.0,0.0,0.0,0.0,0.0,0.0,0.0,0.0,0.0,0.0,0.5,0.0,0.0
anim_reacttocliff_pickup_01,2,36,nGGheI60fPM,https://www.youtube.com/watch?v=nGGheI60fPM,"It looks down and up, tapping its arms to the floor while making a happy chirp. | the robot is understanding the order given",0.0,0.0,0.0,1.0,0.0,0.0,0.0,0.5,0.0,0.0,0.0,0.5,0.0,0.0,0.0,0.0
anim_reacttocliff_pickup_02,2,918,LRpAtjTsMv4,https://www.youtube.com/watch?v=LRpAtjTsMv4,The robot looks to be agreeing with something or wanting to communicate. | the robot blinks the eye,1.0,0.0,0.0,0.5,0.0,0.0,0.0,0.0,0.0,0.0,0.0,0.0,0.0,0.0,0.0,0.0
anim_reacttocliff_pickup_03,2,35,Eff6KSGC3LI,https://www.youtube.com/watch?v=Eff6KSGC3LI,It looks down and moves its arms around rapidly to the floor. | the robot is joyfully hearing the order,0.0,0.0,0.0,0.0,0.5,0.0,0.0,0.5,0.5,0.0,0.0,0.5,0.0,0.0,0.0,0.0
anim_reacttocliff_pickup_04,2,917,FRb-1BR5aR4,https://www.youtube.com/watch?v=FRb-1BR5aR4,"The robot aapears to have went to sleep, or is bored. | the robot downsthe head",0.0,0.0,0.0,0.0,0.0,0.5,0.0,0.0,0.0,0.0,0.0,0.0,0.5,0.5,0.0,0.0
anim_reacttocliff_pickup_05,2,34,cJ4BbiTnTnk,https://www.youtube.com/watch?v=cJ4BbiTnTnk,"It looks up, squints, moves its arms and makes a contented sound. | the robot shows interest upon the order given",0.5,0.0,0.0,0.5,0.0,0.5,0.0,0.5,0.0,0.5,0.0,0.0,0.0,0.0,0.0,0.0
anim_reacttocliff_pickup_06,2,916,Pd91_elbb6g,https://www.youtube.com/watch?v=Pd91_elbb6g,The robot seems confused or unsure by something. | the robot is moving back,0.0,0.0,0.5,0.0,0.0,0.5,0.0,0.0,0.0,0.0,0.0,0.0,0.0,0.5,0.0,0.0
anim_reacttocliff_stuckleftside_01,2,33,kPkh13DUWws,https://www.youtube.com/watch?v=kPkh13DUWws,"it angrily slams its arms around, moving forward while doing so. | the robot is expressing anger",0.0,0.0,0.0,0.0,0.5,0.0,0.0,0.0,1.0,0.0,0.0,0.0,0.0,0.0,0.0,0.0
anim_reacttocliff_stuckleftside_02,2,915,goSQWSbhyzI,https://www.youtube.com/watch?v=goSQWSbhyzI,The robot looks like it is trying to attract attention from someone. | the robot is shake,0.0,0.5,0.0,0.0,0.0,0.0,0.0,0.0,0.0,0.0,0.0,0.0,0.5,0.0,0.0,0.5
anim_reacttocliff_stuckleftside_03,2,32,EhKA_jkc41o,https://www.youtube.com/watch?v=EhKA_jkc41o,"It wakes up, raises its arms up and then moves backwards, making a noise of frustration. | the robot is disguised and moving bakcwards",0.0,0.0,0.0,0.0,0.5,0.0,0.0,0.0,0.0,0.0,0.0,0.0,0.0,0.0,1.0,0.0
anim_reacttocliff_stuckrightside_01,2,914,x5a8PWkdH54,https://www.youtube.com/watch?v=x5a8PWkdH54,The robot looks like it is wondering what is going on and seems upset. | the robot shakes,0.0,0.0,0.5,0.0,0.0,0.0,0.0,0.0,0.5,0.0,0.0,0.0,0.0,0.0,0.0,0.5
anim_reacttocliff_stuckrightside_02,2,31,tCiz0acrjR8,https://www.youtube.com/watch?v=tCiz0acrjR8,It angrily slams its arms around rapidly and makes a frustrated noise. | the robot is confused and afraid,0.0,0.0,0.5,0.0,0.5,0.0,0.0,0.0,0.5,0.0,0.0,0.0,0.0,0.0,0.0,0.0
anim_reacttocliff_stuckrightside_03,2,913,5JoBA6Y7z8o,https://www.youtube.com/watch?v=5JoBA6Y7z8o,The robot seems bothered or upset by something. | the robot is afraid of something,0.0,0.0,0.0,0.0,0.5,0.0,0.0,0.0,0.5,0.0,0.5,0.0,0.0,0.0,0.0,0.0
anim_reacttocliff_turtleroll_01,2,30,dHXdJoDUDGs,https://www.youtube.com/watch?v=dHXdJoDUDGs,Frustrated | The robot looks at the camera and then jumps back.,0.0,0.0,0.0,0.0,0.5,0.0,0.0,0.0,0.0,0.0,0.0,0.0,0.0,0.5,0.0,0.0
anim_reacttocliff_turtleroll_02,2,912,gxt8pV-CA40,https://www.youtube.com/watch?v=gxt8pV-CA40,"The robot seems to be interested and carefree, looking to connect with someone. | It's easy enough to game.",0.5,0.0,0.0,0.0,0.0,0.0,0.0,0.5,0.0,0.0,0.0,0.0,0.0,0.0,0.5,0.0
anim_reacttocliff_turtleroll_03,2,29,vPAddajZ_Xc,https://www.youtube.com/watch?v=vPAddajZ_Xc,Fearful and surprised | The robot has wide eyes and then jumps back.,0.0,0.0,0.0,0.0,0.0,0.0,0.0,0.0,0.0,0.0,0.5,0.0,0.0,1.0,0.0,0.0
anim_reacttocliff_turtleroll_04,2,911,QVGIdc7QKoE,https://www.youtube.com/watch?v=QVGIdc7QKoE,"The robot is celebrating. | Robot lifts and lowers head and eyes, lifts arms then lowers, turns it's right, moves head then begins to spin around in circles while lifting arms, lowers arms, stops spinning and moves backwards.",0.0,0.0,0.0,0.0,0.0,0.0,0.0,1.0,0.0,0.5,0.0,0.0,0.0,0.0,0.0,0.0
anim_reacttocliff_turtleroll_05,1,28,-i_o_BBMOAY,https://www.youtube.com/watch?v=-i_o_BBMOAY,The robot seems to be hiding and then is very jumpy and slams down its arms.,0.0,0.0,0.0,0.0,0.0,0.0,0.0,0.0,0.0,0.0,1.0,0.0,0.0,0.0,0.0,0.0
anim_reacttocliff_turtleroll_06,2,910,NgFJXLRxUo0,https://www.youtube.com/watch?v=NgFJXLRxUo0,"The robot is making a joke. | Robot lifts eyes, head and arms slightly, lifts arms high while head is down, lifts eyes and head while arms are elevated, moves backward, lowers arms then slightly lift eyes and head before dropping head.",0.5,0.5,0.0,0.0,0.0,0.0,0.5,0.5,0.5,0.0,0.5,0.0,0.0,0.0,0.0,0.0
anim_reacttocliff_turtlerollfail_01,2,27,E5xh2nBIcn8,https://www.youtube.com/watch?v=E5xh2nBIcn8,Happy and joyful | The robot slams down its arms multiple times and seems to be yelling.,0.0,0.0,0.0,0.0,0.5,0.0,0.0,0.5,0.0,0.0,0.0,0.0,0.0,0.0,0.0,0.0
anim_reacttocliff_turtlerollfail_02,2,909,WH5xnY3JRHU,https://www.youtube.com/watch?v=WH5xnY3JRHU,"The robot is sulking. | Robot lifts head and eyes, drops head, lifts arms while lifting head again,moves backwards, lifts head slightly, lifts arms slightly and drops head. Eyes also move to the right with the last movements.",0.0,0.0,0.0,0.0,1.0,0.0,0.5,0.0,0.0,0.0,0.0,0.0,0.0,0.0,0.5,0.0
anim_reacttocliff_turtlerollfail_03,2,26,WUAXLO7FZW0,https://www.youtube.com/watch?v=WUAXLO7FZW0,"Frustrated | The robot slams down its arms multiple times, squints its eyes, and then seems to be making a yelling sound.",0.0,0.0,0.0,0.0,0.5,0.0,0.0,0.0,0.5,0.0,0.0,0.0,0.0,0.0,0.0,0.0
anim_reacttocliff_wheely_01,2,908,yl3eVxQooW8,https://www.youtube.com/watch?v=yl3eVxQooW8,"The robot is partying. | Robot lifts head then drops head, moves arms up and down while moving in a circular pattern, drops arms and then moves backward.",0.0,0.0,0.0,0.0,0.0,0.0,0.0,1.0,0.0,1.0,0.0,0.0,0.0,0.5,0.0,0.0
anim_reacttocliff_wheely_02,2,25,0Zc1B5s1_6Q,https://www.youtube.com/watch?v=0Zc1B5s1_6Q,Angry | The robot turns around to get away and then slams its arms down.,0.0,0.5,0.0,0.0,0.0,0.0,0.0,0.0,0.5,0.0,0.0,0.0,0.0,0.0,0.0,0.0
anim_reacttocliff_wheely_03,2,907,HnG66iuirrY,https://www.youtube.com/watch?v=HnG66iuirrY,The robot is hiding. | Robot lifts head than drops head lifts arms then moves around while vibrating in a circle pattern. Robot then lowers arms.,0.5,0.5,0.0,0.0,0.0,0.0,0.0,0.5,0.0,0.0,0.0,0.0,0.0,0.0,0.0,0.0
anim_reacttoface_unidentified_01_head_angle_-20,2,706,3260iRbtk70,https://www.youtube.com/watch?v=3260iRbtk70,"It looks around then down, moving its arms slightly and making a faint noise. | it moves its eyes up and down",0.5,0.0,0.0,0.5,0.0,0.0,0.0,0.0,0.0,0.0,0.0,0.0,0.0,0.0,0.0,0.0
anim_reacttoface_unidentified_01_head_angle_20,2,705,XOgh5K2qMXY,https://www.youtube.com/watch?v=XOgh5K2qMXY,"The robot moves its head up and down and says something. | He lifted his head up, and put his arms down on the ground",0.0,0.0,0.0,0.5,0.5,0.0,0.0,0.0,0.0,0.0,0.0,0.0,0.5,0.0,0.0,0.5
anim_reacttoface_unidentified_01_head_angle_40,3,704,yoTRbcpjGqE,https://www.youtube.com/watch?v=yoTRbcpjGqE,"The robot moves its head up and says something. | He lifted his head, and put its arms down on the ground | enjoy",0.667,0.333,0.333,0.667,0.0,0.333,0.0,0.333,0.0,0.0,0.0,0.333,0.0,0.333,0.0,0.333
anim_reacttoface_unidentified_02_head_angle_-20,2,703,amHZu1TFQHQ,https://www.youtube.com/watch?v=amHZu1TFQHQ,The robot makes a noise and looks up. | he put his arms down a little bit and placed it on the floor,0.5,0.0,0.5,0.0,0.0,0.0,0.0,0.0,0.0,0.0,0.0,0.0,0.0,0.0,0.0,0.0
anim_reacttoface_unidentified_02_head_angle_20,3,702,EzrJbQn9u9I,https://www.youtube.com/watch?v=EzrJbQn9u9I,The robots jolts forward and moves its head up quickly. | he lifted his head a little and slammed its arms down | nice,0.667,0.333,0.0,0.333,0.0,0.333,0.0,0.333,0.0,0.0,0.0,0.333,0.0,0.667,0.0,0.667
anim_reacttoface_unidentified_02_head_angle_40,2,904,8ihE-CPOGMI,https://www.youtube.com/watch?v=8ihE-CPOGMI,The robot is singing. | Robot lifts eyes then moves slightly forward and fully lifts head.,0.5,0.0,0.0,0.0,0.0,0.0,0.0,0.0,0.0,0.0,0.0,0.5,0.0,0.5,0.0,0.0
anim_reacttoface_unidentified_03_head_angle_-20,2,24,Z2uHBYREfkA,https://www.youtube.com/watch?v=Z2uHBYREfkA,Interested | The robot hangs its head low and looks as though it is crying.,0.5,0.0,0.0,0.0,0.0,0.0,0.5,0.0,0.0,0.0,0.0,0.0,0.0,0.0,0.0,0.0
anim_reacttoface_unidentified_03_head_angle_20,2,903,N4UahjqYp6g,https://www.youtube.com/watch?v=N4UahjqYp6g,"The robot is smiling. | Robot lifts head slightly then fully, eyes appear to become fuller.",0.5,0.0,0.0,0.0,0.0,0.0,0.0,0.0,0.0,0.0,0.0,0.5,0.0,0.5,0.0,0.0
anim_reacttoface_unidentified_03_head_angle_40,2,23,D0MyBZXzlFg,https://www.youtube.com/watch?v=D0MyBZXzlFg,Interested | The robot stares right at the camera and then blinks.,1.0,0.0,0.0,0.0,0.0,0.0,0.0,0.0,0.0,0.0,0.0,0.0,0.0,0.5,0.0,0.0
anim_reacttppl_surprise,2,902,eirFF-RIsVA,https://www.youtube.com/watch?v=eirFF-RIsVA,"The robot is crying | Robot lifts its head, turns a bit to the left then to the right and lowers head again.",0.0,0.0,0.5,0.0,0.0,0.0,1.0,0.0,0.0,0.0,0.0,0.5,0.0,0.0,0.0,0.0
anim_repair_fix_getin_01,2,796,S6Gl_cQ31aY,https://www.youtube.com/watch?v=S6Gl_cQ31aY,"He slams his arm thing onto the ground, maybe playing drums? | this robot is confusion.",0.0,0.0,0.5,0.0,0.0,0.0,0.0,0.5,0.0,0.0,0.0,0.0,0.0,0.0,0.0,0.0
anim_repair_fix_getout_01,2,795,f4MDGnDyRUY,https://www.youtube.com/watch?v=f4MDGnDyRUY,He shakes his arms at something? | this robot is enjoyable,0.0,0.0,0.0,0.0,0.0,0.0,0.0,0.5,0.0,0.0,0.0,0.0,0.0,0.0,0.5,0.0
anim_repair_fix_getout_02,1,794,-_TKs18SwYQ,https://www.youtube.com/watch?v=-_TKs18SwYQ,the robot was sarrow,0.0,0.0,0.0,0.0,0.0,0.0,1.0,0.0,0.0,0.0,0.0,0.0,0.0,0.0,0.0,0.0
anim_repair_fix_getout_03,2,793,IjtWgfpeWLc,https://www.youtube.com/watch?v=IjtWgfpeWLc,Looks like he's just seen something that excites him! | the robot is angry and alarm with confusion reactions.,0.5,0.5,0.5,0.0,0.0,0.0,0.0,0.5,0.5,0.0,0.0,0.0,0.0,0.0,0.0,0.0
anim_repair_fix_getready_01,2,792,mrYJwvai0hA,https://www.youtube.com/watch?v=mrYJwvai0hA,Looks like he's contemplating something he just saw | the robot was angry,0.5,0.0,0.5,0.0,0.0,0.0,0.0,0.0,0.5,0.0,0.0,0.0,0.0,0.0,0.0,0.0
anim_repair_fix_head_down_01,2,791,pDM5_ocMIvc,https://www.youtube.com/watch?v=pDM5_ocMIvc,He looks down at the ground sadly | the robot is fear and sorrow.,0.0,0.0,0.0,0.0,0.0,0.0,1.0,0.0,0.0,0.0,0.5,0.0,0.0,0.0,0.0,0.0
anim_repair_fix_head_up_01,2,790,sWd9aqaiymQ,https://www.youtube.com/watch?v=sWd9aqaiymQ,Looks like he gets jolted awake | the robot is alarm reactions.,0.0,0.5,0.0,0.0,0.0,0.0,0.0,0.0,0.0,0.0,0.0,0.0,0.5,0.5,0.0,0.0
anim_repair_fix_idle_01,1,789,xWaMlWmU87Q,https://www.youtube.com/watch?v=xWaMlWmU87Q,"The robot is awoken, looks around, then seems to shut down.",0.0,1.0,0.0,0.0,0.0,0.0,0.0,0.0,0.0,0.0,0.0,0.0,0.0,0.0,0.0,0.0
anim_repair_fix_idle_02,2,788,5yl4anZvpjE,https://www.youtube.com/watch?v=5yl4anZvpjE,"The robot studies the person holding the camera, kinda confused, but then approaches them in interest. | this robot is fear and angry",0.5,0.0,0.5,0.0,0.0,0.0,0.0,0.0,0.5,0.0,0.5,0.0,0.0,0.0,0.0,0.0
anim_repair_fix_idle_03,2,787,HeNLMYnaMcU,https://www.youtube.com/watch?v=HeNLMYnaMcU,The robot looks around at the world around him. | this robot is relief,0.0,0.5,0.0,0.0,0.0,0.5,0.0,0.0,0.0,0.0,0.0,0.0,0.0,0.0,0.0,0.0
anim_repair_fix_idle_fullyfull_01,2,786,yf4Oelkmd60,https://www.youtube.com/watch?v=yf4Oelkmd60,"Robot moves forth then back, while making hissing sounds | go to back and front side move that robot and move up and down the eye too.",0.5,0.0,0.5,0.0,0.0,0.5,0.0,0.5,0.0,0.0,0.0,0.5,0.0,0.5,0.0,0.0
anim_repair_fix_idle_fullyfull_02,2,785,lFpJLc-P4vU,https://www.youtube.com/watch?v=lFpJLc-P4vU,Robot moves sideways while making hissing sounds | more than time blink our robot eyes.,0.5,0.0,0.5,0.0,0.0,0.0,0.0,0.0,0.0,0.0,0.0,0.0,0.0,0.0,0.0,0.0
anim_repair_fix_idle_fullyfull_03,2,784,w7am9txLAbw,https://www.youtube.com/watch?v=w7am9txLAbw,Robot makes hissing sound and moves forward | blink and littel moved front to side by side,1.0,0.0,0.0,0.0,0.0,0.0,0.0,0.0,0.0,0.0,0.0,0.5,0.0,0.5,0.0,0.0
anim_repair_fix_lift_down_01,2,783,Cl5ONQvrrCc,https://www.youtube.com/watch?v=Cl5ONQvrrCc,Robot raises arm quickly and makes a hissing sound | up to down our robot like hand.,0.5,0.0,0.0,0.0,0.5,0.5,0.0,0.0,0.0,0.0,0.0,0.0,0.0,0.0,0.5,0.0
anim_repair_fix_lift_up_01,2,782,aUpIOVI96a8,https://www.youtube.com/watch?v=aUpIOVI96a8,Robot raises its arm and makes a hissing sound | lightly moved,0.5,0.0,0.0,0.0,0.0,0.0,0.0,0.0,0.0,0.0,0.5,0.0,0.0,0.5,0.5,0.0
anim_repair_fix_lowerlift_01,2,781,nAfyCzLAiww,https://www.youtube.com/watch?v=nAfyCzLAiww,Robot makes a quick back and forth move | up down and of our robot hand side.,0.5,0.5,0.0,0.0,0.0,0.0,0.0,0.0,0.0,0.5,0.5,0.0,0.0,0.5,0.0,0.0
anim_repair_fix_raiselift_01,2,780,BeL7Hm2oc9I,https://www.youtube.com/watch?v=BeL7Hm2oc9I,Robot raises its arms and moves back and forth while making a hissing sound | down our eye only and little move backside.,0.0,0.0,0.0,0.0,0.0,0.0,0.0,0.0,0.0,0.0,0.5,0.0,0.5,0.5,0.5,0.0
anim_repair_fix_roundreact_01,2,779,kTgL0Gai5bE,https://www.youtube.com/watch?v=kTgL0Gai5bE,"Robot moves back and forth in a very sudden manner and makes a hissing sound | move side , and blink the eye of robot",0.0,0.5,0.0,0.0,0.0,0.5,0.0,0.0,0.0,0.5,0.5,0.0,0.0,0.5,0.0,0.0
anim_repair_fix_wheels_back_01,2,778,ioD_tryRH4k,https://www.youtube.com/watch?v=ioD_tryRH4k,Robot moves back and forth in a very sudden manner. | suddenly move backside and little shake.,0.0,0.0,0.0,0.0,0.0,0.0,0.0,0.0,0.0,0.0,1.0,0.0,0.0,0.5,0.0,0.0
anim_repair_fix_wheels_forward_01,2,777,ENSVsZ10SB0,https://www.youtube.com/watch?v=ENSVsZ10SB0,Robot moves back and forth in a very sudden manner. | move and suddently stop the robot.,0.0,0.0,0.0,0.0,0.0,0.0,0.0,0.0,0.5,0.0,0.5,0.0,0.0,0.5,0.5,0.0
anim_repair_mild_fix_fail_01,2,776,HUFuHftGEL0,https://www.youtube.com/watch?v=HUFuHftGEL0,fear | this robot is feel like interesting,0.5,0.0,0.0,0.0,0.0,0.0,0.0,0.0,0.0,0.0,0.5,0.0,0.0,0.0,0.0,0.0
anim_repair_mild_fix_head_01,2,775,BGmAZKAwTB8,https://www.youtube.com/watch?v=BGmAZKAwTB8,confusion | this robot feel is like frustration,0.0,0.0,0.5,0.0,0.5,0.0,0.0,0.0,0.5,0.0,0.0,0.0,0.0,0.0,0.0,0.0
anim_repair_mild_fix_head_02,2,774,VG5K4o9h6fY,https://www.youtube.com/watch?v=VG5K4o9h6fY,anger | this robot is behave like disgust,0.0,0.0,0.0,0.0,0.0,0.0,0.0,0.0,0.5,0.0,0.0,0.0,0.0,0.0,0.5,0.0
anim_repair_mild_fix_lift_01,2,773,NxuuVgfc140,https://www.youtube.com/watch?v=NxuuVgfc140,surprise | his robot looking like confusion state,0.0,0.0,0.5,0.5,0.0,0.0,0.0,0.0,0.0,0.0,0.0,0.0,0.0,0.0,0.0,0.0
anim_repair_mild_fix_lift_02,2,772,5aRFS83xW-0,https://www.youtube.com/watch?v=5aRFS83xW-0,wow | its act like alarm it wake up persons,0.5,0.5,0.0,0.0,0.0,0.0,0.0,0.0,0.0,0.0,0.0,0.0,0.0,0.0,0.0,0.0
anim_repair_mild_fix_tread_01,2,771,dbflFCUTJOo,https://www.youtube.com/watch?v=dbflFCUTJOo,thrill | this robot feeling is like frustration,0.0,0.0,0.0,0.0,0.5,0.0,0.5,0.0,0.0,0.0,0.0,0.0,0.0,0.0,0.0,0.0
anim_repair_mild_fix_tread_02,2,770,uq_yAjETM6k,https://www.youtube.com/watch?v=uq_yAjETM6k,amaze | this robot action is like fear why because its behaving like fear,0.0,0.0,0.0,0.0,0.0,0.0,0.5,0.0,0.0,0.0,0.5,0.0,0.0,0.0,0.0,0.0
anim_repair_mild_reaction_02,2,769,sh-5d7nbLL8,https://www.youtube.com/watch?v=sh-5d7nbLL8,awesome | this robot action is like relief,0.0,0.0,0.0,0.0,0.0,0.5,0.0,0.0,0.0,0.0,0.0,0.0,0.0,0.5,0.0,0.0
anim_repair_react_fall_01,2,768,et1-EWJ0TnM,https://www.youtube.com/watch?v=et1-EWJ0TnM,fear | robot action like sorrow,0.0,0.5,0.0,0.0,0.0,0.0,0.5,0.0,0.0,0.0,0.0,0.0,0.0,0.5,0.0,0.0
anim_repair_react_hit_01,2,767,JulqWIBmNSM,https://www.youtube.com/watch?v=JulqWIBmNSM,nice | report action is like angry,0.0,0.0,0.0,0.0,0.0,0.0,0.0,0.0,1.0,0.0,0.0,0.0,0.0,0.5,0.0,0.0
anim_repair_react_stop_01,2,766,p5Xtm9ZAPjE,https://www.youtube.com/watch?v=p5Xtm9ZAPjE,this robot give little slow but very goood | Robot is crying.,0.0,0.0,0.0,0.0,0.0,0.0,0.5,0.0,0.0,0.0,0.0,0.0,0.0,0.5,0.0,0.5
anim_repair_reaction_01,2,765,gBeSALl4kGg,https://www.youtube.com/watch?v=gBeSALl4kGg,this robot moving is very fast and sound is good | Robot gets scared.,0.5,0.0,0.0,0.5,0.0,0.0,0.5,0.5,0.0,0.0,0.5,0.0,0.0,0.5,0.0,0.0
anim_repair_severe_driving_end_01,2,764,7UXO2x3r8BQ,https://www.youtube.com/watch?v=7UXO2x3r8BQ,this robot moving is very slow and sound is also low | Robot wakes up.,0.0,0.5,0.0,0.0,0.0,0.0,0.0,0.0,0.0,0.0,0.5,0.0,0.5,0.0,0.0,0.0
anim_repair_severe_driving_loop_01,2,763,hPRdaTnhEzY,https://www.youtube.com/watch?v=hPRdaTnhEzY,this robot give good sound | Robot becomes alarmed.,0.0,0.5,0.0,0.0,0.0,0.0,0.0,0.0,0.0,0.0,0.0,0.0,0.5,0.0,0.0,0.5
anim_repair_severe_driving_loop_02,2,762,yLOAR3UG884,https://www.youtube.com/watch?v=yLOAR3UG884,this robot moving is amazing performance | Robot becomes sad.,0.5,0.0,0.0,0.0,0.0,0.0,0.5,0.5,0.0,0.0,0.0,0.0,0.0,0.5,0.0,0.0
anim_repair_severe_driving_loop_03,2,761,3rPYGLf-vtQ,https://www.youtube.com/watch?v=3rPYGLf-vtQ,this robot moving the head position is very cute | Robot falling asleep.,0.0,0.0,0.0,0.0,0.0,0.0,0.0,0.0,0.0,0.0,0.0,0.0,0.5,0.5,0.0,0.0
anim_repair_severe_driving_start_01,2,760,n-qYPFUQlXE,https://www.youtube.com/watch?v=n-qYPFUQlXE,this robot give the back position moving | Robot sighs.,0.0,0.0,0.0,0.0,0.0,1.0,0.0,0.0,0.0,0.0,0.0,0.0,0.0,0.0,0.0,0.0
anim_repair_severe_fix_fail_01,2,759,LPES4JIq9g0,https://www.youtube.com/watch?v=LPES4JIq9g0,this robot give very good sound and fast moving | Robot sneezes.,0.0,0.5,0.0,0.0,0.0,0.0,0.0,0.0,0.0,0.0,0.0,0.0,0.0,0.5,0.0,0.0
anim_repair_severe_fix_getin_01,2,758,SqxSTsd862E,https://www.youtube.com/watch?v=SqxSTsd862E,this robot action is very good and nice to see | Robot backs up uncomfortably.,0.0,0.0,0.0,0.0,0.0,0.0,0.0,0.0,0.0,0.0,0.5,0.5,0.0,0.0,0.0,0.0
anim_repair_severe_fix_getout_01,2,757,V6rnz0ZbjrM,https://www.youtube.com/watch?v=V6rnz0ZbjrM,very nice and the robot actions is slow to see | Robot stretches and yawns.,0.0,0.0,0.0,0.0,0.0,0.5,0.0,0.0,0.0,0.0,0.0,0.0,0.5,0.0,0.0,0.0
anim_repair_severe_fix_getout_02,2,756,8kCnPqdC4JQ,https://www.youtube.com/watch?v=8kCnPqdC4JQ,"It looks around happily, moving its head up and down in acknowledgement and moves slightly towards the camera while nodding and making a noise. | The robot frustration",0.0,0.0,0.0,0.5,0.5,0.0,0.0,0.5,0.0,0.5,0.0,0.0,0.0,0.0,0.0,0.0
anim_repair_severe_fix_getout_03,2,755,y7GQifD3DJU,https://www.youtube.com/watch?v=y7GQifD3DJU,"It wakes up, raising its arms, moving back and forward slightly while making a curious noise. | The robot confusion",0.5,0.0,0.5,0.0,0.0,0.0,0.0,0.5,0.0,0.0,0.0,0.0,0.0,0.0,0.0,0.0
anim_repair_severe_fix_getready_01,2,754,F1plySoT_wM,https://www.youtube.com/watch?v=F1plySoT_wM,"It moves forward, squints and raises its arms, while making a feint sound. | The robot gratitude",0.5,0.0,0.0,0.0,0.0,0.0,0.0,0.0,0.0,0.5,0.0,0.0,0.0,0.0,0.0,0.5
anim_repair_severe_fix_head_down_01,1,753,wfV4-Eoo7KY,https://www.youtube.com/watch?v=wfV4-Eoo7KY,It tilts its head up and down rapidly while making a feint sound.,0.0,0.0,0.0,1.0,0.0,0.0,0.0,0.0,0.0,0.0,0.0,0.0,0.0,0.0,0.0,0.0
anim_repair_severe_fix_lift_down_01,2,751,3ppFT8N9bck,https://www.youtube.com/watch?v=3ppFT8N9bck,It raises its arms quickly while making a small noise. | The robot look boredom.,0.0,0.5,0.0,0.0,0.0,0.0,0.0,0.0,0.0,0.0,0.0,0.0,0.5,0.5,0.0,0.0
anim_repair_severe_fix_lift_up_01,2,750,Qxu7uTat28g,https://www.youtube.com/watch?v=Qxu7uTat28g,It raises its arms quickly and makes a light noise. | The robot moves.,0.5,0.5,0.0,0.0,0.0,0.0,0.0,0.0,0.0,0.0,0.0,0.0,0.0,0.5,0.0,0.0
anim_repair_severe_fix_lowerlift_01,2,749,z6cUW8R0hsg,https://www.youtube.com/watch?v=z6cUW8R0hsg,It looks down and makes a small noise. | The robot look upward,0.0,0.0,0.5,0.0,0.5,0.0,0.0,0.0,0.0,0.0,0.0,0.0,0.0,0.0,0.0,0.0
anim_repair_severe_fix_raiselift_01,2,748,0ksFif-76gU,https://www.youtube.com/watch?v=0ksFif-76gU,"It looks around then down, moving back a bit and raises its arms. | The robot eye blinking",0.0,0.5,0.5,0.0,0.0,0.0,0.0,0.0,0.0,0.0,0.5,0.0,0.0,0.0,0.0,0.0
anim_repair_severe_fix_roundreaction_01,2,747,rsDpEqx85Rg,https://www.youtube.com/watch?v=rsDpEqx85Rg,"It moves forwards, makes a curious noise and raises its arms. | The robot look sorrow",0.5,0.0,0.0,0.0,0.0,0.0,0.5,0.0,0.0,0.0,0.0,0.0,0.0,0.0,0.0,0.0
anim_repair_severe_fix_wheels_back_01,2,746,ILu8524mK_I,https://www.youtube.com/watch?v=ILu8524mK_I,It makes a painful noise and then retreats backwards. | The robot backward,0.0,0.0,0.5,0.0,0.0,0.0,0.5,0.0,0.0,0.0,0.5,0.0,0.0,0.5,0.0,0.0
anim_repair_severe_fix_wheels_forward_01,2,745,uZqLDD6RB9E,https://www.youtube.com/watch?v=uZqLDD6RB9E,the robot jerks forward and squints his eyes like he was going to hit someone | robot feels frustraion and fear.,0.0,0.0,0.0,0.0,0.5,0.0,0.0,0.0,0.5,0.0,0.5,0.0,0.0,0.0,0.0,0.0
anim_repair_severe_getin_01,2,744,ybOHvJsDtzw,https://www.youtube.com/watch?v=ybOHvJsDtzw,"the robot jerks his arms and moves his eyes oddly he then backs away towards the wall slowly | robot action with anger, fear and confusion.",0.0,0.0,1.0,0.0,0.0,0.0,0.0,0.0,1.0,0.0,0.5,0.0,0.0,0.0,0.5,0.0
anim_repair_severe_getout_01,2,743,DGalG6bfqQw,https://www.youtube.com/watch?v=DGalG6bfqQw,the robot jerks his arms | robot totally confusion and fear.,0.0,0.5,0.5,0.0,0.0,0.0,0.0,0.0,0.0,0.0,0.5,0.0,0.0,0.0,0.5,0.0
anim_repair_severe_idle_01,2,742,DylhUibfw0k,https://www.youtube.com/watch?v=DylhUibfw0k,the robot is against the wall and quickly lowers his head one time | robot fear and sorrowfully.,0.0,0.0,0.0,0.0,0.0,0.0,0.5,0.0,0.0,0.0,0.5,0.0,0.5,0.0,0.0,0.0
anim_repair_severe_idle_02,2,741,2nTBoiBHnm4,https://www.youtube.com/watch?v=2nTBoiBHnm4,the robot lowered his eyes and his head looking sad | robot action like frustration and sorrow.,0.0,0.0,0.0,0.0,0.5,0.0,1.0,0.0,0.5,0.0,0.0,0.0,0.0,0.0,0.5,0.0
anim_repair_severe_idle_03,2,740,QimtdFUdWhE,https://www.youtube.com/watch?v=QimtdFUdWhE,the robot does not move forward or backwards but lowers its head and has sort of a confused look | robot action like confusion and fearness.,0.0,0.0,1.0,0.0,0.0,0.0,0.0,0.0,0.0,0.0,0.5,0.0,0.0,0.0,0.0,0.0
anim_repair_severe_interruption_edge_01,2,739,XwNqt86t8CA,https://www.youtube.com/watch?v=XwNqt86t8CA,the robot backs away quickly raising its arms like it is alarmed | robot feel confusion and fearness.,0.0,0.0,0.5,0.0,0.0,0.0,0.0,0.0,0.0,0.0,1.0,0.0,0.0,0.0,0.0,0.0
anim_repair_severe_interruption_offcube_01,2,738,uNYHpNyy2V4,https://www.youtube.com/watch?v=uNYHpNyy2V4,"the robot starts with a sad look, it raises its arms and backs up and then turns away from the camera | robot feel enjoy with interest.",0.5,0.0,0.0,0.0,0.0,0.0,0.5,0.5,0.0,0.0,0.0,0.5,0.0,0.0,0.0,0.0
anim_repair_severe_reaction_01,2,737,STe2hfUAgT4,https://www.youtube.com/watch?v=STe2hfUAgT4,the robot makes a quick movement lifting his arms and makes a sound like maybe it is sad. it also makes a sad expression and lowers its head | robot feel fear and then hopeful and understanding.,0.0,0.0,0.0,0.5,0.0,0.0,0.5,0.0,0.0,0.0,0.5,0.5,0.0,0.0,0.0,0.0
anim_repair_severe_reaction_02,2,736,RU5nKo3YGfg,https://www.youtube.com/watch?v=RU5nKo3YGfg,"the robot lifts his arms, lowers his head and makes a small sound | robot feel frustration and fearness.",0.5,0.0,0.0,0.0,0.5,0.0,0.0,0.0,0.0,0.0,0.5,0.0,0.0,0.0,0.0,0.0
anim_repair_severe_wakeup_01,2,735,JE6hhtA5ju4,https://www.youtube.com/watch?v=JE6hhtA5ju4,The robot looks down and slams the ground. | looks down and moves its arms dejectedly then spasms a bit with its arms and eyes,0.0,0.0,0.0,0.0,1.0,0.0,0.0,0.0,0.5,0.0,0.0,0.0,0.5,0.0,0.0,0.0
anim_rollblock_fail_01,2,734,D6KVzXeNsH8,https://www.youtube.com/watch?v=D6KVzXeNsH8,The robot looks down and makes a noise. | looks down and sighs,0.0,0.0,0.0,0.0,0.0,0.0,0.5,0.0,0.0,0.0,0.0,0.0,0.0,0.0,0.0,0.5
anim_rtc_react_01,2,733,C_LOolG6oas,https://www.youtube.com/watch?v=C_LOolG6oas,The robot slightly raises its arm and sits it down. | looks up and hums,0.5,0.0,0.0,0.0,0.0,0.0,0.0,0.0,0.0,0.0,0.0,0.0,0.5,0.0,0.0,0.0
anim_rtpkeepaway_askforgame_01,2,732,eceAHZ42kF8,https://www.youtube.com/watch?v=eceAHZ42kF8,The robot moves forward and raises its arm. | moves forward and lifts its arms all the way up and then back down,0.5,0.0,0.0,0.5,0.5,0.0,0.0,0.0,0.0,0.0,0.0,0.0,0.0,0.0,0.0,0.0
anim_rtpkeepaway_askforgame_02,2,731,6vA7GJDWGhc,https://www.youtube.com/watch?v=6vA7GJDWGhc,The robot raises his arm as if it is asking how we don't understand. | moves forward and raises its arms all the way up,0.0,0.0,0.0,0.0,0.5,0.0,0.0,0.0,0.0,0.5,0.0,0.0,0.0,0.0,0.0,0.0
anim_rtpkeepaway_ideatoplay_01,2,730,MOscZNnOJbE,https://www.youtube.com/watch?v=MOscZNnOJbE,"The robot looks up and says something | looks to the left, moves forward a bit and appears to ask a question with its voice",1.0,0.0,0.0,1.0,0.0,0.0,0.0,0.0,0.0,0.0,0.0,0.0,0.0,0.0,0.0,0.0
anim_rtpkeepaway_ideatoplay_02,2,729,dtcBtNFInqg,https://www.youtube.com/watch?v=dtcBtNFInqg,"The robot jumps upwards | looks right, then up, squinting and throws its arms half way up",0.0,0.0,0.0,0.0,0.0,0.0,0.0,0.5,0.0,0.5,0.0,0.5,0.0,0.0,0.0,0.0
anim_rtpkeepaway_ideatoplay_03,2,728,zTy730H17u8,https://www.youtube.com/watch?v=zTy730H17u8,The robot looks down and then springs backwards. | looks down then throws its arms half way up,0.5,0.0,0.0,0.5,0.0,0.0,0.0,0.0,0.0,0.0,0.0,0.0,0.0,0.5,0.0,0.0
anim_rtpkeepaway_idle_01,2,727,FVmhd7lRbGc,https://www.youtube.com/watch?v=FVmhd7lRbGc,"The robot looks all around as if confused. | looks around the room, never moving",0.5,0.0,0.5,0.0,0.0,0.0,0.0,0.0,0.0,0.0,0.0,0.0,0.5,0.0,0.0,0.0
anim_rtpkeepaway_idle_02,2,726,GAet9xMFwHM,https://www.youtube.com/watch?v=GAet9xMFwHM,"The robot looks up. | looks up, then glances to the right",0.0,0.5,0.0,0.0,0.0,0.0,0.0,0.0,0.0,0.0,0.0,0.0,0.0,0.5,0.0,0.5
anim_rtpkeepaway_idle_03,2,725,A5zmz-FwdQ4,https://www.youtube.com/watch?v=A5zmz-FwdQ4,"very brief emotions but i saw interest as it looked and maybe some understanding in it's actions, although very still | Robot looks bored.",0.5,0.0,0.0,0.5,0.0,0.0,0.0,0.0,0.0,0.0,0.0,0.0,0.5,0.0,0.0,0.0
anim_rtpkeepaway_playerno_01,2,724,HhaRkPNrZag,https://www.youtube.com/watch?v=HhaRkPNrZag,Poor thing was very saddened as it opened it's eyes and then closed then expressing deep sadness | Looks unhappy or disgusted by something.,0.0,0.0,0.0,0.0,0.5,0.0,0.5,0.0,0.0,0.0,0.0,0.0,0.0,0.0,1.0,0.0
anim_rtpkeepaway_playerno_02,2,723,Y-bk5bDbuvA,https://www.youtube.com/watch?v=Y-bk5bDbuvA,The sound along with the facial expression sounded very disappointing so sorrow and disgust fit it too | Looks it is expressing sorrow.,0.0,0.0,0.0,0.0,0.0,0.0,1.0,0.0,0.0,0.0,0.0,0.0,0.0,0.0,0.5,0.0
anim_rtpkeepaway_playerno_03,2,722,dCs7pRAdm28,https://www.youtube.com/watch?v=dCs7pRAdm28,Its eyes perked up in surpise and then expressed lots of sadness in it's voice | Robot is disappointed.,0.0,0.0,0.0,0.0,0.5,0.0,0.5,0.0,0.0,0.0,0.0,0.0,0.0,0.5,0.0,0.0
anim_rtpkeepaway_playeryes_01,2,721,fAmvcKo4GqI,https://www.youtube.com/watch?v=fAmvcKo4GqI,slight surprise and then great joy as it lifts it's head and laughs | Laughing.,0.0,0.0,0.0,0.0,0.0,0.0,0.0,1.0,0.0,0.0,0.0,0.0,0.0,0.5,0.0,0.0
anim_rtpkeepaway_playeryes_02,2,720,pXHPRO-D9h4,https://www.youtube.com/watch?v=pXHPRO-D9h4,I heard joy and almost laughing | Giggling.,0.0,0.0,0.0,0.0,0.0,0.0,0.0,1.0,0.0,0.0,0.0,0.0,0.0,0.0,0.0,0.0
anim_rtpkeepaway_playeryes_03,2,719,8PlpEMDegO0,https://www.youtube.com/watch?v=8PlpEMDegO0,I see some panic and movement backwards in an alarming way out of fear | It doesn't know something.,0.0,0.5,0.5,0.0,0.0,0.0,0.0,0.5,0.0,0.0,0.5,0.0,0.0,0.0,0.0,0.0
anim_rtpkeepaway_reacttocube_01,2,718,yoyOn6OxILc,https://www.youtube.com/watch?v=yoyOn6OxILc,the quick action and movement seems to be very angry and somewhat frustrated | The robot is angry and aggressive.,0.0,0.0,0.0,0.0,0.5,0.0,0.0,0.0,1.0,0.0,0.0,0.0,0.0,0.0,0.0,0.0
anim_rtpkeepaway_reacttocube_02,2,717,QMDMfeQWV_w,https://www.youtube.com/watch?v=QMDMfeQWV_w,it jumps up a little as if surprised | It looks surprised by something.,0.0,0.0,0.0,0.0,0.0,0.0,0.0,0.0,0.0,0.0,0.0,0.0,0.0,1.0,0.0,0.0
anim_rtpkeepaway_reacttocube_03,2,716,CIITjv7yMUs,https://www.youtube.com/watch?v=CIITjv7yMUs,asks a question out of confusion | It looks to be lowering its head in frustration.,0.0,0.0,0.5,0.0,1.0,0.0,0.0,0.0,0.0,0.0,0.0,0.0,0.0,0.0,0.0,0.0
anim_rtpmemorymatch_no_01,2,715,GAjxg9n2Jbg,https://www.youtube.com/watch?v=GAjxg9n2Jbg,"It looks down and moves backwards slightly, then looks back up with a noise. | it looks downward and moves backward making a sad noise",0.0,0.0,0.0,0.0,0.0,0.0,1.0,0.0,0.0,0.0,0.0,0.0,0.0,0.0,0.0,0.0
anim_rtpmemorymatch_no_02,2,714,5riNyL49rAg,https://www.youtube.com/watch?v=5riNyL49rAg,"It moves its arms to the ground, moving backwards, squints its eyes and rolls its head with a sighing sound. | it rolls its eyes",0.0,0.0,0.0,0.0,1.0,0.0,0.0,0.0,0.0,0.0,0.0,0.0,0.0,0.0,0.0,0.0
anim_rtpmemorymatch_request_01,2,713,FTvxZdbF9HM,https://www.youtube.com/watch?v=FTvxZdbF9HM,It happily squints looking upward and makes a noise while moving slightly backwards. | it looks up and moves back a litle,0.5,0.0,0.0,0.5,0.0,0.0,0.0,0.5,0.0,0.5,0.0,0.0,0.0,0.0,0.0,0.0
anim_rtpmemorymatch_request_02,2,712,CLioFW1ep1o,https://www.youtube.com/watch?v=CLioFW1ep1o,"It looks up, waves its arms rapidly and makes a noise. | it makes a strange sound and lifts its arms up and down",0.0,0.0,0.5,0.5,0.0,0.0,0.0,0.5,0.0,0.5,0.0,0.0,0.0,0.0,0.0,0.0
anim_rtpmemorymatch_request_03,2,711,pmLxC_ymMRU,https://www.youtube.com/watch?v=pmLxC_ymMRU,"It looks around, waves its arms around rapidly while making a noise. | it shakes its arms up in the air",0.5,0.0,0.0,0.0,0.5,0.0,0.0,0.5,0.0,0.5,0.0,0.0,0.0,0.0,0.0,0.0
anim_rtpmemorymatch_yes_01,2,710,QliwkU0oAdU,https://www.youtube.com/watch?v=QliwkU0oAdU,"It nods upwards, moves its arms to the ground while making an acknowledged noise. | it lifts up its arms and makes a noise",0.0,0.0,0.0,1.0,0.0,0.0,0.0,0.0,0.0,0.5,0.0,0.0,0.0,0.0,0.0,0.0
anim_rtpmemorymatch_yes_02,2,709,CSmmqCly6P8,https://www.youtube.com/watch?v=CSmmqCly6P8,"It wakes up, looks up, nods while making a noise and goes back to closing its eyes. | it looks like its agreeing, kinda shaking its head",0.0,0.0,0.0,1.0,0.0,0.0,0.0,0.0,0.0,0.5,0.0,0.0,0.5,0.0,0.0,0.0
anim_rtpmemorymatch_yes_03,2,708,AjdgBdNNsZc,https://www.youtube.com/watch?v=AjdgBdNNsZc,"It looks up quickly and squints while making a happy noise. | it looks defeated, downward and slumps",0.0,0.0,0.0,0.5,0.0,0.0,0.5,0.5,0.0,0.5,0.0,0.0,0.0,0.0,0.0,0.0
anim_rtpmemorymatch_yes_04,2,707,xerRPjpPfGo,https://www.youtube.com/watch?v=xerRPjpPfGo,"It looks happily around, squints, waves its arms rapidly and makes a noise. | it kinda moves its arms up and down and blinks",0.0,0.0,0.5,0.5,0.0,0.0,0.0,0.5,0.0,0.5,0.0,0.0,0.0,0.0,0.0,0.0
anim_sdk_speak_01,2,865,Lj2abjwJPXg,https://www.youtube.com/watch?v=Lj2abjwJPXg,It looks around faintly. | the robot eyes are rotating,0.5,0.0,0.0,0.0,0.0,0.0,0.0,0.0,0.0,0.0,0.0,0.0,0.5,0.0,0.0,0.0
anim_sparking_driving_loop_01,2,864,9M4FHZHj-rM,https://www.youtube.com/watch?v=9M4FHZHj-rM,"It squints, looks down and around, then opens its eyes fully with a small sound. | the robot eye are openings",0.0,0.5,0.0,0.0,0.0,0.0,0.0,0.0,0.0,0.0,0.0,0.0,0.5,0.0,0.0,0.0
anim_sparking_driving_loop_02,2,863,bnjNNV534ag,https://www.youtube.com/watch?v=bnjNNV534ag,"It squints and looks down then back up slightly, opening its eyes fully. | the robot eye blinking",0.0,0.0,0.0,0.0,0.0,0.0,0.5,0.0,0.5,0.0,0.0,0.0,0.0,0.0,0.0,0.0
anim_sparking_driving_loop_03,2,862,v7mwTy7ma7Y,https://www.youtube.com/watch?v=v7mwTy7ma7Y,"It squints and looks down, making a small sound. | robot eye blink",0.0,0.0,0.0,0.0,0.0,0.0,0.5,0.0,0.0,0.0,0.0,0.0,0.5,0.0,0.0,0.0
anim_sparking_driving_start_01,2,861,x_lW6CD6Btk,https://www.youtube.com/watch?v=x_lW6CD6Btk,It looks down and sighs. | the robot head are down,0.0,0.0,0.5,0.0,0.0,0.0,0.0,0.0,0.0,0.0,0.0,0.0,0.5,0.0,0.0,0.0
anim_sparking_driving_stop_01,2,860,7FYY0JYMgpg,https://www.youtube.com/watch?v=7FYY0JYMgpg,It looks down and makes a faint sound. | the robot are alarm,0.0,0.5,0.0,0.0,0.0,0.0,0.0,0.0,0.0,0.0,0.0,0.0,0.5,0.0,0.0,0.0
anim_sparking_earnsparks_01,2,859,UQosHJRqvaQ,https://www.youtube.com/watch?v=UQosHJRqvaQ,"It moves back, looks up, quickly raises and lowers its arms while making some sounds. | the robot moving backword",0.0,0.0,1.0,0.0,0.0,0.0,0.0,0.0,0.0,0.0,0.0,0.0,0.0,0.5,0.0,0.0
anim_sparking_fail_01,2,858,9w1bngiYAds,https://www.youtube.com/watch?v=9w1bngiYAds,It moves its arms while looking left and making a faint chirp. | the robot rotating,1.0,0.0,0.0,0.0,0.0,0.0,0.0,0.0,0.0,0.0,0.0,0.0,0.0,0.0,0.0,0.5
anim_sparking_getin_01,2,857,7NSJeu9jNDk,https://www.youtube.com/watch?v=7NSJeu9jNDk,It looks around slightly to the right while making a sound. | robot eye rotating,0.5,0.5,0.0,0.5,0.0,0.0,0.0,0.0,0.0,0.0,0.0,0.0,0.0,0.0,0.0,0.0
anim_sparking_getout_01,2,856,B0CyfjvlAyM,https://www.youtube.com/watch?v=B0CyfjvlAyM,Robot moves sideways in a somewhat quick way while making a hissing sound | He looks surprised about something.,0.0,0.0,0.5,0.0,0.5,0.0,0.0,0.0,0.0,0.0,0.0,0.0,0.0,0.5,0.0,0.0
anim_sparking_idle_01,2,855,YUoaIuniz3M,https://www.youtube.com/watch?v=YUoaIuniz3M,Robot moves sideways in a slow manner while making a hissing sound | He looks alarmed and looks around.,0.0,0.5,0.5,0.0,0.0,0.0,0.0,0.0,0.0,0.0,0.5,0.0,0.0,0.0,0.0,0.0
anim_sparking_idle_02,2,854,5L9POPPwhM4,https://www.youtube.com/watch?v=5L9POPPwhM4,Robot moves sideways while making a hissing sound | He looks confused and turns his head.,0.5,0.0,1.0,0.0,0.0,0.0,0.0,0.0,0.0,0.0,0.0,0.0,0.0,0.0,0.0,0.0
anim_sparking_idle_03,2,853,5yhFGT2SFcQ,https://www.youtube.com/watch?v=5yhFGT2SFcQ,Robot moves sideways while making a hissing sound | He looks alarmed of his surroundings.,0.0,1.0,0.5,0.0,0.0,0.0,0.0,0.0,0.0,0.0,0.0,0.0,0.0,0.0,0.0,0.0
anim_sparking_success_01,2,852,-7mRz4KFuk0,https://www.youtube.com/watch?v=-7mRz4KFuk0,Robot shakes while raising its arms | He looks impatient and frustrated.,0.0,0.0,0.0,0.0,0.5,0.0,0.0,0.0,0.5,0.0,0.5,0.0,0.0,0.0,0.0,0.0
anim_sparking_success_02,2,851,QP1ugR4evFY,https://www.youtube.com/watch?v=QP1ugR4evFY,"Robot flaps its arms a couple of times on the floor | He looks upset and pouts, slamming his arms up and down.",0.0,0.0,0.5,0.0,1.0,0.0,0.0,0.0,0.0,0.0,0.0,0.0,0.0,0.0,0.0,0.0
anim_speedtap_ask2play_01,2,850,totJuXGX09k,https://www.youtube.com/watch?v=totJuXGX09k,Robot flaps its arms on the floor | He blinks his eyes and jumps in joy.,0.0,0.0,0.0,0.0,0.5,0.5,0.0,0.5,0.5,0.0,0.0,0.0,0.5,0.0,0.0,0.0
anim_speedtap_drivingloop_01,1,849,WT2-lFbHTu4,https://www.youtube.com/watch?v=WT2-lFbHTu4,Robot stays still but moves its head lights sideways,0.0,0.0,0.0,0.0,0.0,0.0,0.0,0.0,0.0,0.0,1.0,0.0,0.0,0.0,0.0,0.0
anim_speedtap_drivingloop_02,2,848,JEDyYswJXSQ,https://www.youtube.com/watch?v=JEDyYswJXSQ,Robot stays still but makes hissing sound while moving its head | He looks like he is thinking.,0.0,0.0,0.5,0.0,0.5,0.0,0.0,0.0,0.5,0.0,0.0,0.0,0.0,0.0,0.0,0.0
anim_speedtap_enddriving_01,2,847,o9hr65G1-Sk,https://www.youtube.com/watch?v=o9hr65G1-Sk,Robot moves a bit while making sound | He raises his bar up and sounds interested,0.5,0.5,0.0,0.0,0.0,0.0,0.0,0.0,0.0,0.0,0.0,0.0,0.0,0.5,0.0,0.0
anim_speedtap_findsplayer_01,2,846,QFbDgdvjIjs,https://www.youtube.com/watch?v=QFbDgdvjIjs,Its eyes blink and it makes a sound. | the robot is no action,0.0,0.0,0.0,0.5,0.0,0.0,0.5,0.0,0.5,0.0,0.5,0.5,0.0,0.0,0.0,0.0
anim_speedtap_foundblock_01,2,845,X0oWVwemO3I,https://www.youtube.com/watch?v=X0oWVwemO3I,It nods and makes a chirp. | the robot is working,0.5,0.0,0.0,0.5,0.0,0.5,0.5,0.0,0.5,0.0,0.0,0.0,0.0,0.0,0.0,0.0
anim_speedtap_getout_01,2,844,QOXbUzUnW_M,https://www.youtube.com/watch?v=QOXbUzUnW_M,It blinks and looks around. | the robot is not moving,0.0,0.0,0.0,0.0,0.0,0.5,0.0,0.0,0.0,0.5,0.0,0.0,0.5,0.0,0.5,0.0
anim_speedtap_idle_01,2,843,4nhZJuTcQck,https://www.youtube.com/watch?v=4nhZJuTcQck,It raises its arms all the way up. | the robot is working and interest,0.5,0.0,0.0,0.0,0.0,0.0,0.5,0.0,0.0,0.0,0.0,0.0,0.0,1.0,0.0,0.0
anim_speedtap_idle_02,2,842,sg7lyYmBNHY,https://www.youtube.com/watch?v=sg7lyYmBNHY,It looks down. | the robot camera is working and not moving,0.5,0.0,0.0,0.0,0.0,0.0,0.0,0.5,0.5,0.0,0.0,0.0,0.5,0.0,0.0,0.0
anim_speedtap_look4block_01,2,841,K4mk4NzB3nA,https://www.youtube.com/watch?v=K4mk4NzB3nA,"It looks around and moves slightly to the right, touching the ground with its arms. | the robot is slightly moving",0.5,0.0,0.0,0.5,0.0,0.0,0.5,0.0,0.5,0.0,0.0,0.0,0.0,0.0,0.0,0.0
anim_speedtap_lookatplayer,2,840,m1y22TZCes4,https://www.youtube.com/watch?v=m1y22TZCes4,It looks down. | the robot is not moving but camera is working,0.5,0.0,0.0,0.0,0.0,0.0,1.0,0.0,0.5,0.0,0.0,0.0,0.0,0.0,0.0,0.0
anim_speedtap_losegame_intensity02_01,2,839,Ta7TRNwX5PI,https://www.youtube.com/watch?v=Ta7TRNwX5PI,"It wakes up and slowly backs up, moving its arms slowly up and down while making a depressed sound. | the robot is moving at working in joyful",0.5,0.0,0.0,0.0,0.0,0.0,0.5,0.5,0.0,0.0,0.0,0.0,0.0,0.5,0.0,0.0
anim_speedtap_losegame_intensity02_02,2,838,YDX-mnjKPGw,https://www.youtube.com/watch?v=YDX-mnjKPGw,"It slams its arms to the ground, moving backwards, and squinting its eyes. | the robot is moving at work",0.5,0.0,0.0,0.0,0.0,0.0,0.0,0.5,0.5,0.0,0.0,0.0,0.0,0.5,0.5,0.0
anim_speedtap_losegame_intensity02_03,2,837,IZfbnoVzhlk,https://www.youtube.com/watch?v=IZfbnoVzhlk,"It raises its arms up angrily and waves them around, slowly lowering them eventually and turns right 90 degrees. | the robot is moving",0.5,0.0,0.0,0.0,0.5,0.0,0.5,0.5,0.0,0.0,0.0,0.0,0.0,0.5,0.0,0.0
anim_speedtap_losegame_intensity03_01,1,836,--A38MGIYcs,https://www.youtube.com/watch?v=--A38MGIYcs,the robot moves left side,1.0,0.0,0.0,0.0,0.0,0.0,0.0,0.0,0.0,0.0,0.0,0.0,0.0,0.0,0.0,0.0
anim_speedtap_losegame_intensity03_02,2,835,euIxt_ZIyV4,https://www.youtube.com/watch?v=euIxt_ZIyV4,"Backward movement, looks up, lifts appendage and shakes before moving backwards again. | the robot surprised",0.0,0.5,0.5,0.0,0.0,0.0,0.0,0.0,0.0,0.0,0.0,0.0,0.0,0.5,0.0,0.0
anim_speedtap_losegame_intensity03_03,2,834,t3nDpEhX-g0,https://www.youtube.com/watch?v=t3nDpEhX-g0,"Backwards move, quickly lifts appendage. Repeats action before moving left. | the robot moves backward",0.0,0.0,0.0,0.0,0.5,0.0,0.5,0.0,0.0,0.0,0.0,0.0,0.0,0.0,0.0,0.0
anim_speedtap_losehand_01,2,833,MnNEzGPTd4E,https://www.youtube.com/watch?v=MnNEzGPTd4E,Lifts appendage quickly and makes sound that ends on lower note than it begins. | the robot relief,0.0,0.0,0.0,0.0,0.5,0.5,0.0,0.0,0.0,0.0,0.0,0.0,0.0,0.0,0.0,0.0
anim_speedtap_losehand_02,2,832,bT5D42Ic6q8,https://www.youtube.com/watch?v=bT5D42Ic6q8,Lifts appendage quickly. | the robot joyful,0.0,0.0,0.0,0.0,0.0,0.0,0.0,0.5,0.0,0.0,0.5,0.0,0.0,0.5,0.0,0.0
anim_speedtap_losehand_03,2,831,ruz5eafdzCM,https://www.youtube.com/watch?v=ruz5eafdzCM,Lifts appendage. | the robot surprised,0.0,0.5,0.5,0.0,0.0,0.0,0.0,0.0,0.0,0.0,0.0,0.0,0.0,1.0,0.0,0.0
anim_speedtap_loseround_intensity01_01,2,830,cOoD4QvNHmM,https://www.youtube.com/watch?v=cOoD4QvNHmM,"Backward movement, lifts appendage. | the robot moving backward",0.0,0.0,0.5,0.0,0.0,0.0,0.5,0.0,0.0,0.0,0.0,0.0,0.0,0.5,0.0,0.0
anim_speedtap_loseround_intensity02_01,2,829,BjjkDDbTZ9I,https://www.youtube.com/watch?v=BjjkDDbTZ9I,"Backward movement, lifts appendage. | the robot can moving body movement",0.0,0.0,0.0,0.0,0.0,0.0,0.5,0.0,0.0,0.0,0.0,0.0,0.0,0.5,0.0,0.0
anim_speedtap_loseround_intensity02_02,2,828,K4lDACUayso,https://www.youtube.com/watch?v=K4lDACUayso,"Backwards march, looks up. | moving backward",0.0,0.0,0.0,0.0,0.0,0.5,0.0,0.0,0.0,0.0,0.0,0.5,0.0,0.0,0.0,0.0
anim_speedtap_player_idle_01,2,827,lao7N-j-7ls,https://www.youtube.com/watch?v=lao7N-j-7ls,Head looks down | the robot can eye blinking,0.0,0.0,0.0,0.0,0.0,0.0,1.0,0.0,0.0,0.0,0.0,0.0,0.0,0.0,0.0,0.0
anim_speedtap_playerno_01,2,826,ZGLC--N5ayI,https://www.youtube.com/watch?v=ZGLC--N5ayI,He backed away and his eyes got small. | it moves backwards with lowered head,0.0,0.0,0.5,0.0,0.5,0.0,0.5,0.0,0.0,0.0,0.5,0.0,0.0,0.0,0.5,0.0
anim_speedtap_playeryes_01,2,825,zGjQ5W_1pR8,https://www.youtube.com/watch?v=zGjQ5W_1pR8,He moved his head up slightly and his eeys bounced around his head a bit. | it lowers its eyes and looks guilty,0.0,0.5,0.5,0.0,0.5,0.0,0.0,0.0,0.0,0.0,0.5,0.0,0.0,0.5,0.5,0.0
anim_speedtap_startdriving_01,2,824,Z2cP8D0Oz0I,https://www.youtube.com/watch?v=Z2cP8D0Oz0I,He half blinked once. | it blinksits eyes,0.0,0.0,0.5,0.0,0.0,0.0,0.0,0.0,0.0,0.0,0.0,0.0,1.0,0.0,0.0,0.0
anim_speedtap_tap_01,1,823,-Vc0siCobNs,https://www.youtube.com/watch?v=-Vc0siCobNs,it lifts its arms and then closes it eyes,0.0,1.0,0.0,0.0,1.0,0.0,0.0,0.0,0.0,0.0,1.0,0.0,0.0,0.0,0.0,0.0
anim_speedtap_tap_02,2,822,b7bTaaWwinU,https://www.youtube.com/watch?v=b7bTaaWwinU,"He lifted his lifter up and closed his eyes a bit so they were small. | it lifts its arms rapidly like previous video, but from a different angle",0.0,0.5,0.5,0.0,0.5,0.0,0.0,0.0,1.0,0.0,0.5,0.0,0.0,0.0,0.0,0.0
anim_speedtap_tap_03,2,821,Ct_NaN3D7Yk,https://www.youtube.com/watch?v=Ct_NaN3D7Yk,He lifted his lifter up and looked under it. | It lifts its arms rapidly,0.5,0.5,0.0,0.0,0.0,0.0,0.0,0.0,0.5,0.0,0.5,0.0,0.0,1.0,0.0,0.5
anim_speedtap_wait_long,2,820,o0mlGKBv5nM,https://www.youtube.com/watch?v=o0mlGKBv5nM,He looked like he glitched out and then looked both ways. | It looks around to its right,0.0,0.5,0.5,0.0,0.5,0.0,0.0,0.0,0.0,0.0,0.0,0.0,0.0,0.5,0.0,0.0
anim_speedtap_wait_medium_02,2,819,C1QupqMOeA8,https://www.youtube.com/watch?v=C1QupqMOeA8,he raised one eye and kind of looked around. | It looks around,0.5,0.5,1.0,0.0,0.0,0.0,0.0,0.0,0.0,0.0,0.0,0.0,0.0,0.5,0.0,0.0
anim_speedtap_wait_medium_03,2,818,Ia4r7uCRyAg,https://www.youtube.com/watch?v=Ia4r7uCRyAg,It made an angry face and put its head down a little bit. | its eyes widened,0.0,1.0,0.5,0.0,0.0,0.0,0.0,0.0,0.5,0.0,0.5,0.0,0.0,0.5,0.0,0.0
anim_speedtap_wait_short,2,817,kmas65VT3uo,https://www.youtube.com/watch?v=kmas65VT3uo,It blinked once. | It turns itself on,0.5,0.0,0.5,0.0,0.0,0.0,0.0,0.0,0.0,0.0,0.0,0.0,0.5,0.5,0.0,0.0
anim_speedtap_wingame_intensity02_01,2,816,DPRo2-G3FUU,https://www.youtube.com/watch?v=DPRo2-G3FUU,"moves backwards and nods before turning 90 degrees and lifting appendage up and down, before returning to view. | The robot lifts its arms, says wow, then backs up and faces the opposite director to lift its arms again.",0.5,0.0,0.0,0.0,0.0,0.0,0.0,1.0,0.0,0.0,0.0,0.0,0.0,0.0,0.0,0.0
anim_speedtap_wingame_intensity02_02,2,815,iX7ipaeNkQ0,https://www.youtube.com/watch?v=iX7ipaeNkQ0,Moves backwards and nods. | The robot lifts its arms while going backwards and then lowers them while appearing excited.,0.0,0.0,0.0,0.0,0.0,0.5,0.0,0.5,0.0,0.0,0.0,0.0,0.0,0.0,0.0,0.0
anim_speedtap_wingame_intensity02_03,2,814,I4gdONzCvXU,https://www.youtube.com/watch?v=I4gdONzCvXU,"Moves backwards and wriggles on the spot. | The robot lifts its arms, backs up and shakes its head in surprise",0.0,0.0,0.0,0.0,0.0,0.5,0.0,0.5,0.0,0.0,0.0,0.0,0.0,0.0,0.0,0.0
anim_speedtap_wingame_intensity02_04,2,813,8y9DrUqqkBI,https://www.youtube.com/watch?v=8y9DrUqqkBI,moves backwards and wriggles on the spot. | The robot raises its arms in excitement and shakes in joy,0.0,0.0,0.0,0.0,0.0,0.0,0.0,1.0,0.0,0.0,0.0,0.0,0.0,0.5,0.0,0.0
anim_speedtap_wingame_intensity03_01,2,812,E1KkOmX2Xx0,https://www.youtube.com/watch?v=E1KkOmX2Xx0,"Moves backwards and lifts appendage | The robot lifts its arms, bounces it head and moves backwards",0.5,0.0,0.0,0.0,0.0,0.5,0.0,0.5,0.0,0.0,0.0,0.0,0.0,0.0,0.0,0.0
anim_speedtap_wingame_intensity03_02,2,811,Oh8KWq1vzK0,https://www.youtube.com/watch?v=Oh8KWq1vzK0,Lifts appendage then jerks from left to right in a dancing motion. | The robot lifts and lowers its arm in succession,0.5,0.0,0.0,0.0,0.0,0.5,0.0,1.0,0.0,0.0,0.0,0.0,0.0,0.0,0.0,0.0
anim_speedtap_wingame_intensity03_03,2,810,OtkqIqx78C0,https://www.youtube.com/watch?v=OtkqIqx78C0,"Lifts appendage, then does a full 360 degree turn. | The robot lifts its arms and spins around in excitement",0.5,0.0,0.0,0.0,0.0,0.0,0.0,1.0,0.0,0.0,0.0,0.0,0.0,0.5,0.0,0.0
anim_speedtap_winhand_01,2,809,P_y7yUT7Z-I,https://www.youtube.com/watch?v=P_y7yUT7Z-I,Lifts appendage | The robot lifts its arms and looks down while making a noise,0.5,0.0,0.5,0.0,0.0,0.0,0.0,0.0,0.0,0.0,0.0,0.0,0.0,0.5,0.0,0.0
anim_speedtap_winhand_02,2,808,GzZPLjzSOQc,https://www.youtube.com/watch?v=GzZPLjzSOQc,Lifts appendage | The robot lifts its arms and giggles,0.5,0.0,0.0,0.0,0.0,0.0,0.0,0.0,0.0,0.0,0.0,0.0,0.0,0.5,0.0,0.0
anim_speedtap_winhand_03,2,807,lbp8zb96M8A,https://www.youtube.com/watch?v=lbp8zb96M8A,Lifts appendage | The robot lifts its arms and giggles,1.0,0.0,0.0,0.0,0.0,0.0,0.0,0.0,0.0,0.0,0.0,0.0,0.0,0.0,0.0,0.0
anim_speedtap_winround_intensity01_01,2,806,MX1JVPpBZkA,https://www.youtube.com/watch?v=MX1JVPpBZkA,"The robot got frustrated. | He raised its head quickly, then its arms, and moved back.",0.0,0.5,0.0,0.0,0.5,0.0,0.0,0.0,0.0,0.0,0.0,0.0,0.0,0.0,0.0,0.0
anim_speedtap_winround_intensity02_01,2,805,4DdvEfyRSxE,https://www.youtube.com/watch?v=4DdvEfyRSxE,"The robot got feared upon something. | He raised its head, and shoook it up and down, then moved back quickly while raising its arms.",0.0,0.0,0.0,0.0,0.0,0.0,0.0,0.0,0.0,0.0,0.5,0.0,0.0,0.5,0.0,0.0
anim_speedtap_winround_intensity02_02,2,804,atfvVis-pW0,https://www.youtube.com/watch?v=atfvVis-pW0,"The robot got confused. | He bowed its head, then moved back, and raised its arms",0.0,0.0,1.0,0.0,0.0,0.0,0.0,0.0,0.0,0.0,0.0,0.0,0.0,0.0,0.0,0.0
anim_test_shiver,2,803,XX5HyvL0GzQ,https://www.youtube.com/watch?v=XX5HyvL0GzQ,The robot express anger. | He did not move at all.,0.0,0.0,0.0,0.0,0.0,0.0,0.0,0.0,0.5,0.0,0.0,0.0,0.5,0.0,0.0,0.0
anim_upgrade_reaction_lift_01,1,801,-kz1xtQVUXM,https://www.youtube.com/watch?v=-kz1xtQVUXM,"He shook a little bit, then raised its arms a few times, and slammed it down on the floor",0.0,0.0,1.0,0.0,0.0,0.0,0.0,0.0,0.0,0.0,0.0,0.0,0.0,0.0,0.0,0.0
anim_upgrade_reaction_tracks_01,2,800,QmguQXeGHmc,https://www.youtube.com/watch?v=QmguQXeGHmc,"The robot got confused . | He moved its head down, then backed up, and shook a little bit",0.0,0.0,0.5,0.0,0.5,0.0,0.0,0.0,0.0,0.0,0.0,0.0,0.0,0.0,0.0,0.0
anim_vc_alrighty_01,2,799,nkGx4IVWjsI,https://www.youtube.com/watch?v=nkGx4IVWjsI,The robot express interest. | He moved its head up and down.,0.5,0.0,0.0,0.5,0.0,0.0,0.0,0.0,0.0,0.0,0.0,0.0,0.0,0.0,0.0,0.0
anim_vc_laser_lookdown_01,2,798,jcD3bYnRHL4,https://www.youtube.com/watch?v=jcD3bYnRHL4,"Robot felt very sad. | He backed up a little bit,",0.0,0.0,0.0,0.0,0.0,0.0,1.0,0.0,0.0,0.0,0.0,0.0,0.0,0.0,0.0,0.0
anim_vc_listening_01,2,797,vMGypfcsnWk,https://www.youtube.com/watch?v=vMGypfcsnWk,The robot felt disgust while watching something. | He slammed his arms down and then twitched,0.0,0.0,0.0,0.0,0.0,0.0,0.0,0.0,0.0,0.0,0.0,0.0,0.0,0.5,0.5,0.0
anim_vc_reaction_alreadyhere_01_head_angle_-20,2,898,vbD5jNbEF7s,https://www.youtube.com/watch?v=vbD5jNbEF7s,"The robot is begging. | Robot's head and eyes turn downward, its arms move slightly up and down, it turns slightly to the right then appears to be speaking.",0.0,0.0,0.0,0.0,0.0,0.0,1.0,0.0,0.0,0.0,0.0,0.0,0.0,0.0,0.0,0.0
anim_vc_reaction_alreadyhere_01_head_angle_20,2,897,F8Ajl2JSzc8,https://www.youtube.com/watch?v=F8Ajl2JSzc8,"The robot is dancing. | Robot's head turns upward, it makes a sound and arms move or vibrate.",0.5,0.0,0.0,0.5,0.0,0.0,0.0,0.5,0.0,0.0,0.0,0.0,0.0,0.0,0.0,0.0
anim_vc_reaction_alreadyhere_01_head_angle_40,2,896,X3yry-yKzf4,https://www.youtube.com/watch?v=X3yry-yKzf4,This robot seems interested in what is happening and inquisitive. He is looking up and asking questions. | the robot blink the eye.,1.0,0.0,0.0,0.0,0.0,0.0,0.0,0.0,0.0,0.0,0.0,0.0,0.0,0.5,0.0,0.0
anim_vc_reaction_nofaceheardyou_01,2,895,_6y58IXShfg,https://www.youtube.com/watch?v=_6y58IXShfg,THis robot seems angry. He is looking around angrily and trying to figure something out. | the robot blink the eye and rotate the body,0.0,0.0,0.0,0.0,1.0,0.0,0.0,0.0,0.5,0.0,0.0,0.0,0.0,0.0,0.0,0.0
anim_vc_reaction_nofaceheardyou_getout_01,2,894,1FH6iuvxKMU,https://www.youtube.com/watch?v=1FH6iuvxKMU,This robot seems to be bored. He is not really doing much just kind of existing. | the robot blink the eye,0.0,0.5,0.5,0.0,0.0,0.0,0.0,0.0,0.0,0.0,0.0,0.0,0.5,0.0,0.0,0.0
anim_vc_reaction_whatwasthat_01,2,893,PIY-i1DRDzc,https://www.youtube.com/watch?v=PIY-i1DRDzc,This robot is sad and depressed. He is also looking at the floor and shrugging. | the robot is shakes,0.0,0.0,0.0,0.0,0.0,0.0,0.5,0.0,0.0,0.0,0.5,0.0,0.0,0.0,0.0,0.0
anim_vc_reaction_yesfaceheardyou_01_head_angle_-20,2,892,woYBAunNu0A,https://www.youtube.com/watch?v=woYBAunNu0A,"This robot is sad, he is looking at the floor and expressing sorrow. | the robot had small movement",0.0,0.0,0.0,0.0,0.0,0.0,0.5,0.0,0.0,0.0,0.0,0.0,0.0,0.0,0.5,0.0
anim_vc_reaction_yesfaceheardyou_01_head_angle_20,2,891,6GPVAXmfA-E,https://www.youtube.com/watch?v=6GPVAXmfA-E,"This robot is angry, he seems annoyed and like he is being aggressive in response to something. | the robot blink the eye",0.0,0.0,0.0,0.0,0.5,0.0,0.0,0.0,0.0,0.5,0.0,0.0,0.0,0.0,0.5,0.0
anim_vc_reaction_yesfaceheardyou_01_head_angle_40,2,890,SQShA7aNeS8,https://www.youtube.com/watch?v=SQShA7aNeS8,"This robot is looking at someone he likes, he seems happy and excited. | the robot is small movement and shake the eye and head.",0.0,0.0,0.0,0.0,0.0,0.5,0.0,0.5,0.0,0.0,0.0,0.0,0.0,0.0,0.0,0.0
anim_vc_refuse_energy_01,2,889,PbRvcW-1GM8,https://www.youtube.com/watch?v=PbRvcW-1GM8,"A sad robot is looking up in anticipation of something but is disappointed. | the robot feel sorrow, slightly shake head and small movement of the body.",0.0,0.0,0.0,0.0,0.0,0.0,1.0,0.0,0.0,0.0,0.0,0.0,0.0,0.0,0.0,0.0
anim_vc_refuse_nosparks_01,2,888,yQXrMlySkxs,https://www.youtube.com/watch?v=yQXrMlySkxs,"This robot seems hopeful and curious, like he is hoping to find something. | the robot body movements exert their influence without people being aware of what is happening.",0.5,0.0,0.5,0.0,0.0,0.0,0.0,0.0,0.0,0.0,0.0,0.5,0.0,0.0,0.0,0.0
anim_vc_refuse_repair_01,2,887,1u4cLroHVXw,https://www.youtube.com/watch?v=1u4cLroHVXw,"The robot seems sad and disappointed, like he is looking down in sorrow. | Can robots be programmed to feel emotions",0.5,0.0,0.0,0.0,0.0,0.0,0.5,0.0,0.0,0.0,0.0,0.0,0.0,0.0,0.0,0.0
anim_workout_highenergy_getin_01,2,886,87Ie92huF54,https://www.youtube.com/watch?v=87Ie92huF54,Robot taps its arm on the floor | robot feels anger and fear.,0.0,0.0,0.0,0.0,0.0,0.0,0.0,0.0,0.5,0.5,0.5,0.0,0.0,0.0,0.0,0.0
anim_workout_highenergy_getout_01,2,885,EMldRTvTsiU,https://www.youtube.com/watch?v=EMldRTvTsiU,"Robot moves its arms up, then slams them down, then spins around | robot feels surprise with interest and joyfully.",0.5,0.0,0.0,0.0,0.5,0.0,0.0,0.5,0.0,0.0,0.0,0.0,0.0,0.5,0.0,0.0
anim_workout_highenergy_getready_01,2,884,B_I9y_tb0jY,https://www.youtube.com/watch?v=B_I9y_tb0jY,"Robot moves arms up and down, then nods its head almost as if it's agreeing with something | robot feels best understanding with interest joyfully and with hope.",0.5,0.0,0.0,1.0,0.0,0.0,0.0,0.5,0.0,0.0,0.0,0.5,0.0,0.0,0.0,0.0
anim_workout_highenergy_strong_01,2,883,fmMKdWrWBAs,https://www.youtube.com/watch?v=fmMKdWrWBAs,Robot quickly moves its arms and head up and down | robot feels interest and joyful moment.,1.0,0.0,0.0,0.0,0.0,0.0,0.0,0.5,0.0,0.0,0.0,0.0,0.0,0.0,0.0,0.0
anim_workout_highenergy_trans_01,2,882,G_mdYBDcbw8,https://www.youtube.com/watch?v=G_mdYBDcbw8,"Robot moves its arms high up in the air, and makes a joyous noice | robot feels like anger and confusion.",0.0,0.0,0.5,0.0,0.0,0.0,0.0,0.5,0.5,0.0,0.0,0.0,0.0,0.0,0.0,0.0
anim_workout_highenergy_weak_01,2,881,nVX4kSsLLZw,https://www.youtube.com/watch?v=nVX4kSsLLZw,Robot remains stationary but moves its arms up and down quickly | robot feels frustration and anger.,0.0,0.0,0.0,0.5,0.5,0.0,0.0,0.0,0.5,0.0,0.0,0.0,0.0,0.0,0.0,0.0
anim_workout_lowenergy_getin_01,2,880,u1jQMkMUhv4,https://www.youtube.com/watch?v=u1jQMkMUhv4,Robot remains stationary but moves its head up and down | robot feels confusion and fear.,0.5,0.0,0.5,0.0,0.0,0.0,0.0,0.0,0.0,0.0,0.5,0.0,0.0,0.0,0.0,0.0
anim_workout_lowenergy_getout_01,2,879,Mvy-MU80z48,https://www.youtube.com/watch?v=Mvy-MU80z48,Robot moves around and shimmys back and forth | robot confusion much with sorrow and fear.,0.0,0.0,1.0,0.0,0.0,0.0,0.5,0.0,0.0,0.0,0.5,0.0,0.0,0.0,0.0,0.0
anim_workout_lowenergy_getout_02,2,878,g_XGRVO4k_0,https://www.youtube.com/watch?v=g_XGRVO4k_0,"Robot moved its arms up and down slowly, then moved forwards & backwards | robot act like confusion and fear.",0.0,0.0,0.5,0.0,0.5,0.0,0.0,0.0,0.0,0.0,0.5,0.0,0.0,0.0,0.0,0.0
anim_workout_lowenergy_getready_01,2,877,5dPjGelYgEE,https://www.youtube.com/watch?v=5dPjGelYgEE,"Robot moved its arms up and down | robot doing work with interest, joyful with best understanding.",0.5,0.0,0.0,0.5,0.0,0.0,0.0,0.5,0.0,0.0,0.0,0.0,0.0,0.5,0.0,0.0
anim_workout_lowenergy_strong_01,2,876,hzaEyTJmP9A,https://www.youtube.com/watch?v=hzaEyTJmP9A,"Robot is very frustrated. | moves arms up, tilts head up and chirps, squinting eyes then opening and releasing arms back to the ground",0.0,0.5,0.5,0.0,1.0,0.0,0.5,0.0,0.5,0.0,0.0,0.0,0.0,0.0,0.0,0.5
anim_workout_lowenergy_trans_01,2,875,Y1G9ImGueLg,https://www.youtube.com/watch?v=Y1G9ImGueLg,"Robot is frustrated. | moves back and forth slightly, giving a sigh of relief, with small arm movements",0.0,0.5,0.5,0.5,0.5,0.5,0.0,0.0,0.5,0.0,0.0,0.5,0.0,0.0,0.5,0.0
anim_workout_lowenergy_weak_01,2,874,FHwGY7x1MVk,https://www.youtube.com/watch?v=FHwGY7x1MVk,Robot cries uncontrollably. | looks at floor and raises arms slowly while talking in increasing higher pitched tone,0.0,0.5,0.0,0.0,1.0,0.0,0.0,0.0,0.5,0.0,0.5,0.0,0.0,0.5,0.5,0.5
anim_workout_mediumenergy_getin_01,2,873,kjgMl_OutbE,https://www.youtube.com/watch?v=kjgMl_OutbE,"Robot wakes up. | opens eyes, nods with arms and chirps",0.5,0.5,0.5,0.5,0.0,0.5,0.0,0.0,0.0,0.0,0.0,0.0,0.0,1.0,0.0,0.0
anim_workout_mediumenergy_getout_01,1,872,fPsikqElQ-U,https://www.youtube.com/watch?v=fPsikqElQ-U,"opens eyes, moves backwards quickly, nodding and talking, squinting eyes",0.0,0.0,0.0,1.0,0.0,0.0,0.0,0.0,0.0,0.0,0.0,0.0,0.0,1.0,0.0,0.0
anim_workout_mediumenergy_getready_01,2,871,07rmab3ic70,https://www.youtube.com/watch?v=07rmab3ic70,"Robot tries to be scary. | opens eyes, raises arms in acknowledgement and talks",0.5,0.5,0.0,1.0,0.0,0.5,0.0,0.5,0.0,0.0,0.0,0.5,0.5,0.5,0.0,0.0
anim_workout_mediumenergy_strong_01,1,870,EuqZGqm-QiU,https://www.youtube.com/watch?v=EuqZGqm-QiU,"opens eyes , raises arms then closes eyes",0.0,0.0,0.0,0.0,0.0,0.0,0.0,0.0,0.0,0.0,0.0,1.0,0.0,0.0,0.0,0.0
anim_workout_mediumenergy_trans_01,2,869,VvCD8DEtpIg,https://www.youtube.com/watch?v=VvCD8DEtpIg,"Annoyed robot raises arms and says ""No!"". | raises arms up and down while talking",0.0,0.5,0.5,0.0,0.5,0.5,0.5,0.0,0.5,0.0,0.0,0.0,0.0,0.5,0.0,0.5
anim_workout_mediumenergy_weak_01,1,868,VHFF1TVR0hM,https://www.youtube.com/watch?v=VHFF1TVR0hM,raises arms but doesn't hit ground,0.0,0.0,0.0,0.0,1.0,0.0,0.0,0.0,0.0,0.0,0.0,0.0,0.0,0.0,0.0,0.0
