clip_name,run,mapping_version,constants_sha1,T,dur_s,sat_j1,sat_j2,sat_j3,sat_j4,sat_j5,sat_max,rate_cap_frac,max_rate,jerk_rms,range_max_rad,light_range,light_step_per_s,light_max_step,r_head,r_lift,r_yaw,dyn_rms_deg,dyn_max_deg,flags,severity
anim_bored_01,v1.2,1.2,b7e804532df6,34,1.089,0,0,0,0,0,0,0.181818,2.5,19583.2,0.811869,0.585221,0,0.066,0.925283,0.944993,,3.86663,9.19487,RATE;DYN,32.273
anim_bored_02,v1.2,1.2,b7e804532df6,41,1.32,0,0,0,0,0,0,0.1,2.5,7694.52,0.693328,0.685479,0,0.066,0.992601,0.727687,,,,RATE,4
anim_bored_event_01,v1.2,1.2,b7e804532df6,199,6.534,0,0,0,0,0,0,0.0808081,2.5,9703.67,0.938798,0.428841,0,0.066,0.990578,0.664978,0.944423,,,RATE,3.232
anim_bored_event_02,v1.2,1.2,b7e804532df6,151,4.95,0,0,0,0,0,0,0.0733333,2.5,12251.4,0.881943,0,0,0,0.984522,0.533164,0.998583,,,RATE,2.933
anim_bored_event_03,v1.2,1.2,b7e804532df6,314,10.329,0,0,0,0,0,0,0.0766773,2.5,11940.7,0.987328,0.651423,0,0.066,0.967194,0.0559497,0.939299,,,RATE;LOWCORR,18.067
anim_bored_event_04,v1.2,1.2,b7e804532df6,369,12.144,0,0,0,0,0,0,0.105978,2.5,13245,1.11609,0,0,0,0.96024,0.374623,0.754454,,,RATE,4.239
anim_bored_getout_01,v1.2,1.2,b7e804532df6,45,1.452,0,0,0,0,0,0,0.340909,2.5,12591.6,0.974395,0.665701,0,0.066,0.905073,,,,,RATE,13.636
anim_bored_getout_02,v1.2,1.2,b7e804532df6,41,1.32,0,0,0,0,0,0,0,2.47949,13361.4,0.451098,0.585529,0,0.066,0.946812,0.0416899,,,,LOWCORR,15
anim_bouncer_getin_01,v1.2,1.2,b7e804532df6,161,5.28,0,0,0,0,0,0,0,0.645709,880.467,0.0702863,0.666042,0,0.066,,,,,,,0
anim_bouncer_getout_01,v1.2,1.2,b7e804532df6,81,2.64,0,0,0,0,0,0,0.1625,2.5,10649.7,0.968221,0.066,0,0.066,0.725374,,0.988737,,,RATE,6.5
anim_bouncer_ideatoplay_01,v1.2,1.2,b7e804532df6,41,1.32,0,0,0,0,0,0,0.075,2.5,9076.45,0.572871,0,0,0,0.898747,-0.0710253,0.999148,,,RATE;LOWCORR,18
anim_bouncer_intoscore_01,v1.2,1.2,b7e804532df6,90,2.937,0,0,0,0,0,0,0.146067,2.5,10184.1,0.908969,0.0763726,0,0.066,0.975744,,,,,RATE,5.843
anim_bouncer_intoscore_02,v1.2,1.2,b7e804532df6,121,3.96,0,0,0,0,0,0,0.216667,2.5,19867.3,0.976914,0.543008,0,0.066,0.957952,0.664446,,,,RATE,8.667
anim_bouncer_intoscore_03,v1.2,1.2,b7e804532df6,251,8.25,0,0,0,0,0,0,0.036,2.5,4575.14,0.977703,0.0805116,0,0.066,0.977399,,,,,,1.44
anim_bouncer_requesttoplay_01,v1.2,1.2,b7e804532df6,101,3.3,0,0,0,0,0,0,0.05,2.5,8192.18,0.580961,0.511696,0,0.066,0.0954932,0.993717,0.994146,,,LOWCORR,17
anim_bouncer_rerequest_01,v1.2,1.2,b7e804532df6,101,3.3,0,0,0,0,0,0,0.05,2.5,8192.18,0.580961,0.511696,0,0.066,0.0954932,0.993717,0.994146,,,LOWCORR,17
anim_bouncer_timeout_01,v1.2,1.2,b7e804532df6,76,2.475,0,0,0,0,0,0,0.173333,2.5,8931.21,1.04587,0.472505,0,0.066,0.76148,0.838113,0.938868,,,RATE,6.933
anim_bouncer_wait_01,v1.2,1.2,b7e804532df6,101,3.3,0,0,0,0,0,0,0,0.0298472,43.9432,0.00381707,0.0143443,0,0.0143443,,,,,,STATIC,50
anim_bouncer_wait_02,v1.2,1.2,b7e804532df6,101,3.3,0,0,0,0,0,0,0,0.0284693,50.5779,0.00364053,0.00461853,0,0.00461853,,,,2.31479,2.82642,STATIC,50
anim_bouncer_wait_03,v1.2,1.2,b7e804532df6,101,3.3,0,0,0,0,0,0,0,0.480757,1245.55,0.0504206,0.0220715,0,0.0220715,,,,,,,0
anim_codelab_123go,v1.2,1.2,b7e804532df6,99,3.234,0,0,0,0,0,0,0.183673,2.5,14472.8,1.05467,0.0805116,0,0.066,0.965683,0.906694,0.990749,,,RATE,7.347
anim_codelab_bored_01,v1.2,1.2,b7e804532df6,198,6.501,0,0,0,0,0,0,0.0812183,2.5,9728.51,0.938798,0.428841,0,0.066,0.990424,0.657122,0.943573,,,RATE,3.249
anim_codelab_chicken_01,v1.2,1.2,b7e804532df6,95,3.102,0,0,0,0,0,0,0.212766,2.5,21458.6,1.0641,2.37823e-05,0,1.43647e-05,0.958117,0.535141,0.901884,,,RATE,8.511
anim_codelab_chicken_01_head_angle_-20,v1.2,1.2,b7e804532df6,95,3.102,0,0,0,0,0,0,0.255319,2.5,20163.1,1.0641,2.37823e-05,0,1.43647e-05,0.933649,0.120888,0.901884,,,RATE;LOWCORR,25.213
anim_codelab_chicken_01_head_angle_20,v1.2,1.2,b7e804532df6,95,3.102,0,0,0,0,0,0,0.202128,2.5,20726,1.0641,2.37823e-05,0,1.43647e-05,0.967097,0.653329,0.901884,,,RATE,8.085
anim_codelab_chicken_01_head_angle_40,v1.2,1.2,b7e804532df6,95,3.102,0,0,0,0,0,0,0.148936,2.5,20136.3,1.0641,2.37823e-05,0,1.43647e-05,0.975343,0.653329,0.901884,,,RATE,5.957
anim_codelab_cow_01_head_angle_-20,v1.2,1.2,b7e804532df6,321,10.56,0,0,0,0,0,0,0.19375,2.5,18041.5,1.02933,0.610668,0,0.066,0.957749,-0.0178781,0.658128,,,RATE;LOWCORR,22.75
anim_codelab_cow_01_head_angle_20,v1.2,1.2,b7e804532df6,321,10.56,0,0,0,0,0,0,0.175,2.5,17252.6,1.08244,0.610668,0,0.066,0.973984,0.0424962,0.658128,,,RATE;LOWCORR,22
anim_codelab_cow_01_head_angle_40,v1.2,1.2,b7e804532df6,321,10.56,0,0,0,0,0,0,0.178125,2.5,17383.4,1.08244,0.610668,0,0.066,0.973999,0.0391765,0.658128,,,RATE;LOWCORR,22.125
anim_codelab_cubetap,v1.2,1.2,b7e804532df6,9,0.264,0,0,0,0,0,0,0.625,2.5,34895.9,0.417811,0,0,0,0.787574,-0.374522,,,,TINY;SHORT;RATE;LOWCORR,60
anim_codelab_duck_01,v1.2,1.2,b7e804532df6,189,6.204,0,0,0,0,0,0,0.202128,2.5,20619,1.49045,0.466636,0,0.066,0.605243,0.960441,0.762707,,,RATE,8.085
anim_codelab_elephant_01,v1.2,1.2,b7e804532df6,111,3.63,0,0,0,0,0,0,0.318182,2.5,19710.1,1.20421,0.0805116,0,0.066,0.749841,0.939958,0.837263,,,RATE,12.727
anim_codelab_frightenedcozmo_01,v1.2,1.2,b7e804532df6,101,3.3,0,0,0,0,0,0,0,2.42185,8237.57,0.359697,0.0741767,0,0.066,0.959867,0.959282,,,,,0
anim_codelab_frog_01,v1.2,1.2,b7e804532df6,46,1.485,0,0,0,0,0,0,0.111111,2.5,17927,0.542841,0.0805116,0,0.066,0.863962,0.185259,,,,RATE;LOWCORR,19.444
anim_codelab_getin_01,v1.2,1.2,b7e804532df6,133,4.356,0,0,0,0,0,0,0.0227273,2.5,8346.73,0.649925,0.133079,0,0.0515541,0.979113,0.599126,,,,,0.909
anim_codelab_getout_01,v1.2,1.2,b7e804532df6,63,2.046,0,0,0,0,0,0,0.193548,2.5,19203.1,0.981922,0.0990281,0,0.066,0.942532,0.113487,0.955146,,,RATE;LOWCORR,22.742
anim_codelab_ghoulish_creeping_01,v1.2,1.2,b7e804532df6,66,2.145,0,0,0,0,0,0,0,2.18623,5718.09,0.514372,0.382978,0,0.066,0.99315,0.318448,,3.00822,7.19417,DYN,25
anim_codelab_kitchen_eating_01,v1.2,1.2,b7e804532df6,131,4.29,0,0,0,0,0,0,0.0307692,2.5,9666.03,0.745362,0.287676,0,0.066,0.939256,0.925563,0.975133,,,,1.231
anim_codelab_kitchen_yucky_01,v1.2,1.2,b7e804532df6,74,2.409,0,0,0,0,0,0,0.383562,2.5,26234.6,1.50772,0.660889,0,0.066,0.802265,0.789483,0.811189,,,RATE,15.342
anim_codelab_lightshow_idle,v1.2,1.2,b7e804532df6,304,9.999,0,0,0,0,0,0,0.20462,2.5,13887.9,1.0744,0.561071,0,0.066,0.957267,0.925137,0.946479,,,RATE,8.185
anim_codelab_magicfortuneteller_inquistive,v1.2,1.2,b7e804532df6,102,3.333,0,0,0,0,0,0,0.0693069,2.5,9390.7,0.901045,0.0371932,0,0.0358276,0.868556,0.988734,,,,RATE,2.772
anim_codelab_rooster_01_head_angle_20,v1.2,1.2,b7e804532df6,77,2.508,0,0,0,0,0,0,0.210526,2.5,13208.7,0.831462,0.407011,0,0.066,0.958467,0.297816,,,,RATE;LOWCORR,23.421
anim_codelab_rooster_01_head_angle_40,v1.2,1.2,b7e804532df6,77,2.508,0,0,0,0,0,0,0.184211,2.5,12852.6,0.827441,0.407011,0,0.066,0.959846,0.297816,,,,RATE;LOWCORR,22.368
anim_codelab_scarycozmo_01,v1.2,1.2,b7e804532df6,53,1.716,0,0,0,0,0,0,0,1.59818,4800.75,0.191405,0.603879,0,0.066,0.853356,-0.479104,,,,LOWCORR,15
anim_codelab_sheep_01,v1.2,1.2,b7e804532df6,131,4.29,0,0,0,0,0,0,0.0230769,2.5,4771.78,0.657808,0.0805116,0,0.066,0.995598,,,,,,0.923
anim_codelab_staring_loop,v1.2,1.2,b7e804532df6,161,5.28,0,0,0,0,0,0,0,0.391942,754.591,0.0446726,0.372911,0,0.066,,,,,,STATIC,50
anim_codelab_tiger_01_head_angle_-20,v1.2,1.2,b7e804532df6,257,8.448,0,0,0,0,0,0,0.226562,2.5,18607.2,1.03028,0.610668,0,0.066,0.937501,-0.096732,0.866468,,,RATE;LOWCORR,24.062
anim_codelab_tiger_01_head_angle_20,v1.2,1.2,b7e804532df6,257,8.448,0,0,0,0,0,0,0.195312,2.5,16005.9,1.03028,0.610668,0,0.066,0.961858,0.224566,0.866468,,,RATE;LOWCORR,22.812
anim_codelab_tiger_01_head_angle_40,v1.2,1.2,b7e804532df6,257,8.448,0,0,0,0,0,0,0.179688,2.5,15760,1.03028,0.610668,0,0.066,0.967012,0.224566,0.866468,,,RATE;LOWCORR,22.188
anim_codelab_tinyorchestra_conducting,v1.2,1.2,b7e804532df6,185,6.072,0,0,0,0,0,0,0.108696,2.5,10195,1.11722,0.0421859,0,0.0307447,0.941192,0.967241,0.914809,,,RATE,4.348
anim_codelab_tinyorchestra_takataka_01,v1.2,1.2,b7e804532df6,20,0.627,0,0,0,0,0,0,0.421053,2.5,22016.3,0.429468,0.0805116,0,0.031992,0.81883,0.93945,,,,SHORT;RATE,26.842
anim_codelab_vampirebite_01,v1.2,1.2,b7e804532df6,99,3.234,0,0,0.050505,0,0,0.050505,0.183673,2.5,20304.8,1.0577,0.451673,0,0.066,0.893734,0.668341,0.92759,,,SAT;RATE,12.397
anim_codelab_zombiecrawl_01,v1.2,1.2,b7e804532df6,131,4.29,0,0,0,0,0,0,0.0230769,2.5,4771.78,0.657808,0.0805116,0,0.066,0.995598,,,,,,0.923
anim_cozmosays_app_getin,v1.2,1.2,b7e804532df6,35,1.122,0,0,0,0,0,0,0,2.33178,9459.28,0.326427,0.0805116,0,0.066,0.937728,0.596596,,,,,0
anim_cozmosays_app_getout_01,v1.2,1.2,b7e804532df6,31,0.99,0,0,0,0,0,0,0.3,2.5,11377.6,0.863447,0,0,0,0.99088,-0.8282,0.850377,2.61861,6.4524,RATE;LOWCORR,27
anim_cozmosays_app_getout_02,v1.2,1.2,b7e804532df6,31,0.99,0,0,0,0,0,0,0.266667,2.5,9528.9,0.794331,0,0,0,0.99088,-0.8282,0.870202,,,RATE;LOWCORR,25.667
anim_cozmosays_badword_01_head_angle_-20,v1.2,1.2,b7e804532df6,81,2.64,0,0,0,0,0,0,0.2125,2.5,24655.7,0.988464,0.57188,0,0.066,0.897916,-0.0564397,0.898817,,,RATE;LOWCORR,23.5
anim_cozmosays_badword_01_head_angle_20,v1.2,1.2,b7e804532df6,81,2.64,0,0,0,0,0,0,0.2125,2.5,21271.2,0.988464,0.57188,0,0.066,0.903087,0.953306,0.898817,,,RATE,8.5
anim_cozmosays_badword_01_head_angle_40,v1.2,1.2,b7e804532df6,81,2.64,0,0,0,0,0,0,0.1875,2.5,21194.1,0.988464,0.57188,0,0.066,0.928793,0.953306,0.898817,,,RATE,7.5
anim_cozmosays_badword_02_head_angle_-20,v1.2,1.2,b7e804532df6,90,2.937,0,0,0,0,0,0,0.258427,2.5,17643.1,0.860902,0.624668,0,0.066,0.889564,-0.499863,0.919021,,,RATE;LOWCORR,25.337
anim_cozmosays_badword_02_head_angle_20,v1.2,1.2,b7e804532df6,90,2.937,0,0,0,0,0,0,0.292135,2.5,17663.7,0.860902,0.624668,0,0.066,0.639559,0.980022,0.919021,,,RATE,11.685
anim_cozmosays_badword_02_head_angle_40,v1.2,1.2,b7e804532df6,90,2.937,0,0,0,0,0,0,0.258427,2.5,18375.1,0.860902,0.624668,0,0.066,0.93045,0.980022,0.919021,,,RATE,10.337
anim_cozmosays_getin_long_01_head_angle_-20,v1.2,1.2,b7e804532df6,120,3.927,0,0,0,0,0,0,0.184874,2.5,14273.7,1.18903,0.557725,0,0.066,0.899788,0.614998,,,,RATE,7.395
anim_cozmosays_getin_long_01_head_angle_20,v1.2,1.2,b7e804532df6,120,3.927,0,0,0,0,0,0,0.117647,2.5,10827.5,0.808287,0.557725,0,0.066,0.942924,0.967235,,,,RATE,4.706
anim_cozmosays_getin_long_01_head_angle_40,v1.2,1.2,b7e804532df6,120,3.927,0,0,0,0,0,0,0.0756303,2.5,9916.85,0.576769,0.557725,0,0.066,0.958738,0.975743,,,,RATE,3.025
anim_cozmosays_getin_medium_01,v1.2,1.2,b7e804532df6,93,3.036,0,0,0,0,0,0,0.206522,2.5,13206.6,0.794144,0.0973836,0,0.066,0.866087,0.450662,,,,RATE,8.261
anim_cozmosays_getin_medium_01_head_angle_-20,v1.2,1.2,b7e804532df6,93,3.036,0,0,0,0,0,0,0.217391,2.5,16052.1,0.870518,0.0973836,0,0.066,0.815754,0.521034,,,,RATE,8.696
anim_cozmosays_getin_medium_01_head_angle_20,v1.2,1.2,b7e804532df6,93,3.036,0,0,0,0,0,0,0.076087,2.5,13390.3,0.57544,0.0973836,0,0.066,0.94024,0.959494,,,,RATE,3.043
anim_cozmosays_getin_medium_01_head_angle_40,v1.2,1.2,b7e804532df6,93,3.036,0,0,0,0,0,0,0.0978261,2.5,13216.8,0.609249,0.0973836,0,0.066,0.935094,0.959494,,,,RATE,3.913
anim_cozmosays_getin_short_01_head_angle_-20,v1.2,1.2,b7e804532df6,61,1.98,0,0,0,0,0,0,0.35,2.5,20725.4,0.68619,0.0805116,0,0.066,0.93079,0.641244,,,,RATE,14
anim_cozmosays_getin_short_01_head_angle_20,v1.2,1.2,b7e804532df6,61,1.98,0,0,0,0,0,0,0.05,2.5,9700.52,0.781829,0.0805116,0,0.066,0.932111,0.99682,,,,,2
anim_cozmosays_getin_short_01_head_angle_40,v1.2,1.2,b7e804532df6,61,1.98,0,0,0,0,0,0,0.05,2.5,9317.58,0.62475,0.0805116,0,0.066,0.962743,0.99682,,,,,2
anim_cozmosays_getout_long_01_head_angle_-20,v1.2,1.2,b7e804532df6,34,1.089,0,0,0,0,0,0,0.393939,2.5,27010.5,0.76738,0.0440116,0,0.0440116,0.849054,0.207179,0.863632,7.53174,12.0861,RATE;LOWCORR;DYN,55.758
anim_cozmosays_getout_long_01_head_angle_20,v1.2,1.2,b7e804532df6,34,1.089,0,0,0,0,0,0,0.393939,2.5,22905.8,0.76738,0.0440116,0,0.0440116,0.855228,0.88646,0.863632,,,RATE,15.758
anim_cozmosays_getout_long_01_head_angle_40,v1.2,1.2,b7e804532df6,34,1.089,0,0,0,0,0,0,0.333333,2.5,22631.1,0.76738,0.0440116,0,0.0440116,0.841287,0.88646,0.863632,,,RATE,13.333
anim_cozmosays_getout_medium_01_head_angle_-20,v1.2,1.2,b7e804532df6,57,1.848,0,0,0,0,0,0,0.375,2.5,22083.8,0.867683,0.0958542,0,0.0518426,0.533971,0.365711,0.88605,,,RATE,15
anim_cozmosays_getout_medium_01_head_angle_20,v1.2,1.2,b7e804532df6,57,1.848,0,0,0,0,0,0,0.339286,2.5,15831.1,0.867683,0.0958542,0,0.0518426,0.739456,0.802727,0.88605,,,RATE,13.571
anim_cozmosays_getout_medium_01_head_angle_40,v1.2,1.2,b7e804532df6,57,1.848,0,0,0,0,0,0,0.339286,2.5,15588,0.867683,0.0958542,0,0.0518426,0.800054,0.802727,0.88605,,,RATE,13.571
anim_cozmosays_getout_short_01,v1.2,1.2,b7e804532df6,41,1.32,0,0,0,0,0,0,0.3,2.5,21710.1,0.726196,0.529936,0,0.066,0.957908,0.113725,,,,RATE;LOWCORR,27
anim_cozmosays_getout_short_01_head_angle_-20,v1.2,1.2,b7e804532df6,41,1.32,0,0,0,0,0,0,0.25,2.5,19244.4,0.761451,0.529936,0,0.066,0.944845,-0.131706,,,,RATE;LOWCORR,25
anim_cozmosays_getout_short_01_head_angle_40,v1.2,1.2,b7e804532df6,41,1.32,0,0,0,0,0,0,0.475,2.5,17043.5,1.17817,0.529936,0,0.066,0.55559,0.976058,,,,RATE,19
anim_cozmosays_speakloop_01,v1.2,1.2,b7e804532df6,31,0.99,0,0,0,0,0,0,0,0.019635,53.3631,0.00250656,0.00941139,0,0.00941139,,,,,,STATIC,50
anim_cozmosays_speakloop_02,v1.2,1.2,b7e804532df6,31,0.99,0,0,0,0,0,0,0,0,0,0,0,0,0,,,,,,STATIC,50
anim_cozmosays_speakloop_03,v1.2,1.2,b7e804532df6,14,0.429,0,0,0,0,0,0,0,0.219396,1652.45,0.0189984,0.000230372,0,0.000230372,,,,,,TINY;SHORT;STATIC,70
anim_cozmosings_100_song_01,v1.2,1.2,b7e804532df6,304,9.999,0,0,0,0,0,0,0.20462,2.5,13887.9,1.0744,0.561071,0,0.066,0.957267,0.925137,0.946479,,,RATE,8.185
anim_cozmosings_120_song_01,v1.2,1.2,b7e804532df6,261,8.58,0,0,0,0,0,0,0.280769,2.5,11990.9,1.92804,0.51925,0,0.066,0.949682,0.977042,0.921456,,,RATE,11.231
anim_cozmosings_80_song_01,v1.2,1.2,b7e804532df6,376,12.375,0,0,0,0,0,0,0.221333,2.5,15107.6,1.01295,0.600659,0,0.066,0.952924,0.270876,0.951067,,,RATE;LOWCORR,23.853
anim_cozmosings_getin_01,v1.2,1.2,b7e804532df6,251,8.25,0,0,0,0,0,0,0.288,2.5,13754.3,1.26135,0.647817,0,0.066,0.952873,,0.991522,,,RATE,11.52
anim_cozmosings_getin_02,v1.2,1.2,b7e804532df6,182,5.973,0,0,0,0,0,0,0.0773481,2.5,10498.9,0.818788,0.419523,0,0.066,0.967589,,,,,RATE,3.094
anim_cozmosings_getin_03,v1.2,1.2,b7e804532df6,161,5.28,0,0,0,0,0,0,0.09375,2.5,11778.5,1.10579,0.36653,0,0.066,0.98314,,0.985896,,,RATE,3.75
anim_cozmosings_getout_01,v1.2,1.2,b7e804532df6,66,2.145,0,0,0,0,0,0,0.0615385,2.5,13250.9,0.627788,0.466636,0,0.066,0.933114,0.871663,,3.64803,13.8339,RATE;DYN,27.462
anim_dancing_mambo_01,v1.2,1.2,b7e804532df6,469,15.444,0,0,0.0405117,0,0,0.0405117,0.401709,2.5,22025.9,1.74601,0.569631,0,0.066,0.88397,0.622026,0.794409,,,SAT;RATE,20.12
anim_dizzy_pickup_01,v1.2,1.2,b7e804532df6,80,2.607,0,0,0,0,0,0,0.126582,2.5,16449,0.59858,0.410852,0,0.066,0.975041,0.0659902,,,,RATE;LOWCORR,20.063
anim_dizzy_pickup_02,v1.2,1.2,b7e804532df6,100,3.267,0,0,0,0,0,0,0.111111,2.5,16737.8,0.720846,0.434238,0,0.066,0.889026,0.236579,0.922551,,,RATE;LOWCORR,19.444
anim_dizzy_pickup_03,v1.2,1.2,b7e804532df6,91,2.97,0,0,0,0,0,0,0.0888889,2.5,14206.4,0.75073,0.585235,0,0.066,0.986447,0.121685,,,,RATE;LOWCORR,18.556
anim_dizzy_reaction_hard_01,v1.2,1.2,b7e804532df6,377,12.408,0,0,0,0,0,0,0.0505319,2.5,9186.76,0.896623,0.497581,0,0.066,0.975831,0.053395,0.966083,,,RATE;LOWCORR,17.021
anim_dizzy_reaction_medium_01,v1.2,1.2,b7e804532df6,276,9.075,0,0,0,0,0,0,0.0654545,2.5,15314.5,1.12686,0.64665,0,0.066,0.95811,0.289416,0.956141,,,RATE;LOWCORR,17.618
anim_dizzy_reaction_medium_02,v1.2,1.2,b7e804532df6,201,6.6,0,0,0,0,0,0,0.15,2.5,19902.1,1.11518,0.221315,0,0.066,0.692829,0.146251,0.302232,,,RATE;LOWCORR,21
anim_dizzy_reaction_medium_03,v1.2,1.2,b7e804532df6,275,9.042,0,0,0,0,0,0,0.0948905,2.5,18320,1.18976,0.516766,0,0.066,0.966269,0.837031,0.972487,,,RATE,3.796
anim_dizzy_reaction_soft_01,v1.2,1.2,b7e804532df6,163,5.346,0,0,0,0,0,0,0.0925926,2.5,21046.8,0.939844,0.503875,0,0.066,0.89327,0.606505,0.856,,,RATE,3.704
anim_dizzy_reaction_soft_02,v1.2,1.2,b7e804532df6,152,4.983,0,0,0,0,0,0,0.13245,2.5,22529.6,1.25256,0.534937,0,0.066,0.969333,0.873702,0.929842,,,RATE,5.298
anim_dizzy_reaction_soft_03,v1.2,1.2,b7e804532df6,165,5.412,0,0,0,0,0,0,0.0609756,2.5,18664.3,1.14601,0.107065,0,0.066,0.887009,-0.105109,0.957374,,,RATE;LOWCORR,17.439
anim_dizzy_shake_loop_01,v1.2,1.2,b7e804532df6,165,5.412,0,0,0,0,0,0,0.00609756,2.5,17776.1,0.223817,0.102737,0,0.066,0.327034,,,,,,0.244
anim_dizzy_shake_stop_01,v1.2,1.2,b7e804532df6,127,4.158,0,0,0,0,0,0,0,2.28947,18858.4,0.297591,0.146729,0,0.066,0.760997,0.329886,,,,,0
anim_driving_upset_end_01,v1.2,1.2,b7e804532df6,8,0.231,0,0,0,0,0,0,0,1.86779,4835.05,0.246033,0,0,0,0.99877,,,,,TINY;SHORT,20
anim_driving_upset_loop_01,v1.2,1.2,b7e804532df6,41,1.32,0,0,0,0,0,0,0,2.45599,4784.05,0.406382,0.4008,0,0.066,0.997988,,,,,,0
anim_driving_upset_loop_02,v1.2,1.2,b7e804532df6,51,1.65,0,0,0,0,0,0,0,0.839483,2980.23,0.0981916,0.14118,0,0.066,0.806666,,,,,,0
anim_driving_upset_loop_03,v1.2,1.2,b7e804532df6,101,3.3,0,0,0,0,0,0,0,0.0957682,126.18,0.0139927,0.0266392,0,0.0164989,,,,,,STATIC,50
anim_driving_upset_start_01,v1.2,1.2,b7e804532df6,13,0.396,0,0,0,0,0,0,0,0.705361,2668.37,0.101782,0.529511,0,0.066,,,,1.99723,2.47838,TINY;SHORT,20
anim_endmambo,v1.2,1.2,b7e804532df6,99,3.234,0,0,0.040404,0,0,0.040404,0.642857,2.5,25925.5,1.28378,0.550801,0,0.066,0.841918,0.870392,,,,SAT;RATE,29.755
anim_energy_cubedone_01,v1.2,1.2,b7e804532df6,20,0.627,0,0,0,0,0,0,0.421053,2.5,22016.3,0.429468,0.0805116,0,0.031992,0.81883,0.93945,,,,SHORT;RATE,26.842
anim_energy_cubedone_02,v1.2,1.2,b7e804532df6,38,1.221,0,0,0,0,0,0,0,2.07715,6748.56,0.360539,0.147705,0,0.066,0.951018,0.99795,,,,,0
anim_energy_cubedonelvl1_02,v1.2,1.2,b7e804532df6,38,1.221,0,0,0,0,0,0,0.432432,2.5,20608.4,0.936493,0.253668,0,0.066,0.968373,0.539381,0.886442,,,RATE,17.297
anim_energy_cubedown_01,v1.2,1.2,b7e804532df6,56,1.815,0,0,0,0,0,0,0.363636,2.5,22513.7,0.983363,0.551634,0,0.066,0.720176,0.235419,,,,RATE;LOWCORR,29.545
anim_energy_cubedown_02,v1.2,1.2,b7e804532df6,113,3.696,0,0,0,0,0,0,0,1.91831,3527.33,0.700322,0.244678,0,0.0498311,0.994223,-0.0755233,,,,LOWCORR,15
anim_energy_cubedownlvl1_02,v1.2,1.2,b7e804532df6,73,2.376,0,0,0.0273973,0,0,0.0273973,0.361111,2.5,23550.4,1.02114,0.577639,0,0.066,0.940802,0.570112,,,,SAT;RATE,17.184
anim_energy_cubedownlvl1_03,v1.2,1.2,b7e804532df6,93,3.036,0,0,0,0,0,0,0.108696,2.5,11146.1,0.648393,0.124159,0,0.066,0.97695,,,,,RATE,4.348
anim_energy_cubedownlvl2_02,v1.2,1.2,b7e804532df6,90,2.937,0,0,0,0,0,0,0.0898876,2.5,8988.76,0.803593,0.476861,0,0.066,0.975348,,,,,RATE,3.596
anim_energy_cubedownlvl2_03,v1.2,1.2,b7e804532df6,65,2.112,0,0,0,0,0,0,0.125,2.5,14341.7,0.732996,0.401831,0,0.066,0.796914,0.291415,,,,RATE;LOWCORR,20
anim_energy_cubenotfound_01,v1.2,1.2,b7e804532df6,83,2.706,0,0,0,0,0,0,0.158537,2.5,18285.9,0.783541,0.490293,0,0.066,0.898834,0.026527,0.993322,,,RATE;LOWCORR,21.341
anim_energy_cubenotfound_02,v1.2,1.2,b7e804532df6,116,3.795,0,0,0,0,0,0,0.13913,2.5,14494.4,0.828577,0.311177,0,0.066,0.966372,-0.0729043,0.999573,,,RATE;LOWCORR,20.565
anim_energy_cubeshake_01,v1.2,1.2,b7e804532df6,119,3.894,0,0,0,0,0,0,0.237288,2.5,17192.8,1.10802,0.0805233,0,0.066,0.75583,0.812081,0.991597,,,RATE,9.492
anim_energy_cubeshake_02,v1.2,1.2,b7e804532df6,69,2.244,0,0,0.0724638,0,0,0.0724638,0.102941,2.5,12516,1.0648,0.362797,0,0.066,0.987369,0.847449,,,,SAT;RATE,11.364
anim_energy_cubeshake_lv2_02,v1.2,1.2,b7e804532df6,175,5.742,0,0,0,0,0,0,0,2.1165,3077.23,0.718423,0.41723,0,0.066,0.996287,,,,,,0
anim_energy_cubeshake_lv2_03,v1.2,1.2,b7e804532df6,174,5.709,0,0,0,0,0,0,0.0578035,2.5,7868.67,0.824173,0.576465,0,0.066,0.988825,0.688722,,,,RATE,2.312
anim_energy_cubeshakelvl1_02,v1.2,1.2,b7e804532df6,106,3.465,0,0,0,0,0,0,0.457143,2.5,27681.7,1.33188,0.186331,0,0.066,0.888222,-0.0267675,0.863488,,,RATE;LOWCORR,33.286
anim_energy_cubeshakelvl1_03,v1.2,1.2,b7e804532df6,131,4.29,0,0,0,0,0,0,0.0230769,2.5,4771.78,0.657808,0.0805116,0,0.066,0.995598,,,2.22218,5.70949,,0.923
anim_energy_drivegeout_01,v1.2,1.2,b7e804532df6,35,1.122,0,0,0,0,0,0,0,2.29186,7258.7,0.386684,0.143227,0,0.066,0.97964,,,,,,0
anim_energy_drivegetin_01,v1.2,1.2,b7e804532df6,91,2.97,0,0,0,0,0,0,0.0222222,2.5,6386.46,0.506588,0.254087,0,0.066,0.992248,,,,,,0.889
anim_energy_driveloop_01,v1.2,1.2,b7e804532df6,151,4.95,0,0,0,0,0,0,0,1.61696,5345.72,0.180189,0.144354,0,0.066,0.940622,,,,,,0
anim_energy_driveloop_02,v1.2,1.2,b7e804532df6,104,3.399,0,0,0,0,0,0,0,2.26859,6369.9,0.282186,0.187804,0,0.066,0.965982,,,,,,0
anim_energy_driveloop_03,v1.2,1.2,b7e804532df6,101,3.3,0,0,0,0,0,0,0,2.0078,3569.96,0.269205,0.289099,0,0.066,0.982043,,,,,,0
anim_energy_eat_01,v1.2,1.2,b7e804532df6,421,13.86,0,0,0,0,0,0,0.0714286,2.5,8334.09,1.50089,0.635706,0,0.066,0.95036,0.963476,0.997267,,,RATE,2.857
anim_energy_eat_02,v1.2,1.2,b7e804532df6,262,8.613,0,0,0.00763359,0,0,0.00763359,0.187739,2.5,16809.3,1.59425,0.690254,0,0.066,0.76973,0.927876,0.966112,,,RATE,8.273
anim_energy_eat_03,v1.2,1.2,b7e804532df6,254,8.349,0,0,0,0,0,0,0.0869565,2.5,10388.5,1.06301,0.487097,0,0.066,0.981129,0.915605,,,,RATE,3.478
anim_energy_eat_04,v1.2,1.2,b7e804532df6,285,9.372,0,0,0,0,0,0,0.084507,2.5,10037.8,1.57353,0.65982,0,0.066,0.973143,0.924592,0.975826,,,RATE,3.38
anim_energy_eat_lvl1_03,v1.2,1.2,b7e804532df6,244,8.019,0,0,0,0,0,0,0.193416,2.5,20339.6,1.29853,0.690254,0,0.066,0.853533,0.938128,0.875567,,,RATE,7.737
anim_energy_eat_lvl1_06,v1.2,1.2,b7e804532df6,272,8.943,0,0,0,0,0,0,0.0664207,2.5,11466.2,1.27556,0.551332,0,0.066,0.956105,0.977111,0.957534,,,RATE,2.657
anim_energy_eat_lvl1_07,v1.2,1.2,b7e804532df6,300,9.867,0,0,0,0,0,0,0.103679,2.5,10147.5,1.73099,0.609455,0,0.066,0.910406,0.98703,0.986725,,,RATE,4.147
anim_energy_eat_lvl1_08,v1.2,1.2,b7e804532df6,422,13.893,0,0,0,0,0,0,0.114014,2.5,16099.7,1.80195,0.690254,0,0.066,0.793631,0.891424,0.966045,,,RATE,4.561
anim_energy_eat_lvl1_09,v1.2,1.2,b7e804532df6,285,9.372,0,0,0,0,0,0,0.193662,2.5,21132.7,1.46199,0.690254,0,0.066,0.917454,0.886128,0.86259,,,RATE,7.746
anim_energy_eat_lvl2_05,v1.2,1.2,b7e804532df6,241,7.92,0,0,0,0,0,0,0.0833333,2.5,6904.83,1.19666,0.637061,0,0.066,0.987336,0.822249,0.961719,,,RATE,3.333
anim_energy_failgetout_01,v1.2,1.2,b7e804532df6,56,1.815,0,0,0,0,0,0,0.345455,2.5,12657,0.743262,0.35428,0,0.066,0.956827,,,,,RATE,13.818
anim_energy_failgetout_02,v1.2,1.2,b7e804532df6,64,2.079,0,0,0,0,0,0,0.253968,2.5,19505.9,1.0552,0.0805116,0,0.066,0.965843,0.33129,,,,RATE,10.159
anim_energy_getin_01,v1.2,1.2,b7e804532df6,65,2.112,0,0,0,0,0,0,0.265625,2.5,18394.7,0.979703,0.626074,0,0.066,0.989395,0.952858,,4.98698,12.8555,RATE;DYN,35.625
anim_energy_getout_01,v1.2,1.2,b7e804532df6,101,3.3,0,0,0,0,0,0,0.18,2.5,12666.5,0.926016,0.459052,0,0.066,0.981017,,,,,RATE,7.2
anim_energy_idlel1_01,v1.2,1.2,b7e804532df6,108,3.531,0,0,0,0,0,0,0,1.56515,2754.92,0.295212,0.0869195,0,0.066,0.964355,,,,,,0
anim_energy_idlel1_02,v1.2,1.2,b7e804532df6,101,3.3,0,0,0,0,0,0,0,1.48039,2479.68,0.26756,0,0,0,0.991421,,,,,,0
anim_energy_idlel1_03,v1.2,1.2,b7e804532df6,100,3.267,0,0,0,0,0,0,0,0.823389,1377.56,0.255872,0.0237519,0,0.0237404,0.984822,,,,,,0
anim_energy_idlel2_01_nohead,v1.2,1.2,b7e804532df6,99,3.234,0,0,0,0,0,0,0,0.380079,250.197,0.103142,0.430471,0,0.066,,,,,,,0
anim_energy_idlel2_02_nohead,v1.2,1.2,b7e804532df6,151,4.95,0,0,0,0,0,0,0,1.5613,1676.76,0.271637,0.13639,0,0.066,,,,,,,0
anim_energy_idlel2_03_nohead,v1.2,1.2,b7e804532df6,99,3.234,0,0,0,0,0,0,0,0.366383,558.704,0.0549108,0.319009,0,0.066,,,,,,,0
anim_energy_idlel2_04,v1.2,1.2,b7e804532df6,113,3.696,0,0,0,0,0,0,0,1.27014,2452.6,0.218135,0.329294,0,0.066,0.987998,,,,,,0
anim_energy_idlel2_05,v1.2,1.2,b7e804532df6,126,4.125,0,0,0,0,0,0,0,1.65369,2706.05,0.258338,0.23148,0,0.066,0.994708,,,,,,0
anim_energy_idlel2_06,v1.2,1.2,b7e804532df6,99,3.234,0,0,0,0,0,0,0,1.63091,2537.34,0.22836,0.383266,0,0.066,0.985252,,,,,,0
anim_energy_idlel2_search_01,v1.2,1.2,b7e804532df6,99,3.234,0,0,0,0,0,0,0.0612245,2.5,9679.88,0.608186,0.449853,0,0.066,0.961427,,,,,RATE,2.449
anim_energy_idlel2_search_02,v1.2,1.2,b7e804532df6,151,4.95,0,0,0,0,0,0,0,1.61264,5567.01,0.271637,0.13639,0,0.066,0.940351,,,,,,0
anim_energy_idlel2_search_03,v1.2,1.2,b7e804532df6,99,3.234,0,0,0,0,0,0,0,1.89591,4947.36,0.273434,0.319009,0,0.066,0.937079,,,,,,0
anim_energy_liftoncube_01,v1.2,1.2,b7e804532df6,26,0.825,0,0,0,0,0,0,0.28,2.5,24184.5,0.983349,0,0,0,0.877884,0.884214,,,,SHORT;RATE,21.2
anim_energy_liftoncube_02,v1.2,1.2,b7e804532df6,31,0.99,0,0,0,0,0,0,0.466667,2.5,20110.1,1.16181,0,0,0,0.912886,0.941599,,,,RATE,18.667
anim_energy_react_stop_01,v1.2,1.2,b7e804532df6,113,3.696,0,0,0.0265487,0,0,0.0265487,0.160714,2.5,13934.9,0.801371,0.487723,0,0.066,0.96417,,0.988257,,,SAT;RATE,9.083
anim_energy_reacttocliff_lv2_01,v1.2,1.2,b7e804532df6,108,3.531,0,0,0,0,0,0,0.0841121,2.5,7110.99,0.886804,0.494508,0,0.066,0.994762,,,,,RATE,3.364
anim_energy_requestlvlone_01,v1.2,1.2,b7e804532df6,131,4.29,0,0,0,0,0,0,0.0923077,2.5,11814.8,0.699188,0.0371932,0,0.0358276,0.981274,0.915297,,5.22432,21.184,RATE;DYN,28.692
anim_energy_requestlvltwo_01,v1.2,1.2,b7e804532df6,146,4.785,0,0,0,0,0,0,0.0827586,2.5,13639.1,1.07153,0.442417,0,0.066,0.987171,0.915221,,,,RATE,3.31
anim_energy_requestshortlvl1_01,v1.2,1.2,b7e804532df6,79,2.574,0,0,0,0,0,0,0.102564,2.5,16180.6,0.705763,0.0616592,0,0.0616592,0.989398,0.974064,,,,RATE,4.103
anim_energy_requestshortlvl2_01,v1.2,1.2,b7e804532df6,91,2.97,0,0,0,0,0,0,0.133333,2.5,16142.9,0.717699,0.381201,0,0.066,0.986783,0.952521,,,,RATE,5.333
anim_energy_shortreact_lvl2_01,v1.2,1.2,b7e804532df6,46,1.485,0,0,0,0,0,0,0.155556,2.5,13222.2,0.650317,0.369138,0,0.066,0.977017,,,,,RATE,6.222
anim_energy_stuckonblock_lv2,v1.2,1.2,b7e804532df6,167,5.478,0,0,0,0,0,0,0.180723,2.5,13527,1.35944,0.451674,0,0.066,0.970794,0.588294,,,,RATE,7.229
anim_energy_successgetout_01,v1.2,1.2,b7e804532df6,34,1.089,0,0,0,0,0,0,0.393939,2.5,22578.3,0.760188,0.536289,0,0.066,0.978512,0.834043,,,,RATE,15.758
anim_energy_successgetout_02,v1.2,1.2,b7e804532df6,76,2.475,0,0,0,0,0,0,0.466667,2.5,15236.4,1.92192,0.471846,0,0.066,0.943147,-0.238278,0.93209,,,RATE;LOWCORR,33.667
anim_energy_wakeup_01,v1.2,1.2,b7e804532df6,129,4.224,0,0,0,0,0,0,0.03125,2.5,8013.18,0.580433,0.368957,0,0.066,0.994098,,,,,,1.25
anim_explorer_driving01_end_01_head_angle_-10,v1.2,1.2,b7e804532df6,11,0.33,0,0,0,0,0,0,0,0.595642,3060.9,0.0781144,0.0433342,0,0.0433342,,,,,,TINY;SHORT,20
anim_explorer_driving01_end_01_head_angle_-20,v1.2,1.2,b7e804532df6,11,0.33,0,0,0,0,0,0,0,0.595642,3060.9,0.0781144,0.0433342,0,0.0433342,,,,,,TINY;SHORT,20
anim_explorer_driving01_end_01_head_angle_10,v1.2,1.2,b7e804532df6,11,0.33,0,0,0,0,0,0,0,0.595642,3060.9,0.0781144,0.0433342,0,0.0433342,,,,,,TINY;SHORT,20
anim_explorer_driving01_end_01_head_angle_20,v1.2,1.2,b7e804532df6,11,0.33,0,0,0,0,0,0,0,0.595642,3060.9,0.0781144,0.0433342,0,0.0433342,,,,,,TINY;SHORT,20
anim_explorer_driving01_end_01_head_angle_30,v1.2,1.2,b7e804532df6,11,0.33,0,0,0,0,0,0,0,0.595642,3060.9,0.0781144,0.0433342,0,0.0433342,,,,,,TINY;SHORT,20
anim_explorer_driving01_end_01_head_angle_40,v1.2,1.2,b7e804532df6,11,0.33,0,0,0,0,0,0,0,0.595642,3060.9,0.0781144,0.0433342,0,0.0433342,,,,,,TINY;SHORT,20
anim_explorer_driving01_loop_01_head_angle_-10,v1.2,1.2,b7e804532df6,58,1.881,0,0,0,0,0,0,0,0.851786,2686.59,0.181641,0.0638942,0,0.0638942,,,,,,,0
anim_explorer_driving01_loop_01_head_angle_-20,v1.2,1.2,b7e804532df6,58,1.881,0,0,0,0,0,0,0,0.851786,2686.59,0.181641,0.0638942,0,0.0638942,,,,,,,0
anim_explorer_driving01_loop_01_head_angle_10,v1.2,1.2,b7e804532df6,58,1.881,0,0,0,0,0,0,0,0.851786,2686.59,0.181641,0.0638942,0,0.0638942,,,,,,,0
anim_explorer_driving01_loop_01_head_angle_20,v1.2,1.2,b7e804532df6,58,1.881,0,0,0,0,0,0,0,0.851786,2686.59,0.181641,0.0638942,0,0.0638942,,,,2.25991,2.87448,,0
anim_explorer_driving01_loop_01_head_angle_30,v1.2,1.2,b7e804532df6,58,1.881,0,0,0,0,0,0,0,0.851786,2686.59,0.181641,0.0638942,0,0.0638942,,,,,,,0
anim_explorer_driving01_loop_01_head_angle_40,v1.2,1.2,b7e804532df6,58,1.881,0,0,0,0,0,0,0,0.851786,2686.59,0.181641,0.0638942,0,0.0638942,,,,,,,0
anim_explorer_driving01_loop_02_head_angle_-10,v1.2,1.2,b7e804532df6,75,2.442,0,0,0,0,0,0,0,0.140274,215.911,0.0145148,0.019819,0,0.019819,,,,,,STATIC,50
anim_explorer_driving01_loop_02_head_angle_-20,v1.2,1.2,b7e804532df6,75,2.442,0,0,0,0,0,0,0,0.140274,215.911,0.0145148,0.019819,0,0.019819,,,,,,STATIC,50
anim_explorer_driving01_loop_02_head_angle_10,v1.2,1.2,b7e804532df6,75,2.442,0,0,0,0,0,0,0,0.140274,215.911,0.0145148,0.019819,0,0.019819,,,,,,STATIC,50
anim_explorer_driving01_loop_02_head_angle_20,v1.2,1.2,b7e804532df6,75,2.442,0,0,0,0,0,0,0,0.140274,215.911,0.0145148,0.019819,0,0.019819,,,,,,STATIC,50
anim_explorer_driving01_loop_02_head_angle_30,v1.2,1.2,b7e804532df6,75,2.442,0,0,0,0,0,0,0,0.140274,215.911,0.0145148,0.019819,0,0.019819,,,,,,STATIC,50
anim_explorer_driving01_loop_02_head_angle_40,v1.2,1.2,b7e804532df6,75,2.442,0,0,0,0,0,0,0,0.140274,215.911,0.0145148,0.019819,0,0.019819,,,,,,STATIC,50
anim_explorer_driving01_loop_03_head_angle_-10,v1.2,1.2,b7e804532df6,101,3.3,0,0,0,0,0,0,0,1.97438,2346.75,0.183956,0.0801992,0,0.0517839,,,,,,,0
anim_explorer_driving01_loop_03_head_angle_-20,v1.2,1.2,b7e804532df6,101,3.3,0,0,0,0,0,0,0,1.97438,2346.75,0.183956,0.0801992,0,0.0517839,,,,,,,0
anim_explorer_driving01_loop_03_head_angle_10,v1.2,1.2,b7e804532df6,101,3.3,0,0,0,0,0,0,0,1.97438,2346.75,0.183956,0.0801992,0,0.0517839,,,,,,,0
anim_explorer_driving01_loop_03_head_angle_20,v1.2,1.2,b7e804532df6,101,3.3,0,0,0,0,0,0,0,1.97438,2346.75,0.183956,0.0801992,0,0.0517839,,,,,,,0
anim_explorer_driving01_loop_03_head_angle_30,v1.2,1.2,b7e804532df6,101,3.3,0,0,0,0,0,0,0,1.97438,2346.75,0.183956,0.0801992,0,0.0517839,,,,,,,0
anim_explorer_driving01_loop_03_head_angle_40,v1.2,1.2,b7e804532df6,101,3.3,0,0,0,0,0,0,0,1.97438,2346.75,0.183956,0.0801992,0,0.0517839,,,,,,,0
anim_explorer_driving01_start_01,v1.2,1.2,b7e804532df6,28,0.891,0,0,0,0,0,0,0,0.995007,3421.07,0.137621,0.00741047,0,0.00741047,,,,,,SHORT,10
anim_explorer_driving01_start_01_head_angle_-10,v1.2,1.2,b7e804532df6,28,0.891,0,0,0,0,0,0,0,0.995007,3421.07,0.137621,0.00741047,0,0.00741047,,,,,,SHORT,10
anim_explorer_driving01_start_01_head_angle_-20,v1.2,1.2,b7e804532df6,28,0.891,0,0,0,0,0,0,0,0.995007,3421.07,0.137621,0.00741047,0,0.00741047,,,,,,SHORT,10
anim_explorer_driving01_start_01_head_angle_10,v1.2,1.2,b7e804532df6,28,0.891,0,0,0,0,0,0,0,0.995007,3421.07,0.137621,0.00741047,0,0.00741047,,,,2.35208,2.78217,SHORT,10
anim_explorer_driving01_start_01_head_angle_20,v1.2,1.2,b7e804532df6,28,0.891,0,0,0,0,0,0,0,0.995007,3421.07,0.137621,0.00741047,0,0.00741047,,,,,,SHORT,10
anim_explorer_driving01_start_01_head_angle_30,v1.2,1.2,b7e804532df6,28,0.891,0,0,0,0,0,0,0,0.995007,3421.07,0.137621,0.00741047,0,0.00741047,,,,,,SHORT,10
anim_explorer_driving01_start_01_head_angle_40,v1.2,1.2,b7e804532df6,28,0.891,0,0,0,0,0,0,0,0.995007,3421.07,0.137621,0.00741047,0,0.00741047,,,,,,SHORT,10
anim_explorer_driving01_start_02_head_angle_-10,v1.2,1.2,b7e804532df6,34,1.089,0,0,0,0,0,0,0,2.11215,3267.84,0.143111,0.0322036,0,0.0322036,,,,,,,0
anim_explorer_driving01_start_02_head_angle_-20,v1.2,1.2,b7e804532df6,34,1.089,0,0,0,0,0,0,0,2.11215,3267.84,0.143111,0.0322036,0,0.0322036,,,,,,,0
anim_explorer_driving01_start_02_head_angle_10,v1.2,1.2,b7e804532df6,34,1.089,0,0,0,0,0,0,0,2.11215,3267.84,0.143111,0.0322036,0,0.0322036,,,,,,,0
anim_explorer_driving01_start_02_head_angle_20,v1.2,1.2,b7e804532df6,34,1.089,0,0,0,0,0,0,0,2.11215,3267.84,0.143111,0.0322036,0,0.0322036,,,,,,,0
anim_explorer_driving01_start_02_head_angle_30,v1.2,1.2,b7e804532df6,34,1.089,0,0,0,0,0,0,0,2.11215,3267.84,0.143111,0.0322036,0,0.0322036,,,,,,,0
anim_explorer_driving01_start_02_head_angle_40,v1.2,1.2,b7e804532df6,34,1.089,0,0,0,0,0,0,0,2.11215,3267.84,0.143111,0.0322036,0,0.0322036,,,,,,,0
anim_explorer_driving01_turbo_01,v1.2,1.2,b7e804532df6,40,1.287,0,0,0,0,0,0,0.025641,2.5,13651.5,0.347295,0.530295,0,0.066,0.964841,,,,,,1.026
anim_explorer_driving01_turbo_01_head_angle_-10,v1.2,1.2,b7e804532df6,40,1.287,0,0,0,0,0,0,0.333333,2.5,19625.2,0.60389,0.530295,0,0.066,0.852748,,,,,RATE,13.333
anim_explorer_driving01_turbo_01_head_angle_-20,v1.2,1.2,b7e804532df6,40,1.287,0,0,0,0,0,0,0.282051,2.5,19066.8,0.7264,0.530295,0,0.066,0.897012,,,,,RATE,11.282
anim_explorer_driving01_turbo_01_head_angle_10,v1.2,1.2,b7e804532df6,40,1.287,0,0,0,0,0,0,0.179487,2.5,14135.8,0.472392,0.530295,0,0.066,0.956339,,,,,RATE,7.179
anim_explorer_driving01_turbo_01_head_angle_20,v1.2,1.2,b7e804532df6,40,1.287,0,0,0,0,0,0,0.179487,2.5,15874.6,0.51266,0.530295,0,0.066,0.939024,,,,,RATE,7.179
anim_explorer_driving01_turbo_01_head_angle_30,v1.2,1.2,b7e804532df6,40,1.287,0,0,0,0,0,0,0.153846,2.5,17337.7,0.474346,0.530295,0,0.066,0.944161,,,,,RATE,6.154
anim_explorer_driving01_turbo_01_head_angle_40,v1.2,1.2,b7e804532df6,40,1.287,0,0,0,0,0,0,0.102564,2.5,13545.7,0.460861,0.530295,0,0.066,0.974276,,,,,RATE,4.103
anim_explorer_drvback_end_01,v1.2,1.2,b7e804532df6,11,0.33,0,0,0,0,0,0,0,0.595642,3060.9,0.0781144,0.0433342,0,0.0433342,,,,,,TINY;SHORT,20
anim_explorer_drvback_loop_01,v1.2,1.2,b7e804532df6,58,1.881,0,0,0,0,0,0,0,0.851786,2686.59,0.181641,0.0638942,0,0.0638942,,,,2.25991,2.87448,,0
anim_explorer_drvback_loop_02,v1.2,1.2,b7e804532df6,88,2.871,0,0,0,0,0,0,0,0.10852,209.294,0.0142457,0.019819,0,0.019819,,,,,,STATIC,50
anim_explorer_drvback_loop_03,v1.2,1.2,b7e804532df6,117,3.828,0,0,0,0,0,0,0,1.97438,2175.84,0.183956,0.0801992,0,0.0517839,,,,,,,0
anim_explorer_drvback_start_01,v1.2,1.2,b7e804532df6,28,0.891,0,0,0,0,0,0,0,0.995007,3421.07,0.137621,0.00741047,0,0.00741047,,,,,,SHORT,10
anim_explorer_drvback_start_02,v1.2,1.2,b7e804532df6,34,1.089,0,0,0,0,0,0,0,2.11215,3267.84,0.143111,0.0322036,0,0.0322036,,,,,,,0
anim_explorer_getin_01,v1.2,1.2,b7e804532df6,39,1.254,0,0,0,0,0,0,0.184211,2.5,12755.5,0.671595,0.405727,0,0.066,0.930538,0.819118,,,,RATE,7.368
anim_explorer_huh_01,v1.2,1.2,b7e804532df6,15,0.462,0,0,0.133333,0,0,0.133333,0.642857,2.5,29830.8,0.494654,0.0805116,0,0.066,0.489027,,,,,SHORT;SAT;RATE,49.048
anim_explorer_huh_01_head_angle_-10,v1.2,1.2,b7e804532df6,15,0.462,0,0,0.2,0,0,0.2,0.642857,2.5,31318.4,0.47619,0.0805116,0,0.066,0.431328,,,,,SHORT;SAT;RATE,55.714
anim_explorer_huh_01_head_angle_-20,v1.2,1.2,b7e804532df6,15,0.462,0,0,0.2,0,0,0.2,0.642857,2.5,31318.4,0.47619,0.0805116,0,0.066,0.431328,,,,,SHORT;SAT;RATE,55.714
anim_explorer_huh_01_head_angle_10,v1.2,1.2,b7e804532df6,15,0.462,0,0,0,0,0,0,0.285714,2.5,18411.5,0.512313,0.0805116,0,0.066,0.91791,,,,,SHORT;RATE,21.429
anim_explorer_huh_01_head_angle_20,v1.2,1.2,b7e804532df6,15,0.462,0,0,0,0,0,0,0.428571,2.5,23006.8,0.43258,0.0805116,0,0.066,0.830883,,,,,SHORT;RATE,27.143
anim_explorer_huh_01_head_angle_30,v1.2,1.2,b7e804532df6,15,0.462,0,0,0,0,0,0,0.428571,2.5,23006.8,0.43258,0.0805116,0,0.066,0.830883,,,,,SHORT;RATE,27.143
anim_explorer_huh_01_head_angle_40,v1.2,1.2,b7e804532df6,15,0.462,0,0,0,0,0,0,0.428571,2.5,23006.9,0.43258,0.0805116,0,0.066,0.830883,,,,,SHORT;RATE,27.143
anim_explorer_idle_01_head_angle_-10,v1.2,1.2,b7e804532df6,56,1.815,0,0,0,0,0,0,0,1.27406,2170.84,0.181425,0.0586817,0,0.0496506,0.968523,,,,,,0
anim_explorer_idle_01_head_angle_-20,v1.2,1.2,b7e804532df6,56,1.815,0,0,0,0,0,0,0,1.27406,2170.85,0.181425,0.0586817,0,0.0496506,0.968523,,,,,,0
anim_explorer_idle_01_head_angle_10,v1.2,1.2,b7e804532df6,56,1.815,0,0,0,0,0,0,0,0.998775,1875.5,0.133656,0.0586817,0,0.0496506,0.958613,,,,,,0
anim_explorer_idle_01_head_angle_20,v1.2,1.2,b7e804532df6,56,1.815,0,0,0,0,0,0,0,0.998775,1875.49,0.133656,0.0586817,0,0.0496506,0.958612,,,,,,0
anim_explorer_idle_01_head_angle_30,v1.2,1.2,b7e804532df6,56,1.815,0,0,0,0,0,0,0,0.998772,1875.49,0.133656,0.0586817,0,0.0496506,0.958613,,,,,,0
anim_explorer_idle_01_head_angle_40,v1.2,1.2,b7e804532df6,56,1.815,0,0,0,0,0,0,0,0.998775,1875.5,0.133656,0.0586817,0,0.0496506,0.958613,,,2.19207,2.63342,,0
anim_explorer_idle_02,v1.2,1.2,b7e804532df6,61,1.98,0,0,0,0,0,0,0,0.982375,2217.35,0.188378,0.0270908,0,0.0270908,0.965664,,,,,,0
anim_explorer_idle_02_head_angle_-10,v1.2,1.2,b7e804532df6,61,1.98,0,0,0,0,0,0,0,1.44549,3434.9,0.256802,0.0270908,0,0.0270908,0.980418,,,,,,0
anim_explorer_idle_02_head_angle_-20,v1.2,1.2,b7e804532df6,61,1.98,0,0,0,0,0,0,0,1.4455,3434.89,0.256802,0.0270908,0,0.0270908,0.980418,,,,,,0
anim_explorer_idle_02_head_angle_10,v1.2,1.2,b7e804532df6,61,1.98,0,0,0,0,0,0,0,1.07936,2208.44,0.224158,0.0270908,0,0.0270908,0.966719,,,,,,0
anim_explorer_idle_02_head_angle_20,v1.2,1.2,b7e804532df6,61,1.98,0,0,0,0,0,0,0,1.07936,2208.44,0.224158,0.0270908,0,0.0270908,0.966719,,,,,,0
anim_explorer_idle_02_head_angle_30,v1.2,1.2,b7e804532df6,61,1.98,0,0,0,0,0,0,0,1.07936,2208.44,0.224158,0.0270908,0,0.0270908,0.966719,,,,,,0
anim_explorer_idle_02_head_angle_40,v1.2,1.2,b7e804532df6,61,1.98,0,0,0,0,0,0,0,1.07552,2251.25,0.206733,0.0270908,0,0.0270908,0.953513,,,,,,0
anim_explorer_idle_03_head_angle_-10,v1.2,1.2,b7e804532df6,101,3.3,0,0,0,0,0,0,0,0.625137,1495.93,0.105023,0,0,0,0.48131,,,,,,0
anim_explorer_idle_03_head_angle_-20,v1.2,1.2,b7e804532df6,101,3.3,0,0,0,0,0,0,0,0.625141,1495.93,0.105023,0,0,0,0.48131,,,,,,0
anim_explorer_idle_03_head_angle_10,v1.2,1.2,b7e804532df6,101,3.3,0,0,0,0,0,0,0,0.805566,1534.89,0.130931,0,0,0,0.426539,,,,,,0
anim_explorer_idle_03_head_angle_20,v1.2,1.2,b7e804532df6,101,3.3,0,0,0,0,0,0,0,0.805566,1534.89,0.130931,0,0,0,0.426539,,,,,,0
anim_explorer_idle_03_head_angle_30,v1.2,1.2,b7e804532df6,101,3.3,0,0,0,0,0,0,0,0.805566,1534.89,0.130931,0,0,0,0.426539,,,,,,0
anim_explorer_idle_03_head_angle_40,v1.2,1.2,b7e804532df6,101,3.3,0,0,0,0,0,0,0,0.805566,1534.89,0.130931,0,0,0,0.426539,,,,,,0
anim_factory_audio_test_01,v1.2,1.2,b7e804532df6,565,18.612,0,0,0,0,0,0,0,0,0,0,0,0,0,,,,,,STATIC,50
anim_factory_audio_test_02,v1.2,1.2,b7e804532df6,901,29.7,0,0,0,0,0,0,0.644444,2.5,20677.5,0.792469,0,0,0,0.955973,,,,,RATE,25.778
anim_fistbump_fail_01,v1.2,1.2,b7e804532df6,235,7.722,0,0,0,0,0,0,0.145299,2.5,10417.2,1.16573,0.635865,0,0.066,0.99265,0.861352,0.984034,,,RATE,5.812
anim_fistbump_idle_01,v1.2,1.2,b7e804532df6,92,3.003,0,0,0,0,0,0,0,1.38501,1627.08,0.243431,0.0886381,0,0.066,,,,,,,0
anim_fistbump_idle_02,v1.2,1.2,b7e804532df6,91,2.97,0,0,0,0,0,0,0,0.488497,972.784,0.0675194,0,0,0,,,,2.37032,2.97735,,0
anim_fistbump_idle_03,v1.2,1.2,b7e804532df6,92,3.003,0,0,0,0,0,0,0,1.70102,1926.4,0.270821,0.0247577,0,0.0163366,,,,,,,0
anim_fistbump_requestonce_01,v1.2,1.2,b7e804532df6,51,1.65,0,0,0,0,0,0,0.44,2.5,24550.5,1.06555,0.0805116,0,0.0485196,0.90754,0.932223,,,,RATE,17.6
anim_fistbump_requestonce_02,v1.2,1.2,b7e804532df6,119,3.894,0,0,0,0,0,0,0.110169,2.5,13136.7,0.888048,0.470288,0,0.066,0.934726,0.963921,,,,RATE,4.407
anim_fistbump_requestoncelong_01,v1.2,1.2,b7e804532df6,104,3.399,0,0,0,0,0,0,0.262136,2.5,17757.1,0.885818,0.103041,0,0.066,0.925635,0.605008,0.989034,,,RATE,10.485
anim_fistbump_requesttwice_01,v1.2,1.2,b7e804532df6,50,1.617,0,0,0,0,0,0,0.0816327,2.5,11917.6,0.479836,0.00931919,0,0.00931919,0.979839,0.992981,,,,RATE,3.265
anim_fistbump_success_01,v1.2,1.2,b7e804532df6,73,2.376,0,0,0,0,0,0,0.444444,2.5,18603.4,1.92192,0.547147,0,0.066,0.975308,0.969521,0.928459,,,RATE,17.778
anim_fistbump_success_02,v1.2,1.2,b7e804532df6,80,2.607,0,0,0,0,0,0,0.164557,2.5,18895.7,1.08779,0.466636,0,0.066,0.780311,0.870198,,,,RATE,6.582
anim_fistbump_success_03,v1.2,1.2,b7e804532df6,101,3.3,0,0,0,0,0,0,0.48,2.5,25049.4,2.02115,0.547147,0,0.066,0.847296,0.9319,0.95046,,,RATE,19.2
anim_freeplay_reacttoface_identified_01,v1.2,1.2,b7e804532df6,36,1.155,0,0,0,0,0,0,0.285714,2.5,15657.7,0.860867,0.525021,0,0.066,0.97987,0.983812,,,,RATE,11.429
anim_freeplay_reacttoface_identified_01_head_angle_-20,v1.2,1.2,b7e804532df6,36,1.155,0,0,0,0,0,0,0.371429,2.5,18966.2,0.89426,0.532636,0,0.066,0.979813,0.610654,,,,RATE,14.857
anim_freeplay_reacttoface_identified_01_head_angle_20,v1.2,1.2,b7e804532df6,36,1.155,0,0,0,0,0,0,0.228571,2.5,15671.4,0.858,0.523498,0,0.066,0.974002,0.985884,,,,RATE,9.143
anim_freeplay_reacttoface_identified_01_head_angle_40,v1.2,1.2,b7e804532df6,36,1.155,0,0,0,0,0,0,0.0571429,2.5,9380.84,0.507605,0.514359,0,0.066,0.668948,0.985884,,,,RATE,2.286
anim_freeplay_reacttoface_identified_02,v1.2,1.2,b7e804532df6,46,1.485,0,0,0,0,0,0,0.333333,2.5,17308.8,0.725998,0.52709,0,0.066,0.957424,,,,,RATE,13.333
anim_freeplay_reacttoface_identified_02_head_angle_-20,v1.2,1.2,b7e804532df6,46,1.485,0,0,0,0,0,0,0.422222,2.5,18749.1,0.754665,0.52709,0,0.066,0.949463,,,,,RATE,16.889
anim_freeplay_reacttoface_identified_02_head_angle_20,v1.2,1.2,b7e804532df6,46,1.485,0,0,0,0,0,0,0.0666667,2.5,12283.4,0.512814,0.52709,0,0.066,0.975281,,,,,RATE,2.667
anim_freeplay_reacttoface_identified_02_head_angle_40,v1.2,1.2,b7e804532df6,46,1.485,0,0,0,0,0,0,0,0.898997,3333.41,0.240419,0.52709,0,0.066,0.485249,,,,,,0
anim_freeplay_reacttoface_identified_03_head_angle_-20,v1.2,1.2,b7e804532df6,55,1.782,0,0,0,0,0,0,0.166667,2.5,17477.4,0.850237,0,0,0,0.967326,0.167978,,,,RATE;LOWCORR,21.667
anim_freeplay_reacttoface_identified_03_head_angle_20,v1.2,1.2,b7e804532df6,55,1.782,0,0,0,0,0,0,0.111111,2.5,11636.4,0.707279,0,0,0,0.915344,0.960745,,2.72853,6.9115,RATE,4.444
anim_freeplay_reacttoface_identified_03_head_angle_40,v1.2,1.2,b7e804532df6,55,1.782,0,0,0,0,0,0,0,2.3882,8080.95,0.588386,0,0,0,0.806104,0.960745,,,,,0
anim_freeplay_reacttoface_like_01,v1.2,1.2,b7e804532df6,141,4.62,0,0,0,0,0,0,0.121429,2.5,14694,1.07047,0.5724,0,0.066,0.935531,0.900495,,,,RATE,4.857
anim_freeplay_reacttoface_longname_01,v1.2,1.2,b7e804532df6,89,2.904,0,0,0,0,0,0,0,2.20807,4441.89,0.317607,0.472939,0,0.066,0.957656,,,,,,0
anim_freeplay_reacttoface_sayname_01_head_angle_-20,v1.2,1.2,b7e804532df6,89,2.904,0,0,0,0,0,0,0.238636,2.5,15083,0.748096,0.506976,0,0.066,0.862498,-0.0846783,,,,RATE;LOWCORR,24.545
anim_freeplay_reacttoface_sayname_01_head_angle_20,v1.2,1.2,b7e804532df6,89,2.904,0,0,0,0,0,0,0.0568182,2.5,8967.6,0.476454,0.506976,0,0.066,0.94487,0.557331,,,,RATE,2.273
anim_freeplay_reacttoface_sayname_01_head_angle_40,v1.2,1.2,b7e804532df6,89,2.904,0,0,0,0,0,0,0.0340909,2.5,8919.26,0.528749,0.506976,0,0.066,0.945766,0.560654,,,,,1.364
anim_freeplay_reacttoface_sayname_02,v1.2,1.2,b7e804532df6,85,2.772,0,0,0,0,0,0,0.25,2.5,20738.8,1.00784,0.506976,0,0.066,0.362129,0.107866,,,,RATE;LOWCORR,25
anim_freeplay_reacttoface_sayname_02_head_angle_-20,v1.2,1.2,b7e804532df6,85,2.772,0,0,0.0588235,0,0,0.0588235,0.297619,2.5,19530.1,0.80619,0.506976,0,0.066,0.759537,-0.139505,,,,SAT;RATE;LOWCORR,32.787
anim_freeplay_reacttoface_sayname_02_head_angle_20,v1.2,1.2,b7e804532df6,85,2.772,0,0,0,0,0,0,0.047619,2.5,12440.9,0.696234,0.506976,0,0.066,0.896252,0.238598,,,,LOWCORR,16.905
anim_freeplay_reacttoface_sayname_02_head_angle_40,v1.2,1.2,b7e804532df6,85,2.772,0,0,0,0,0,0,0.0714286,2.5,13257.9,0.6694,0.506976,0,0.066,0.867649,0.260885,,,,RATE;LOWCORR,17.857
anim_freeplay_reacttoface_sayname_03_head_angle_-20,v1.2,1.2,b7e804532df6,46,1.485,0,0,0,0,0,0,0.355556,2.5,23361.8,1.10505,0.466636,0,0.066,0.89464,0.706452,,,,RATE,14.222
anim_freeplay_reacttoface_sayname_03_head_angle_20,v1.2,1.2,b7e804532df6,46,1.485,0,0,0,0,0,0,0.2,2.5,19396.1,0.749367,0.466636,0,0.066,0.777702,0.929026,,,,RATE,8
anim_freeplay_reacttoface_sayname_03_head_angle_40,v1.2,1.2,b7e804532df6,46,1.485,0,0,0,0,0,0,0.244444,2.5,18487.3,0.766204,0.466636,0,0.066,0.00659018,0.929026,,,,RATE;LOWCORR,24.778
anim_freeplay_reacttoface_wiggle_01,v1.2,1.2,b7e804532df6,73,2.376,0,0,0,0,0,0,0.305556,2.5,12283.9,1.37296,0.493858,0,0.066,0.953164,0.981759,0.989183,,,RATE,12.222
anim_gamesetup_getin_01_head_angle_-20,v1.2,1.2,b7e804532df6,15,0.462,0,0,0,0,0,0,0,1.41828,8620.39,0.189815,0,0,0,0.878763,-0.348648,,,,SHORT;LOWCORR,25
anim_gamesetup_getin_01_head_angle_20,v1.2,1.2,b7e804532df6,15,0.462,0,0,0,0,0,0,0.428571,2.5,22351.5,0.637853,0,0,0,0.989083,0.149358,,,,SHORT;RATE;LOWCORR,42.143
anim_gamesetup_getin_01_head_angle_40,v1.2,1.2,b7e804532df6,15,0.462,0,0,0,0,0,0,0.642857,2.5,29016.9,0.637422,0,0,0,0.960944,0.1732,,,,SHORT;RATE;LOWCORR,50.714
anim_gamesetup_getout_01,v1.2,1.2,b7e804532df6,76,2.475,0,0,0,0,0,0,0.08,2.5,7805.13,0.802615,0.589932,0,0.066,0.979189,0.144193,0.925174,2.7583,8.79689,RATE;LOWCORR,18.2
anim_gamesetup_idle_01,v1.2,1.2,b7e804532df6,116,3.795,0,0,0,0,0,0,0,2.27632,4366.98,0.38508,0.0625061,0,0.0458995,0.984761,,,,,,0
anim_gamesetup_idle_02,v1.2,1.2,b7e804532df6,89,2.904,0,0,0,0,0,0,0,1.18013,2119.84,0.254744,0.182883,0,0.066,0.546131,,,,,,0
anim_gamesetup_idle_03,v1.2,1.2,b7e804532df6,42,1.353,0,0,0,0,0,0,0,0.693253,2135.49,0.0828029,0.0168661,0,0.0168661,,,,,,,0
anim_gamesetup_reaction_01,v1.2,1.2,b7e804532df6,30,0.957,0,0,0,0,0,0,0.103448,2.5,17242.1,0.332441,0.0805116,0,0.066,0.820181,,,,,RATE,4.138
anim_gif_gleeserious_01,v1.2,1.2,b7e804532df6,91,2.97,0,0,0,0,0,0,0.122222,2.5,16880.4,0.780204,0.53396,0,0.066,0.986952,-0.0920409,0.984405,,,RATE;LOWCORR,19.889
anim_gif_idk_01,v1.2,1.2,b7e804532df6,116,3.795,0,0,0,0,0,0,0.0695652,2.5,7225.79,0.589936,0.0423315,0,0.0384787,0.924735,0.793815,,,,RATE,2.783
anim_gif_no_01,v1.2,1.2,b7e804532df6,66,2.145,0,0,0,0,0,0,0.369231,2.5,13126.2,1.00094,0.216141,0,0.066,0.995097,,0.688458,,,RATE,14.769
anim_gotosleep_getin_01,v1.2,1.2,b7e804532df6,161,5.28,0,0,0,0,0,0,0,0.806109,817.733,0.600715,0.653136,0,0.066,0.994492,,,,,,0
anim_gotosleep_getout_01,v1.2,1.2,b7e804532df6,121,3.96,0,0,0,0,0,0,0,2.15594,6089.6,0.641299,0.694191,0,0.066,0.993174,,,,,,0
anim_gotosleep_getout_02,v1.2,1.2,b7e804532df6,136,4.455,0,0,0,0,0,0,0,1.57606,3341.79,0.672597,0.674897,0,0.066,0.987663,0.778404,,,,,0
anim_gotosleep_getout_03,v1.2,1.2,b7e804532df6,103,3.366,0,0,0,0,0,0,0,1.22693,2431.86,0.37564,0.674897,0,0.066,0.976118,,,,,,0
anim_gotosleep_getout_04,v1.2,1.2,b7e804532df6,96,3.135,0,0,0,0,0,0,0.2,2.5,21510.7,0.791525,0.755408,0,0.066,0.739467,0.279387,0.950537,,,RATE;LOWCORR,23
anim_gotosleep_off_01,v1.2,1.2,b7e804532df6,33,1.056,0,0,0,0,0,0,0,0,0,0,0.0889698,0,0.066,,,,,,STATIC,50
anim_gotosleep_sleeping_01,v1.2,1.2,b7e804532df6,445,14.652,0,0,0,0,0,0,0,0.722143,583.138,0.346694,0.143672,0,0.066,0.996087,,,,,,0
anim_gotosleep_sleeploop_01,v1.2,1.2,b7e804532df6,445,14.652,0,0,0,0,0,0,0,0.240714,305.577,0.139167,0.143672,0,0.066,0.978824,,,,,,0
anim_greeting_happy_01,v1.2,1.2,b7e804532df6,136,4.455,0,0,0,0,0,0,0.237037,2.5,12903,2.02007,0.466636,0,0.066,0.803101,0.57682,0.982602,,,RATE,9.481
anim_greeting_happy_02,v1.2,1.2,b7e804532df6,132,4.323,0,0,0,0,0,0,0.229008,2.5,12270,1.08076,0.581197,0,0.066,0.971513,0.952846,0.978945,,,RATE,9.16
anim_greeting_happy_03,v1.2,1.2,b7e804532df6,95,3.102,0,0,0,0,0,0,0.234043,2.5,20871.7,1.0641,2.37823e-05,0,1.43647e-05,0.947376,0.615019,0.901884,3.13713,12.5449,RATE;DYN,34.362
anim_greeting_happy_03_head_angle_-20,v1.2,1.2,b7e804532df6,95,3.102,0,0,0,0,0,0,0.234043,2.5,20359.9,1.0641,2.37823e-05,0,1.43647e-05,0.948826,-0.195176,0.901884,,,RATE;LOWCORR,24.362
anim_greeting_happy_03_head_angle_20,v1.2,1.2,b7e804532df6,95,3.102,0,0,0,0,0,0,0.223404,2.5,20285.2,1.0641,2.37823e-05,0,1.43647e-05,0.948506,0.756591,0.901884,,,RATE,8.936
anim_greeting_happy_03_head_angle_40,v1.2,1.2,b7e804532df6,95,3.102,0,0,0,0,0,0,0.180851,2.5,20374.8,1.0641,2.37823e-05,0,1.43647e-05,0.974176,0.756591,0.901884,,,RATE,7.234
anim_guarddog_cubedisconnect_01,v1.2,1.2,b7e804532df6,16,0.495,0,0,0,0,0,0,0,2.06981,13772.8,0.252485,0.000306308,0,0.000107825,0.874264,0.870635,,,,SHORT,10
anim_guarddog_fakeout_01,v1.2,1.2,b7e804532df6,198,6.501,0,0,0,0,0,0,0.0456853,2.5,12242.3,0.679476,0.690246,0,0.066,0.89907,0.11081,,,,LOWCORR,16.827
anim_guarddog_fakeout_02,v1.2,1.2,b7e804532df6,133,4.356,0,0,0,0,0,0,0,2.4865,7328.24,0.446054,0.271704,0,0.066,0.985592,0.950708,,,,,0
anim_guarddog_fakeout_03,v1.2,1.2,b7e804532df6,127,4.158,0,0,0,0,0,0,0.134921,2.5,18232.9,0.82222,0.572549,0,0.066,0.580286,0.587461,0.851463,,,RATE,5.397
anim_guarddog_getout_busted_01,v1.2,1.2,b7e804532df6,264,8.679,0,0,0,0,0,0,0.205323,2.5,23684.4,1.55347,0.500623,0,0.066,0.768694,0.90323,0.699058,,,RATE,8.213
anim_guarddog_getout_playersucess_01,v1.2,1.2,b7e804532df6,296,9.735,0,0,0,0,0,0,0.0677966,2.5,13068.6,0.769228,0.649248,0,0.066,0.904188,0.531158,0.857938,,,RATE,2.712
anim_guarddog_getout_timeout_01,v1.2,1.2,b7e804532df6,171,5.61,0,0,0,0,0,0,0.0117647,2.5,6326.75,0.569764,0.598906,0,0.066,0.982502,0.966727,,,,,0.471
anim_guarddog_getout_timeout_02,v1.2,1.2,b7e804532df6,115,3.762,0,0,0,0,0,0,0.0701754,2.5,12134.5,0.470601,0.538717,0,0.066,0.919668,0.356418,0.974187,,,RATE,2.807
anim_guarddog_getout_touched_01,v1.2,1.2,b7e804532df6,181,5.94,0,0,0,0,0,0,0.205556,2.5,14729.6,0.843712,0.542124,0,0.066,0.792308,0.662237,0.751609,,,RATE,8.222
anim_guarddog_getout_untouched_01,v1.2,1.2,b7e804532df6,26,0.825,0,0,0,0,0,0,0,2.06079,5479.56,0.305094,0.488558,0,0.066,0.977308,,,,,SHORT,10
anim_guarddog_getout_untouched_02,v1.2,1.2,b7e804532df6,71,2.31,0,0,0,0,0,0,0,2.1389,9233.39,0.426947,0.391036,0,0.066,0.960918,0.929807,,,,,0
anim_guarddog_interruption_01,v1.2,1.2,b7e804532df6,242,7.953,0,0,0,0,0,0,0.141079,2.5,17038.9,0.831214,0.645531,0,0.066,0.945096,0.383431,0.949328,,,RATE,5.643
anim_guarddog_pulse_01,v1.2,1.2,b7e804532df6,10,0.297,0,0,0,0,0,0,0,2.18911,16483.7,0.280976,0,0,0,0.9108,0.849686,,,,TINY;SHORT,20
anim_guarddog_settle_01,v1.2,1.2,b7e804532df6,296,9.735,0,0,0,0,0,0,0.0338983,2.5,4699.27,1.08185,0.462962,0,0.066,0.908024,0.954123,0.583923,,,,1.356
anim_guarddog_sleeploop_01,v1.2,1.2,b7e804532df6,200,6.567,0,0,0,0,0,0,0,1.39136,1467.94,0.283498,0.25289,0,0.066,0.976909,,,2.28117,3.75499,,0
anim_guarddog_sleeploop_02,v1.2,1.2,b7e804532df6,351,11.55,0,0,0,0,0,0,0,0.606848,801.972,0.137055,0.217706,0,0.066,0.977135,,,,,,0
anim_hiccup_01,v1.2,1.2,b7e804532df6,48,1.551,0,0,0,0,0,0,0.0638298,2.5,13974.7,0.522941,0.0805116,0,0.066,0.934732,0.227673,,,,RATE;LOWCORR,17.553
anim_hiccup_02,v1.2,1.2,b7e804532df6,95,3.102,0,0,0,0,0,0,0.0638298,2.5,10758.1,0.570234,0.0805116,0,0.0436654,0.748894,0.78746,,,,RATE,2.553
anim_hiccup_faceplant_01,v1.2,1.2,b7e804532df6,131,4.29,0,0,0,0,0,0,0.153846,2.5,16505.9,1.0411,0.474637,0,0.066,0.821907,0.336022,,,,RATE,6.154
anim_hiccup_faceplant_02,v1.2,1.2,b7e804532df6,71,2.31,0,0,0,0,0,0,0.414286,2.5,19244.5,1.24585,0.415919,0,0.066,0.792765,0.634361,,,,RATE,16.571
anim_hiccup_getin,v1.2,1.2,b7e804532df6,46,1.485,0,0,0,0,0,0,0.111111,2.5,17927,0.542841,0.0805116,0,0.066,0.863962,0.185259,,,,RATE;LOWCORR,19.444
anim_hiccup_playercure_getout,v1.2,1.2,b7e804532df6,166,5.445,0,0,0,0,0,0,0.030303,2.5,7746.22,1.01365,0.571572,0,0.066,0.963547,0.0379202,0.992179,,,LOWCORR,16.212
anim_hiccup_playercure_pickupreact,v1.2,1.2,b7e804532df6,92,3.003,0,0,0,0,0,0,0.0879121,2.5,12979,0.75073,0.598428,0,0.066,0.982022,0.114471,,,,RATE;LOWCORR,18.516
anim_hiccup_selfcure_getout,v1.2,1.2,b7e804532df6,212,6.963,0,0,0,0,0,0,0.0995261,2.5,12334.9,1.00726,0.374383,0,0.066,0.979292,-0.0671346,0.99616,,,RATE;LOWCORR,18.981
anim_hiccup_turtleroll_01,v1.2,1.2,b7e804532df6,91,2.97,0,0,0,0,0,0,0.377778,2.5,19217.6,1.3018,0.456441,0,0.066,0.883854,-0.156748,,,,RATE;LOWCORR,30.111
anim_hiccup_withreaction_01,v1.2,1.2,b7e804532df6,86,2.805,0,0,0,0,0,0,0.152941,2.5,16173.1,0.717679,0.507632,0,0.066,0.896733,0.0217594,0.946098,,,RATE;LOWCORR,21.118
anim_hiking_driving_end_01,v1.2,1.2,b7e804532df6,11,0.33,0,0,0,0,0,0,0,1.4803,7133.13,0.23097,0.0433342,0,0.0433342,0.962347,,,,,TINY;SHORT,20
anim_hiking_driving_end_02,v1.2,1.2,b7e804532df6,23,0.726,0,0,0,0,0,0,0,2.0792,11018.8,0.254785,0.0433342,0,0.0433342,0.971698,-0.461333,,,,SHORT;LOWCORR,25
anim_hiking_driving_loop_01,v1.2,1.2,b7e804532df6,58,1.881,0,0,0,0,0,0,0,0.851779,2666.33,0.164021,0.0638942,0,0.0638942,0.812705,,,,,,0
anim_hiking_driving_loop_02,v1.2,1.2,b7e804532df6,75,2.442,0,0,0,0,0,0,0,0.164209,263.233,0.0361444,0.019819,0,0.019819,0.987868,,,,,STATIC,50
anim_hiking_driving_loop_03,v1.2,1.2,b7e804532df6,101,3.3,0,0,0,0,0,0,0,1.97438,2735.05,0.288346,0.0801992,0,0.0517839,0.975944,,,,,,0
anim_hiking_driving_loop_04,v1.2,1.2,b7e804532df6,94,3.069,0,0,0,0,0,0,0,1.87166,5110.31,0.263797,0.0638942,0,0.0638942,0.99251,,,,,,0
anim_hiking_driving_loop_05,v1.2,1.2,b7e804532df6,121,3.96,0,0,0,0,0,0,0,2.04448,3918.95,0.287935,0.45567,0,0.066,0.971161,,,2.28769,6.84311,,0
anim_hiking_driving_loop_06,v1.2,1.2,b7e804532df6,141,4.62,0,0,0,0,0,0,0.0142857,2.5,4191.72,0.443326,0.488147,0,0.066,0.912013,,,,,,0.571
anim_hiking_driving_start_01,v1.2,1.2,b7e804532df6,116,3.795,0,0,0,0,0,0,0,1.64462,3445.17,0.214819,0.228162,0,0.066,0.958282,,,,,,0
anim_hiking_driving_start_02,v1.2,1.2,b7e804532df6,34,1.089,0,0,0,0,0,0,0,1.61962,3515.72,0.179273,0.0322036,0,0.0322036,0.779868,,,,,,0
anim_hiking_driving_start_03,v1.2,1.2,b7e804532df6,88,2.871,0,0,0,0,0,0,0.0689655,2.5,9113.4,0.474537,0.526377,0,0.066,0.962673,0.016042,,,,RATE;LOWCORR,17.759
anim_hiking_driving_start_04,v1.2,1.2,b7e804532df6,41,1.32,0,0,0,0,0,0,0,2.18148,4160.65,0.435904,0.362522,0,0.066,0.991182,,,,,,0
anim_hiking_edgesquintgetin_01,v1.2,1.2,b7e804532df6,75,2.442,0,0,0,0,0,0,0,1.08001,1823.63,0.133064,0.532911,0,0.066,,,,,,,0
anim_hiking_edgesquintgetout_01,v1.2,1.2,b7e804532df6,25,0.792,0,0,0,0,0,0,0,0.874407,3201.65,0.124173,0.455195,0,0.066,,,,,,SHORT,10
anim_hiking_edgesquintloop_01,v1.2,1.2,b7e804532df6,35,1.122,0,0,0,0,0,0,0,0.353166,1056.72,0.0460395,0.00923902,0,0.00923902,,,,,,STATIC,50
anim_hiking_getin_01,v1.2,1.2,b7e804532df6,35,1.122,0,0,0,0,0,0,0,2.28267,7839.6,0.287102,0.0805116,0,0.066,0.954156,-0.360069,,,,LOWCORR,15
anim_hiking_getin_02,v1.2,1.2,b7e804532df6,48,1.551,0,0,0,0,0,0,0,2.22143,13668.1,0.339456,0.0805116,0,0.066,0.841889,0.60799,0.919218,,,,0
anim_hiking_getin_03,v1.2,1.2,b7e804532df6,37,1.188,0,0,0,0,0,0,0.111111,2.5,18609,0.590197,0.0805116,0,0.066,0.944333,-0.0353803,,,,RATE;LOWCORR,19.444
anim_hiking_lookaround_01,v1.2,1.2,b7e804532df6,121,3.96,0,0,0,0,0,0,0.0583333,2.5,8315.02,0.739624,0.0351392,0,0.0301129,0.92908,,0.987783,,,RATE,2.333
anim_hiking_lookaround_02,v1.2,1.2,b7e804532df6,90,2.937,0,0,0,0,0,0,0.0337079,2.5,9602.55,0.442183,0,0,0,0.970949,-0.404558,,,,LOWCORR,16.348
anim_hiking_lookaround_03,v1.2,1.2,b7e804532df6,151,4.95,0,0,0,0,0,0,0.00666667,2.5,6747.3,0.950169,0.0805116,0,0.066,0.943443,,0.913127,,,,0.267
anim_hiking_observe_01,v1.2,1.2,b7e804532df6,141,4.62,0,0,0,0,0,0,0.128571,2.5,12792.6,1.09762,0.559314,0,0.066,0.926143,0.541032,0.923501,,,RATE,5.143
anim_hiking_react_01,v1.2,1.2,b7e804532df6,35,1.122,0,0,0,0,0,0,0.117647,2.5,14695.7,0.526606,0.0805116,0,0.066,0.958319,-0.942661,,,,RATE;LOWCORR,19.706
anim_hiking_react_02,v1.2,1.2,b7e804532df6,178,5.841,0,0,0,0,0,0,0.0451977,2.5,9197.43,0.733059,0.230321,0,0.066,0.951105,0.122583,0.888521,,,LOWCORR,16.808
anim_hiking_react_03,v1.2,1.2,b7e804532df6,93,3.036,0,0,0,0,0,0,0.0869565,2.5,10512.9,0.678915,0.149809,0,0.066,0.949346,0.296513,0.932066,5.54338,19.426,RATE;LOWCORR;DYN,43.478
anim_hiking_react_04,v1.2,1.2,b7e804532df6,41,1.32,0,0,0,0,0,0,0.025,2.5,11506.6,0.398597,0.0805116,0,0.066,0.91757,-0.0368899,,,,LOWCORR,16
anim_hiking_react_05,v1.2,1.2,b7e804532df6,74,2.409,0,0,0,0,0,0,0.191781,2.5,14111.8,0.946122,0.474637,0,0.066,0.939041,0.106059,0.946363,,,RATE;LOWCORR,22.671
anim_hiking_rtnewarea_01,v1.2,1.2,b7e804532df6,91,2.97,0,0,0,0,0,0,0.122222,2.5,12933.1,0.656116,0.547147,0,0.066,0.988994,0.871764,,,,RATE,4.889
anim_hiking_rtnewarea_02,v1.2,1.2,b7e804532df6,86,2.805,0,0,0,0,0,0,0.2,2.5,16083.4,0.923611,0.547147,0,0.066,0.984029,-0.433451,0.969715,,,RATE;LOWCORR,23
anim_hiking_rtnewarea_03,v1.2,1.2,b7e804532df6,73,2.376,0,0,0,0,0,0,0.152778,2.5,16276.5,0.841768,0.547147,0,0.066,0.930873,0.789526,,,,RATE,6.111
anim_hiking_rtpmarker_01,v1.2,1.2,b7e804532df6,98,3.201,0,0,0,0,0,0,0.0412371,2.5,9045.84,0.461672,0.595199,0,0.066,0.943111,0.739508,,,,,1.649
anim_keepalive_blink_01,v1.2,1.2,b7e804532df6,19,0.594,0,0,0,0,0,0,0,0.769088,2654.84,0.0528326,0,0,0,,,,,,SHORT,10
anim_keepalive_eyes_01_forward,v1.2,1.2,b7e804532df6,161,5.28,0,0,0,0,0,0,0,2.41383,3181.59,0.552477,0.0878911,0,0.066,0.904874,,0.963757,,,,0
anim_keepalive_eyes_01_right,v1.2,1.2,b7e804532df6,331,10.89,0,0,0,0,0,0,0,1.77814,2171.07,0.781651,0.0819631,0,0.0481365,0.935354,,0.987881,,,,0
anim_keepalive_eyes_01_updown,v1.2,1.2,b7e804532df6,211,6.93,0,0,0,0,0,0,0,1.4107,2635.27,0.298856,0.0467027,0,0.0221024,0.966424,,,,,,0
anim_keepalive_eyesonly_loop_02,v1.2,1.2,b7e804532df6,301,9.9,0,0,0,0,0,0,0,0.707399,1152.42,0.0957317,0.298416,0,0.066,,,,,,,0
anim_keepalive_eyesonly_loop_03,v1.2,1.2,b7e804532df6,101,3.3,0,0,0,0,0,0,0,1.97438,2346.75,0.183956,0.0801992,0,0.0517839,,,,,,,0
anim_keepaway_fakeout_01,v1.2,1.2,b7e804532df6,121,3.96,0,0,0,0,0,0,0.158333,2.5,12925.5,1.29478,0.423562,0,0.066,0.903633,0.84239,0.927891,,,RATE,6.333
anim_keepaway_fakeout_02,v1.2,1.2,b7e804532df6,156,5.115,0,0,0,0,0,0,0.122581,2.5,11728.4,1.70594,0.571031,0,0.066,0.757686,0.980446,0.851838,,,RATE,4.903
anim_keepaway_fakeout_03,v1.2,1.2,b7e804532df6,47,1.518,0,0,0,0,0,0,0.0652174,2.5,8862.57,0.459397,0.0127461,0,0.0113236,0.955028,0.491244,,,,RATE,2.609
anim_keepaway_fakeout_04,v1.2,1.2,b7e804532df6,101,3.3,0,0,0,0,0,0,0,2.35567,9721.94,0.542541,0.466636,0,0.066,0.930236,-0.405641,,,,LOWCORR,15
anim_keepaway_fakeout_05,v1.2,1.2,b7e804532df6,53,1.716,0,0,0,0,0,0,0,1.59823,4774.99,0.191403,0.603879,0,0.066,0.868131,0.129569,,,,LOWCORR,15
anim_keepaway_fakeout_06,v1.2,1.2,b7e804532df6,70,2.277,0,0,0,0,0,0,0.188406,2.5,14459,1.30001,0.581534,0,0.066,-0.032346,0.977759,,5.05377,13.5409,RATE;LOWCORR;DYN,47.536
anim_keepaway_getin_01,v1.2,1.2,b7e804532df6,81,2.64,0,0,0,0,0,0,0.025,2.5,7750.24,0.71439,0.540648,0,0.066,0.961376,0.807906,,,,,1
anim_keepaway_getin_02,v1.2,1.2,b7e804532df6,59,1.914,0,0,0,0,0,0,0,1.4018,4171.71,0.803978,0.0805116,0,0.066,0.908017,,,,,,0
anim_keepaway_getin_03,v1.2,1.2,b7e804532df6,61,1.98,0,0,0,0,0,0,0,1.2983,5844.38,0.244771,0.280335,0,0.066,0.718457,0.63075,,,,,0
anim_keepaway_getout_01,v1.2,1.2,b7e804532df6,33,1.056,0,0,0,0,0,0,0.0625,2.5,6334.79,0.592304,0.00729084,0,0.00729084,0.98248,,,,,RATE,2.5
anim_keepaway_getout_02,v1.2,1.2,b7e804532df6,24,0.759,0,0,0,0,0,0,0,2.01034,6390.04,0.639558,0,0,0,0.996989,,0.987126,,,SHORT,10
anim_keepaway_getout_03,v1.2,1.2,b7e804532df6,44,1.419,0,0,0,0,0,0,0.139535,2.5,8533.42,0.768323,0.0247768,0,0.0183384,0.968971,,,,,RATE,5.581
anim_keepaway_getready_01,v1.2,1.2,b7e804532df6,57,1.848,0,0,0,0,0,0,0,2.37336,10975.9,0.341469,0.529122,0,0.066,0.963946,,0.838379,,,,0
anim_keepaway_getready_02,v1.2,1.2,b7e804532df6,44,1.419,0,0,0,0,0,0,0,1.98614,6199.42,0.357783,0.581534,0,0.066,0.767322,-0.459857,,,,LOWCORR,15
anim_keepaway_getready_03,v1.2,1.2,b7e804532df6,38,1.221,0,0,0,0,0,0,0,1.87124,4729.29,0.334088,0.368776,0,0.066,0.993154,,,,,,0
anim_keepaway_idle_01,v1.2,1.2,b7e804532df6,127,4.158,0,0,0,0,0,0,0,1.72213,2320.51,0.351237,0.312553,0,0.066,0.947389,0.375796,0.999861,,,,0
anim_keepaway_idle_02,v1.2,1.2,b7e804532df6,133,4.356,0,0,0,0,0,0,0,1.69809,4619.69,0.250951,0.0385433,0,0.0385433,0.876058,0.164368,,,,LOWCORR,15
anim_keepaway_idle_03,v1.2,1.2,b7e804532df6,161,5.28,0,0,0,0,0,0,0,1.90764,2472.11,0.326788,0.0447232,0,0.0270908,0.986874,,,,,,0
anim_keepaway_losegame_01,v1.2,1.2,b7e804532df6,202,6.633,0,0,0,0,0,0,0.079602,2.5,9464.91,1.01656,0.686553,0,0.066,0.960166,0.361851,0.997689,,,RATE,3.184
anim_keepaway_losegame_02,v1.2,1.2,b7e804532df6,178,5.841,0,0,0,0,0,0,0.0734463,2.5,7234.85,1.01793,0.517244,0,0.066,0.987138,0.0107549,0.999717,,,RATE;LOWCORR,17.938
anim_keepaway_losegame_03,v1.2,1.2,b7e804532df6,179,5.874,0,0,0,0,0,0,0.140449,2.5,12178.4,1.28702,0.624232,0,0.066,0.943719,0.685527,0.931379,,,RATE,5.618
anim_keepaway_losehand_01,v1.2,1.2,b7e804532df6,68,2.211,0,0,0,0,0,0,0.179104,2.5,16493.5,0.586934,0.511143,0,0.066,0.967161,,0.570884,,,RATE,7.164
anim_keepaway_losehand_02,v1.2,1.2,b7e804532df6,99,3.234,0,0,0,0,0,0,0.265306,2.5,18946.2,1.00274,0.641568,0,0.066,0.729273,0.820518,,,,RATE,10.612
anim_keepaway_losehand_03,v1.2,1.2,b7e804532df6,75,2.442,0,0,0,0,0,0,0.0675676,2.5,9695.59,0.613181,0.561056,0,0.066,0.985277,,,4.31439,11.1107,RATE;DYN,27.703
anim_keepaway_pounce_01,v1.2,1.2,b7e804532df6,50,1.617,0,0,0,0,0,0,0.591837,2.5,20111.4,1.21923,0.448821,0,0.066,,0.787357,,,,RATE,23.673
anim_keepaway_pounce_02,v1.2,1.2,b7e804532df6,77,2.508,0,0,0,0,0,0,0.302632,2.5,18030,1.20215,0.603879,0,0.066,,0.830724,,,,RATE,12.105
anim_keepaway_pounce_03,v1.2,1.2,b7e804532df6,23,0.726,0,0,0,0,0,0,0.363636,2.5,19883.1,0.55869,0.368776,0,0.066,,0.419141,,,,SHORT;RATE,24.545
anim_keepaway_pounce_04,v1.2,1.2,b7e804532df6,20,0.627,0,0,0,0,0,0,0.473684,2.5,14864.3,0.86295,0.220152,0,0.066,,-0.239276,,,,SHORT;RATE;LOWCORR,43.947
anim_keepaway_wingame_01,v1.2,1.2,b7e804532df6,121,3.96,0,0,0,0,0,0,0.341667,2.5,20613,1.83667,0.722538,0,0.066,0.909329,0.939113,0.925505,,,RATE,13.667
anim_keepaway_wingame_02,v1.2,1.2,b7e804532df6,91,2.97,0,0,0,0,0,0,0.233333,2.5,26347.6,1.04447,0.492733,0,0.066,0.868029,0.933752,0.856174,,,RATE,9.333
anim_keepaway_wingame_03,v1.2,1.2,b7e804532df6,99,3.234,0,0,0,0,0,0,0.0612245,2.5,8766.96,0.658522,0.466636,0,0.066,0.993086,-0.0228363,,,,RATE;LOWCORR,17.449
anim_keepaway_winhand_01,v1.2,1.2,b7e804532df6,67,2.178,0,0,0,0,0,0,0.181818,2.5,13397.4,0.890801,0.475106,0,0.066,0.970296,0.423588,,,,RATE,7.273
anim_keepaway_winhand_02,v1.2,1.2,b7e804532df6,68,2.211,0,0,0,0,0,0,0.0298507,2.5,10921.5,0.455937,0.466636,0,0.066,0.924976,,,,,,1.194
anim_keepaway_winhand_03,v1.2,1.2,b7e804532df6,70,2.277,0,0,0,0,0,0,0.275362,2.5,12656.5,1.16148,0.466636,0,0.066,0.868167,0.427066,,,,RATE,11.014
anim_laser_drive_01,v1.2,1.2,b7e804532df6,36,1.155,0,0,0,0,0,0,0,0.742658,1230.53,0.0551301,0.00561547,0,0.00561547,,,,,,,0
anim_laser_drive_02,v1.2,1.2,b7e804532df6,46,1.485,0,0,0,0,0,0,0,1.42493,3147.19,0.094475,0.501218,0,0.066,,,,,,,0
anim_laser_drive_03,v1.2,1.2,b7e804532df6,31,0.99,0,0,0,0,0,0,0,0.268398,498.279,0.0184219,0.0225918,0,0.0134589,,,,,,STATIC,50
anim_launch_altwakeup_01,v1.2,1.2,b7e804532df6,148,4.851,0,0,0,0,0,0,0.210884,2.5,11969.8,1.39966,0.689241,0,0.066,0.957335,0.0264612,0.993189,,,RATE;LOWCORR,23.435
anim_launch_backpackidle,v1.2,1.2,b7e804532df6,46,1.485,0,0,0,0,0,0,0,0,0,0,0,0,0,,,,,,STATIC,50
anim_launch_blankscreen,v1.2,1.2,b7e804532df6,21,0.66,0,0,0,0,0,0,0,0,0,0,0,0,0,,,,,,SHORT;STATIC,60
anim_launch_cubediscovery,v1.2,1.2,b7e804532df6,26,0.825,0,0,0,0,0,0,0.32,2.5,12973.2,0.892265,0,0,0,0.763338,0.688148,,,,SHORT;RATE,22.8
anim_launch_drivingloop_01,v1.2,1.2,b7e804532df6,71,2.31,0,0,0,0,0,0,0,0.750456,1540.55,0.108437,0.0832267,0,0.0651529,0.978427,,,2.12641,2.71981,,0
anim_launch_drivingloop_02,v1.2,1.2,b7e804532df6,171,5.61,0,0,0,0,0,0,0,1.23459,2267.85,0.200508,0.0937143,0,0.0551532,0.708497,,,,,,0
anim_launch_drivingloop_03,v1.2,1.2,b7e804532df6,111,3.63,0,0,0,0,0,0,0,1.34332,2864.81,0.358099,0.448936,0,0.066,0.883278,,,,,,0
anim_launch_enddriving_01,v1.2,1.2,b7e804532df6,51,1.65,0,0,0,0,0,0,0,2.43928,5902.73,0.438178,0.471837,0,0.066,0.934774,,,,,,0
anim_launch_eyeson_01,v1.2,1.2,b7e804532df6,16,0.495,0,0,0,0,0,0,0,0.899873,1316.78,0.143418,0,0,0,0.997549,,,,,SHORT,10
anim_launch_firsttimewakeup,v1.2,1.2,b7e804532df6,749,24.684,0,0,0,0,0,0,0.013369,2.5,3984.51,1.26981,0.814573,0,0.066,0.969163,-0.4436,0.974454,,,LOWCORR,15.535
anim_launch_firsttimewakeup_helloplayer_head_angle_-20,v1.2,1.2,b7e804532df6,481,15.84,0,0,0,0,0,0,0.0229167,2.5,4735.23,0.876436,0.495908,0,0.066,0.985829,0.0459265,,,,LOWCORR,15.917
anim_launch_firsttimewakeup_helloplayer_head_angle_20,v1.2,1.2,b7e804532df6,481,15.84,0,0,0,0,0,0,0.00833333,2.5,4550.85,0.670817,0.495908,0,0.066,0.975171,0.96923,,,,,0.333
anim_launch_firsttimewakeup_helloplayer_head_angle_40,v1.2,1.2,b7e804532df6,481,15.84,0,0,0,0,0,0,0,2.33794,3555.96,0.476782,0.495908,0,0.066,0.90269,0.96923,,,,,0
anim_launch_firsttimewakeup_helloworld,v1.2,1.2,b7e804532df6,302,9.933,0,0,0,0,0,0,0,2.02724,4692.11,0.600608,0.553211,0,0.066,0.969822,0.593816,,,,,0
anim_launch_idle_01,v1.2,1.2,b7e804532df6,117,3.828,0,0,0,0,0,0,0,1.22006,3602.69,0.307366,0.0467027,0,0.0221024,0.937241,,,,,,0
anim_launch_idle_02,v1.2,1.2,b7e804532df6,106,3.465,0,0,0,0,0,0,0,0.789316,2001.07,0.187893,0.0447232,0,0.0270908,0.959243,,,,,,0
anim_launch_idle_03,v1.2,1.2,b7e804532df6,61,1.98,0,0,0,0,0,0,0,0.563022,1801.21,0.124187,0.0266875,0,0.0184808,0.903732,,,,,,0
anim_launch_lifteffortpickup_01,v1.2,1.2,b7e804532df6,31,0.99,0,0,0,0,0,0,0,1.46982,6297.51,0.231383,0.46185,0,0.066,,,,,,,0
anim_launch_lifteffortplacehigh_01,v1.2,1.2,b7e804532df6,21,0.66,0,0,0,0,0,0,0,0.755614,2314.47,0.123134,0.462,0,0.066,,,,,,SHORT,10
anim_launch_lifteffortplacelow_01,v1.2,1.2,b7e804532df6,23,0.726,0,0,0,0,0,0,0,1.46669,5058.74,0.193456,0,0,0,,,,,,SHORT,10
anim_launch_reacttocubepickup,v1.2,1.2,b7e804532df6,165,5.412,0,0,0,0,0,0,0.22561,2.5,11619.5,1.89908,0.0633003,0,0.0633003,0.960103,0.337767,0.960821,,,RATE,9.024
anim_launch_reacttoputdown,v1.2,1.2,b7e804532df6,119,3.894,0,0,0,0,0,0,0.440678,2.5,21482.9,1.17905,0.476944,0,0.066,0.915831,0.816787,0.866474,,,RATE,17.627
anim_launch_search_head_angle_-20,v1.2,1.2,b7e804532df6,23,0.726,0,0,0,0,0,0,0,1.68716,5199.21,0.287111,0.0326096,0,0.0326096,0.970387,,,4.09079,7.84414,SHORT;DYN,35
anim_launch_search_head_angle_20,v1.2,1.2,b7e804532df6,23,0.726,0,0,0,0,0,0,0,1.32147,5411.66,0.184418,0.0326096,0,0.0326096,0.931109,,,,,SHORT,10
anim_launch_search_head_angle_40,v1.2,1.2,b7e804532df6,23,0.726,0,0,0,0,0,0,0,1.2169,5286.91,0.168445,0.0326096,0,0.0326096,0.910388,,,,,SHORT,10
anim_launch_sleeping_01,v1.2,1.2,b7e804532df6,395,13.002,0,0,0,0,0,0,0.00761421,2.5,3815.49,0.405804,0.280071,0,0.066,0.990373,,,,,,0.305
anim_launch_startdriving_01,v1.2,1.2,b7e804532df6,29,0.924,0,0,0,0,0,0,0,1.69767,3340.97,0.292671,0.0893163,0,0.066,0.997773,,,,,SHORT,10
anim_launch_startsleeping_01,v1.2,1.2,b7e804532df6,11,0.33,0,0,0,0,0,0,0,0,0,0,0,0,0,,,,,,TINY;SHORT;STATIC,70
anim_launch_wakeup_01,v1.2,1.2,b7e804532df6,231,7.59,0,0,0,0,0,0,0,2.27754,3647.95,0.707193,0.735094,0,0.066,0.984064,,0.681859,,,,0
anim_launch_wakeup_02,v1.2,1.2,b7e804532df6,121,3.96,0,0,0,0,0,0,0,2.03594,4059.58,0.572469,0.674897,0,0.066,0.986773,,,,,,0
anim_launch_wakeup_03,v1.2,1.2,b7e804532df6,136,4.455,0,0,0,0,0,0,0,2.11683,4157.02,0.674186,0.727296,0,0.066,0.992267,0.746901,,,,,0
anim_launch_wakeup_04,v1.2,1.2,b7e804532df6,106,3.465,0,0,0,0,0,0,0,2.11197,5094.25,0.569462,0.691246,0,0.066,0.992259,,,,,,0
anim_launch_wakeup_05,v1.2,1.2,b7e804532df6,96,3.135,0,0,0,0,0,0,0.168421,2.5,21441.1,0.751032,0.755408,0,0.066,0.768803,0.351849,0.951647,,,RATE,6.737
anim_launch_wakeup_drivingloop_01,v1.2,1.2,b7e804532df6,58,1.881,0,0,0,0,0,0,0,0.876755,2765.45,0.216548,0.0638942,0,0.0638942,0.834484,,,,,,0
anim_launch_wakeup_drivingloop_02,v1.2,1.2,b7e804532df6,75,2.442,0,0,0,0,0,0,0,0.140274,226.103,0.0179676,0.019819,0,0.019819,0.97318,,,,,STATIC,50
anim_launch_wakeup_enddriving_01,v1.2,1.2,b7e804532df6,14,0.429,0,0,0,0,0,0,0,0.63527,4116.14,0.0737052,0.0433342,0,0.0433342,,,,,,TINY;SHORT,20
anim_launch_wakeup_startdriving_01,v1.2,1.2,b7e804532df6,123,4.026,0,0,0.170732,0,0,0.170732,0.0491803,2.5,7198.82,0.978984,0.228162,0,0.066,0.995503,,,,,SAT,19.04
anim_loco_driving01_end_01,v1.2,1.2,b7e804532df6,17,0.528,0,0,0,0,0,0,0,1.26435,5019.87,0.197286,0.0433342,0,0.0433342,0.864528,,,,,SHORT,10
anim_loco_driving01_loop_01,v1.2,1.2,b7e804532df6,58,1.881,0,0,0,0,0,0,0,0.851776,2675.5,0.146402,0.0638942,0,0.0638942,0.868942,,,,,,0
anim_loco_driving01_loop_02,v1.2,1.2,b7e804532df6,75,2.442,0,0,0,0,0,0,0,0.328416,371.136,0.0722888,0.019819,0,0.019819,0.996657,,,,,,0
anim_loco_driving01_loop_03,v1.2,1.2,b7e804532df6,101,3.3,0,0,0,0,0,0,0,1.97438,2603.81,0.252051,0.0801992,0,0.0517839,0.977072,,,2.16881,5.1925,,0
anim_loco_driving01_start_01,v1.2,1.2,b7e804532df6,116,3.795,0,0,0,0,0,0,0,1.64462,3445.17,0.214819,0.228162,0,0.066,0.958282,,,,,,0
anim_loco_driving01_start_02,v1.2,1.2,b7e804532df6,34,1.089,0,0,0,0,0,0,0,1.61962,3515.72,0.179273,0.0322036,0,0.0322036,0.779868,,,,,,0
anim_lookinplaceforfaces_keepalive_long_head_angle_-20,v1.2,1.2,b7e804532df6,61,1.98,0,0,0,0,0,0,0,1.4455,3579.58,0.295991,0.0270908,0,0.0270908,0.980418,,,,,,0
anim_lookinplaceforfaces_keepalive_long_head_angle_20,v1.2,1.2,b7e804532df6,61,1.98,0,0,0,0,0,0,0,1.07936,2427.36,0.295991,0.0270908,0,0.0270908,0.966719,,,,,,0
anim_lookinplaceforfaces_keepalive_long_head_angle_40,v1.2,1.2,b7e804532df6,61,1.98,0,0,0,0,0,0,0,1.07552,2466.37,0.295991,0.0270908,0,0.0270908,0.953513,,,,,,0
anim_lookinplaceforfaces_keepalive_medium_head_angle_-20,v1.2,1.2,b7e804532df6,31,0.99,0,0,0,0,0,0,0,1.90901,7194.43,0.356179,0.024576,0,0.024576,0.986791,,,,,,0
anim_lookinplaceforfaces_keepalive_medium_head_angle_20,v1.2,1.2,b7e804532df6,31,0.99,0,0,0,0,0,0,0,1.12038,3761.87,0.221388,0.024576,0,0.024576,0.983717,,,,,,0
anim_lookinplaceforfaces_keepalive_medium_head_angle_40,v1.2,1.2,b7e804532df6,31,0.99,0,0,0,0,0,0,0,1.12266,3752.49,0.221388,0.024576,0,0.024576,0.983126,,,,,,0
anim_lookinplaceforfaces_keepalive_short_head_angle_-20,v1.2,1.2,b7e804532df6,11,0.33,0,0,0,0,0,0,0,0,0,0,0,0,0,,,,,,TINY;SHORT;STATIC,70
anim_lookinplaceforfaces_keepalive_short_head_angle_20,v1.2,1.2,b7e804532df6,11,0.33,0,0,0,0,0,0,0,0,0,0,0,0,0,,,,,,TINY;SHORT;STATIC,70
anim_lookinplaceforfaces_keepalive_short_head_angle_40,v1.2,1.2,b7e804532df6,11,0.33,0,0,0,0,0,0,0,0,0,0,0,0,0,,,,,,TINY;SHORT;STATIC,70
anim_majorfail,v1.2,1.2,b7e804532df6,264,8.679,0,0,0,0,0,0,0.205323,2.5,23684.4,1.55347,0.500623,0,0.066,0.768694,0.90323,0.699058,,,RATE,8.213
anim_majorwin,v1.2,1.2,b7e804532df6,65,2.112,0,0,0,0,0,0,0,2.36534,12224.7,0.381417,0.58497,0,0.066,0.981732,0.407236,,,,,0
anim_meetcozmo_celebration,v1.2,1.2,b7e804532df6,313,10.296,0,0,0,0,0,0,0.323718,2.5,17616.4,1.41958,0.703181,0,0.066,0.859731,0.878259,0.750095,,,RATE,12.949
anim_meetcozmo_celebration_02,v1.2,1.2,b7e804532df6,89,2.904,0,0,0,0,0,0,0.306818,2.5,19549.5,1.13086,0.464878,0,0.066,0.852755,0.925556,,,,RATE,12.273
anim_meetcozmo_celebration_02_head_angle_-20,v1.2,1.2,b7e804532df6,89,2.904,0,0,0,0,0,0,0.318182,2.5,18954.7,1.16402,0.464878,0,0.066,0.766768,0.736232,,,,RATE,12.727
anim_meetcozmo_celebration_02_head_angle_20,v1.2,1.2,b7e804532df6,89,2.904,0,0,0,0,0,0,0.261364,2.5,18857.7,1.14814,0.464878,0,0.066,0.889966,0.913509,,,,RATE,10.455
anim_meetcozmo_celebration_02_head_angle_40,v1.2,1.2,b7e804532df6,89,2.904,0,0,0,0,0,0,0.318182,2.5,19756.1,1.10229,0.464878,0,0.066,0.885267,0.922675,,5.85095,17.6455,RATE;DYN,37.727
anim_meetcozmo_getin_head_angle_-20,v1.2,1.2,b7e804532df6,21,0.66,0,0,0,0,0,0,0,1.45291,6568.68,0.187772,0,0,0,0.975326,,,,,SHORT,10
anim_meetcozmo_getin_head_angle_20,v1.2,1.2,b7e804532df6,21,0.66,0,0,0,0,0,0,0,1.59115,7809.47,0.188241,0,0,0,0.967545,,,,,SHORT,10
anim_meetcozmo_getin_head_angle_40,v1.2,1.2,b7e804532df6,21,0.66,0,0,0,0,0,0,0,1.59115,7809.47,0.188241,0,0,0,0.967545,,,,,SHORT,10
anim_meetcozmo_lookface,v1.2,1.2,b7e804532df6,116,3.795,0,0,0,0,0,0,0,0.639764,1650.43,0.153457,0.0757311,0,0.046077,0.988414,0.587357,,,,,0
anim_meetcozmo_lookface_02,v1.2,1.2,b7e804532df6,163,5.346,0,0,0,0,0,0,0,0.391942,750.75,0.0446879,0.372911,0,0.066,,,,,,STATIC,50
anim_meetcozmo_lookface_getin_head_angle_-20,v1.2,1.2,b7e804532df6,35,1.122,0,0,0,0,0,0,0.117647,2.5,11425.6,0.474212,0.49199,0,0.066,0.917947,0.195588,,,,RATE;LOWCORR,19.706
anim_meetcozmo_lookface_getin_head_angle_20,v1.2,1.2,b7e804532df6,35,1.122,0,0,0,0,0,0,0.0294118,2.5,8188.62,0.318059,0.49199,0,0.066,0.895149,0.653634,,,,,1.176
anim_meetcozmo_lookface_getin_head_angle_40,v1.2,1.2,b7e804532df6,35,1.122,0,0,0,0,0,0,0,1.66392,6793.28,0.184616,0.49199,0,0.066,0.799989,0.653634,,,,,0
anim_meetcozmo_lookface_getout_head_angle_-20,v1.2,1.2,b7e804532df6,13,0.396,0,0,0,0,0,0,0,1.05803,8491.83,0.131441,0.30762,0,0.066,-0.0568975,0.265816,,,,TINY;SHORT;LOWCORR,35
anim_meetcozmo_lookface_getout_head_angle_20,v1.2,1.2,b7e804532df6,13,0.396,0,0,0,0,0,0,0,0.653809,7356.18,0.0778841,0.30762,0,0.066,0.138132,0.563676,,,,TINY;SHORT;LOWCORR,35
anim_meetcozmo_lookface_getout_head_angle_40,v1.2,1.2,b7e804532df6,13,0.396,0,0,0,0,0,0,0,0.690074,6479.36,0.0586619,0.30762,0,0.066,-0.104899,0.563676,,,,TINY;SHORT;LOWCORR,35
anim_meetcozmo_lookface_head_angle_-20,v1.2,1.2,b7e804532df6,116,3.795,0,0,0,0,0,0,0,0.523515,1667.47,0.2128,0.0757311,0,0.046077,0.993381,0.0912534,,,,LOWCORR,15
anim_meetcozmo_lookface_head_angle_20,v1.2,1.2,b7e804532df6,116,3.795,0,0,0,0,0,0,0,0.639764,1650.43,0.153457,0.0757311,0,0.046077,0.988414,0.587357,,,,,0
anim_meetcozmo_lookface_head_angle_40,v1.2,1.2,b7e804532df6,116,3.795,0,0,0,0,0,0,0,0.546546,1649.75,0.0567148,0.0757311,0,0.046077,,0.587357,,,,,0
anim_meetcozmo_lookface_interrupt,v1.2,1.2,b7e804532df6,13,0.396,0,0,0,0,0,0,0,0.52825,5986.03,0.0566171,0.30762,0,0.066,-0.321214,0.563676,,,,TINY;SHORT;LOWCORR,35
anim_meetcozmo_reenrollment_sayname_01,v1.2,1.2,b7e804532df6,81,2.64,0,0,0,0,0,0,0.1625,2.5,11337.9,0.820117,0.508694,0,0.066,0.953312,0.570076,,,,RATE,6.5
anim_meetcozmo_reenrollment_sayname_02,v1.2,1.2,b7e804532df6,83,2.706,0,0,0,0,0,0,0.195122,2.5,18167.1,1.00864,0.530045,0,0.066,0.964124,0.241538,,,,RATE;LOWCORR,22.805
anim_meetcozmo_reenrollment_sayname_03,v1.2,1.2,b7e804532df6,48,1.551,0,0,0,0,0,0,0.319149,2.5,20626.8,0.899424,0.466636,0,0.066,0.937042,0.896427,,4.53951,10.685,RATE;DYN,37.766
anim_meetcozmo_sayname_01_head_angle_-20,v1.2,1.2,b7e804532df6,109,3.564,0,0,0,0,0,0,0.0462963,2.5,6277.58,0.622661,0.361255,0,0.066,0.980743,-0.0474382,0.82156,,,LOWCORR,16.852
anim_meetcozmo_sayname_01_head_angle_20,v1.2,1.2,b7e804532df6,109,3.564,0,0,0,0,0,0,0.111111,2.5,11302,0.622661,0.361255,0,0.066,0.995893,-0.165484,0.82156,,,RATE;LOWCORR,19.444
anim_meetcozmo_sayname_01_head_angle_40,v1.2,1.2,b7e804532df6,109,3.564,0,0,0,0,0,0,0.0648148,2.5,6283.83,0.749836,0.361255,0,0.066,0.995619,0.586131,0.82156,,,RATE,2.593
anim_meetcozmo_sayname_02_head_angle_-20,v1.2,1.2,b7e804532df6,75,2.442,0,0,0,0,0,0,0.148649,2.5,13256.9,1.00963,0.390626,0,0.066,0.961761,0.0552193,,,,RATE;LOWCORR,20.946
anim_meetcozmo_sayname_02_head_angle_20,v1.2,1.2,b7e804532df6,75,2.442,0,0,0,0,0,0,0.0540541,2.5,9225.48,0.543894,0.390626,0,0.066,0.977516,0.366474,,,,RATE,2.162
anim_meetcozmo_sayname_02_head_angle_40,v1.2,1.2,b7e804532df6,75,2.442,0,0,0,0,0,0,0.0810811,2.5,9645.1,0.616683,0.390626,0,0.066,0.970014,0.634626,,,,RATE,3.243
anim_memorymatch_failgame_cozmo_01,v1.2,1.2,b7e804532df6,151,4.95,0,0,0,0,0,0,0.266667,2.5,22526.2,1.2218,0.491224,0,0.066,0.791196,0.85567,0.838092,,,RATE,10.667
anim_memorymatch_failgame_cozmo_02,v1.2,1.2,b7e804532df6,136,4.455,0,0,0,0,0,0,0.222222,2.5,18213.6,1.01606,0.641568,0,0.066,0.664648,0.90525,0.954947,,,RATE,8.889
anim_memorymatch_failgame_cozmo_03,v1.2,1.2,b7e804532df6,177,5.808,0,0,0,0,0,0,0,2.4315,4959.96,0.434312,0.366847,0,0.066,0.899626,,,,,,0
anim_memorymatch_failgame_player_01,v1.2,1.2,b7e804532df6,31,0.99,0,0,0,0,0,0,0,1.59165,4127.71,0.306221,0.466636,0,0.066,0.985846,,,,,,0
anim_memorymatch_failgame_player_02,v1.2,1.2,b7e804532df6,94,3.069,0,0,0,0,0,0,0.236559,2.5,37385.6,1.04028,0.466636,0,0.066,0.741417,0.872093,0.757513,,,RATE,9.462
anim_memorymatch_failgame_player_03,v1.2,1.2,b7e804532df6,81,2.64,0,0,0,0,0,0,0.0625,2.5,13181.7,0.817999,0.547147,0,0.066,0.937697,0.665206,,,,RATE,2.5
anim_memorymatch_failhand_01,v1.2,1.2,b7e804532df6,34,1.089,0,0,0,0,0,0,0.151515,2.5,14252,0.511717,0.400188,0,0.066,0.876227,0.292479,0.858715,,,RATE;LOWCORR,21.061
anim_memorymatch_failhand_02,v1.2,1.2,b7e804532df6,41,1.32,0,0,0,0,0,0,0.05,2.5,12573.7,0.399104,0.200871,0,0.066,0.942088,0.745737,,,,,2
anim_memorymatch_failhand_03,v1.2,1.2,b7e804532df6,34,1.089,0,0,0,0,0,0,0.212121,2.5,10951.7,0.677952,0.212907,0,0.066,0.860524,,,,,RATE,8.485
anim_memorymatch_failhand_player_01,v1.2,1.2,b7e804532df6,57,1.848,0,0,0,0,0,0,0.232143,2.5,17794.3,0.769049,0.550607,0,0.066,0.892808,0.789667,,,,RATE,9.286
anim_memorymatch_failhand_player_02,v1.2,1.2,b7e804532df6,56,1.815,0,0,0,0,0,0,0.0545455,2.5,16038.8,0.487357,0.466975,0,0.066,0.952004,0.828011,0.93934,,,RATE,2.182
anim_memorymatch_failhand_player_03,v1.2,1.2,b7e804532df6,59,1.914,0,0,0,0,0,0,0.37931,2.5,22623.4,0.804516,0.348341,0,0.066,0.966202,0.932438,0.975178,3.83018,12.266,RATE;DYN,40.172
anim_memorymatch_getout_01,v1.2,1.2,b7e804532df6,15,0.462,0,0,0.0666667,0,0,0.0666667,0.0714286,2.5,20366.1,0.340317,0.0805116,0,0.066,0.997064,-0.692163,,,,SHORT;SAT;RATE;LOWCORR,34.524
anim_memorymatch_idle_01,v1.2,1.2,b7e804532df6,117,3.828,0,0,0,0,0,0,0,2.2761,3803.39,0.470165,0.0467027,0,0.0221024,0.951667,,0.982766,,,,0
anim_memorymatch_idle_02,v1.2,1.2,b7e804532df6,106,3.465,0,0,0,0,0,0,0,1.30449,2199.78,0.271083,0.0447232,0,0.0270908,0.964015,,,,,,0
anim_memorymatch_idle_03,v1.2,1.2,b7e804532df6,61,1.98,0,0,0,0,0,0,0,1.6281,3253.46,0.275377,0.0266875,0,0.0247649,0.754912,0.988235,,,,,0
anim_memorymatch_point_player_audio,v1.2,1.2,b7e804532df6,1,0,0,0,0,0,0,0,0,0,0,0,0,0,0,,,,,,DEGENERATE;TINY;SHORT;STATIC,170
anim_memorymatch_pointbigleft_01,v1.2,1.2,b7e804532df6,21,0.66,0,0,0,0,0,0,0.65,2.5,30637.9,0.679493,0.215666,0,0.066,0.986443,-0.046464,0.986419,,,SHORT;RATE;LOWCORR,51
anim_memorymatch_pointbigleft_02,v1.2,1.2,b7e804532df6,21,0.66,0,0,0,0,0,0,0.65,2.5,30637.9,0.679493,0.215666,0,0.066,0.986443,-0.046464,0.986419,,,SHORT;RATE;LOWCORR,51
anim_memorymatch_pointbigleft_fast_01,v1.2,1.2,b7e804532df6,9,0.264,0,0,0,0,0,0,0.75,2.5,37572.1,0.500777,0.137192,0,0.066,0.92456,0.0115094,0.979714,,,TINY;SHORT;RATE;LOWCORR,65
anim_memorymatch_pointbigleft_fast_02,v1.2,1.2,b7e804532df6,13,0.396,0,0,0,0,0,0,0.833333,2.5,35463.9,0.615449,0.169316,0,0.066,0.984463,-0.179193,0.942133,,,TINY;SHORT;RATE;LOWCORR,68.333
anim_memorymatch_pointbigright_01,v1.2,1.2,b7e804532df6,21,0.66,0,0,0,0,0,0,0.25,2.5,12770.3,0.638789,0.14844,0,0.066,0.980495,-0.268476,0.993719,,,SHORT;RATE;LOWCORR,35
anim_memorymatch_pointbigright_02,v1.2,1.2,b7e804532df6,21,0.66,0,0,0,0,0,0,0.25,2.5,12770.3,0.638789,0.14844,0,0.066,0.980495,-0.268476,0.993719,,,SHORT;RATE;LOWCORR,35
anim_memorymatch_pointbigright_fast_01,v1.2,1.2,b7e804532df6,11,0.33,0,0,0,0,0,0,0.7,2.5,17059.4,0.62701,0.134366,0,0.066,0.956724,-0.466845,0.978133,,,TINY;SHORT;RATE;LOWCORR,63
anim_memorymatch_pointbigright_fast_02,v1.2,1.2,b7e804532df6,11,0.33,0,0,0,0,0,0,0.8,2.5,31441.1,0.621293,0.134366,0,0.066,0.856865,0.583756,0.979415,,,TINY;SHORT;RATE,52
anim_memorymatch_pointcenter_01,v1.2,1.2,b7e804532df6,19,0.594,0,0,0,0,0,0,0.222222,2.5,27525.7,0.560036,0.0805116,0,0.066,0.921035,0.943897,,,,SHORT;RATE,18.889
anim_memorymatch_pointcenter_02,v1.2,1.2,b7e804532df6,19,0.594,0,0,0,0,0,0,0.333333,2.5,37880.6,0.417284,0.0805116,0,0.066,0.749745,-0.471376,,,,SHORT;RATE;LOWCORR,38.333
anim_memorymatch_pointcenter_03,v1.2,1.2,b7e804532df6,21,0.66,0,0,0,0,0,0,0.25,2.5,25183.3,0.491093,0,0,0,0.71943,0.886331,,,,SHORT;RATE,20
anim_memorymatch_pointcenter_fast_01,v1.2,1.2,b7e804532df6,12,0.363,0,0,0,0,0,0,0.363636,2.5,29613.8,0.543443,0.0805116,0,0.066,0.869372,0.891222,,,,TINY;SHORT;RATE,34.545
anim_memorymatch_pointcenter_fast_02,v1.2,1.2,b7e804532df6,11,0.33,0,0,0,0,0,0,0.3,2.5,35901.2,0.349646,0.0805116,0,0.066,0.795533,-0.26637,,7.22525,11.8954,TINY;SHORT;RATE;LOWCORR;DYN,72
anim_memorymatch_pointcenter_fast_03,v1.2,1.2,b7e804532df6,12,0.363,0,0,0,0,0,0,0.454545,2.5,29283.8,0.359269,0,0,0,0.663749,0.58698,,,,TINY;SHORT;RATE,38.182
anim_memorymatch_pointsmallleft_01,v1.2,1.2,b7e804532df6,21,0.66,0,0,0,0,0,0,0.6,2.5,27471,0.798049,0.151403,0,0.066,0.87835,0.335474,0.964712,,,SHORT;RATE,34
anim_memorymatch_pointsmallleft_02,v1.2,1.2,b7e804532df6,21,0.66,0,0,0,0,0,0,0.6,2.5,27471,0.798049,0.151403,0,0.066,0.87835,0.335474,0.964712,,,SHORT;RATE,34
anim_memorymatch_pointsmallleft_fast_01,v1.2,1.2,b7e804532df6,11,0.33,0,0,0,0,0,0,0.6,2.5,34506.9,0.51051,0.137192,0,0.066,0.760403,0.758253,0.873978,,,TINY;SHORT;RATE,44
anim_memorymatch_pointsmallleft_fast_02,v1.2,1.2,b7e804532df6,10,0.297,0,0,0,0,0,0,0.666667,2.5,30307,0.538589,0.137192,0,0.066,0.951835,0.711691,0.978229,,,TINY;SHORT;RATE,46.667
anim_memorymatch_pointsmallright_01,v1.2,1.2,b7e804532df6,26,0.825,0,0,0,0,0,0,0.4,2.5,26638.8,0.728659,0.14844,0,0.066,0.884675,0.268134,0.886644,,,SHORT;RATE;LOWCORR,41
anim_memorymatch_pointsmallright_02,v1.2,1.2,b7e804532df6,26,0.825,0,0,0,0,0,0,0.4,2.5,26922.3,0.728659,0.14844,0,0.066,0.849198,0.268134,0.886644,,,SHORT;RATE;LOWCORR,41
anim_memorymatch_pointsmallright_fast_01,v1.2,1.2,b7e804532df6,16,0.495,0,0,0,0,0,0,0.6,2.5,30740.1,0.693585,0.140074,0,0.066,0.892429,0.445276,0.908939,,,SHORT;RATE,34
anim_memorymatch_pointsmallright_fast_02,v1.2,1.2,b7e804532df6,13,0.396,0,0,0,0,0,0,0.666667,2.5,35729.6,0.457584,0.132076,0,0.066,0.804211,0.212561,0.971424,,,TINY;SHORT;RATE;LOWCORR,61.667
anim_memorymatch_reacttopattern_01,v1.2,1.2,b7e804532df6,12,0.363,0,0,0,0,0,0,0,1.87856,5144.57,0.151794,0.00150621,0,0.00150621,0.995105,-0.681227,,,,TINY;SHORT;LOWCORR,35
anim_memorymatch_reacttopattern_02,v1.2,1.2,b7e804532df6,15,0.462,0,0,0,0,0,0,0,1.03367,2930.6,0.164588,0.0143443,0,0.0143443,0.995204,,,,,SHORT,10
anim_memorymatch_reacttopattern_standard_01,v1.2,1.2,b7e804532df6,99,3.234,0,0,0,0,0,0,0.0816327,2.5,11696.2,0.480164,0,0,0,0.951865,0.872243,,,,RATE,3.265
anim_memorymatch_reacttopattern_struggle_01,v1.2,1.2,b7e804532df6,130,4.257,0,0,0,0,0,0,0.0465116,2.5,10095.7,0.942969,0.542032,0,0.066,0.805601,0.980701,0.693498,,,,1.86
anim_memorymatch_reacttopattern_struggle_02,v1.2,1.2,b7e804532df6,211,6.93,0,0,0,0,0,0,0.00952381,2.5,8821.98,0.664445,0.150907,0,0.066,0.924618,-0.0202462,0.677486,,,LOWCORR,15.381
anim_memorymatch_reacttopattern_struggle_03,v1.2,1.2,b7e804532df6,40,1.287,0,0,0,0,0,0,0.435897,2.5,24152.6,0.683167,0.490697,0,0.066,0.931652,0.695351,0.738746,,,RATE,17.436
anim_memorymatch_solo_failhand_player_01,v1.2,1.2,b7e804532df6,71,2.31,0,0,0,0,0,0,0,2.49392,11184.8,0.437963,0.147196,0,0.066,0.967661,0.277579,,,,LOWCORR,15
anim_memorymatch_solo_failhand_player_02,v1.2,1.2,b7e804532df6,71,2.31,0,0,0,0,0,0,0,2.49392,11184.8,0.437963,0.147196,0,0.066,0.967661,0.277579,,,,LOWCORR,15
anim_memorymatch_solo_failhand_player_03,v1.2,1.2,b7e804532df6,71,2.31,0,0,0,0,0,0,0,2.49392,11184.8,0.437963,0.147196,0,0.066,0.967661,0.277579,,4.43335,14.4898,LOWCORR;DYN,40
anim_memorymatch_solo_reacttopattern_01,v1.2,1.2,b7e804532df6,96,3.135,0,0,0,0,0,0,0.0105263,2.5,6899.05,0.311541,0.490883,0,0.066,0.781846,-0.405693,,,,LOWCORR,15.421
anim_memorymatch_solo_reacttopattern_02,v1.2,1.2,b7e804532df6,22,0.693,0,0,0,0,0,0,0,1.40011,8246.76,0.149768,0,0,0,0.806498,0.0286702,,,,SHORT;LOWCORR,25
anim_memorymatch_solo_reacttopattern_03,v1.2,1.2,b7e804532df6,31,0.99,0,0,0,0,0,0,0,1.48325,4938.41,0.217046,0.459848,0,0.066,0.876783,-0.90249,,,,LOWCORR,15
anim_memorymatch_solo_successgame_player_01,v1.2,1.2,b7e804532df6,47,1.518,0,0,0,0,0,0,0.565217,2.5,26028.8,1.0129,0.462177,0,0.066,0.928167,0.743886,0.751317,,,RATE,22.609
anim_memorymatch_solo_successgame_player_02,v1.2,1.2,b7e804532df6,43,1.386,0,0,0,0,0,0,0.619048,2.5,25909,1.01289,0.462177,0,0.066,0.925496,0.731849,0.725295,,,RATE,24.762
anim_memorymatch_solo_successgame_player_03,v1.2,1.2,b7e804532df6,43,1.386,0,0,0,0,0,0,0.619048,2.5,25909,1.01289,0.462177,0,0.066,0.925496,0.731849,0.725295,,,RATE,24.762
anim_memorymatch_successhand_cozmo_01,v1.2,1.2,b7e804532df6,34,1.089,0,0,0,0,0,0,0.0606061,2.5,13080.9,0.350986,0.466636,0,0.066,0.944154,-0.18463,,,,RATE;LOWCORR,17.424
anim_memorymatch_successhand_cozmo_02,v1.2,1.2,b7e804532df6,51,1.65,0,0,0,0,0,0,0.44,2.5,15903.4,1.06828,0.466636,0,0.066,0.964789,-0.382277,,,,RATE;LOWCORR,32.6
anim_memorymatch_successhand_cozmo_03,v1.2,1.2,b7e804532df6,94,3.069,0,0,0,0,0,0,0.236559,2.5,37385.6,1.04028,0.466636,0,0.066,0.741417,0.872093,0.757513,,,RATE,9.462
anim_memorymatch_successhand_cozmo_04,v1.2,1.2,b7e804532df6,189,6.204,0,0,0,0,0,0,0.18617,2.5,19270.6,1.81235,0.466636,0,0.066,0.590219,0.925686,0.762707,,,RATE,7.447
anim_memorymatch_successhand_player_01,v1.2,1.2,b7e804532df6,69,2.244,0,0,0,0,0,0,0,2.11071,8269.04,0.401348,0,0,0,0.882995,0.536611,,,,,0
anim_memorymatch_successhand_player_02,v1.2,1.2,b7e804532df6,96,3.135,0,0,0,0,0,0,0.157895,2.5,13296.8,0.73834,0.653569,0,0.066,0.985471,0.917771,0.955048,,,RATE,6.316
anim_memorymatch_successhand_player_03,v1.2,1.2,b7e804532df6,111,3.63,0,0,0,0,0,0,0.263636,2.5,17138.7,0.856718,0.0805116,0,0.066,0.879163,0.775226,0.802597,,,RATE,10.545
anim_mm_newidea,v1.2,1.2,b7e804532df6,41,1.32,0,0,0,0,0,0,0,0.673164,2017.64,0.070944,0.568426,0,0.066,,,,,,,0
anim_mm_thinking,v1.2,1.2,b7e804532df6,11,0.33,0,0,0,0,0,0,0,0,0,0,0,0,0,,,,,,TINY;SHORT;STATIC,70
anim_motiontrack_turnsmall,v1.2,1.2,b7e804532df6,6,0.165,0,0,0,0,0,0,0,0,0,0,0,0,0,,,,,,TINY;SHORT;STATIC,70
anim_neutral_eyes_01,v1.2,1.2,b7e804532df6,1,0,0,0,0,0,0,0,0,0,0,0,0,0,0,,,,,,DEGENERATE;TINY;SHORT;STATIC,170
anim_pause_idle_01,v1.2,1.2,b7e804532df6,171,5.61,0,0,0,0,0,0,0,1.83901,3142.94,0.31451,0.0623174,0,0.0623174,0.988609,,0.994173,2.30843,5.93915,,0
anim_pause_idle_02,v1.2,1.2,b7e804532df6,116,3.795,0,0,0,0,0,0,0,1.3038,2456.24,0.259148,0.0298437,0,0.0270908,0.954022,,,,,,0
anim_pause_idle_03,v1.2,1.2,b7e804532df6,101,3.3,0,0,0,0,0,0,0,1.67316,3735.84,0.245935,0.0179397,0,0.01114,0.95267,,,,,,0
anim_peekaboo_fail_01,v1.2,1.2,b7e804532df6,116,3.795,0,0,0,0,0,0,0.0521739,2.5,9882.17,0.564788,0.459366,0,0.066,0.992377,0.0797888,,,,RATE;LOWCORR,17.087
anim_peekaboo_failgetout_01,v1.2,1.2,b7e804532df6,206,6.765,0,0,0,0,0,0,0.131707,2.5,8034.26,1.48327,0.55706,0,0.066,0.975798,,0.955427,,,RATE,5.268
anim_peekaboo_getin_01,v1.2,1.2,b7e804532df6,71,2.31,0,0,0,0,0,0,0.114286,2.5,13579.5,0.486466,0.0763432,0,0.066,0.958902,-0.00204007,,,,RATE;LOWCORR,19.571
anim_peekaboo_idle_01,v1.2,1.2,b7e804532df6,141,4.62,0,0,0,0,0,0,0,1.94899,2520.31,0.333092,0.0293612,0,0.0225616,0.992535,,,,,,0
anim_peekaboo_idle_02,v1.2,1.2,b7e804532df6,126,4.125,0,0,0,0,0,0,0,1.0488,1901.12,0.230707,0.0447232,0,0.0270908,0.888631,,,,,,0
anim_peekaboo_idle_03,v1.2,1.2,b7e804532df6,151,4.95,0,0,0,0,0,0,0,1.17261,2116.63,0.267118,0.0298437,0,0.0270908,0.957628,,,,,,0
anim_peekaboo_requestonce_01,v1.2,1.2,b7e804532df6,93,3.036,0,0,0.0215054,0,0,0.0215054,0.380435,2.5,22480.2,1.49058,0.47344,0,0.066,0.84562,0.821124,,,,SAT;RATE,17.368
anim_peekaboo_requestshorts_01,v1.2,1.2,b7e804532df6,53,1.716,0,0,0,0,0,0,0.480769,2.5,22277,1.21986,0.372679,0,0.066,0.686145,0.651635,,,,RATE,19.231
anim_peekaboo_requestthrice_01,v1.2,1.2,b7e804532df6,134,4.389,0,0,0,0,0,0,0.62406,2.5,24755.7,1.39094,0.501904,0,0.066,0.671347,0.744903,0.846481,,,RATE,24.962
anim_peekaboo_requesttwice_01,v1.2,1.2,b7e804532df6,129,4.224,0,0,0,0,0,0,0.367188,2.5,22404.1,1.85412,0.472739,0,0.066,0.745189,0.75138,0.909225,,,RATE,14.688
anim_peekaboo_success_01,v1.2,1.2,b7e804532df6,73,2.376,0,0,0,0,0,0,0.541667,2.5,20589.4,1.92192,0.471846,0,0.066,0.977685,-0.196759,0.928399,,,RATE;LOWCORR,36.667
anim_peekaboo_success_02,v1.2,1.2,b7e804532df6,86,2.805,0,0,0,0,0,0,0.635294,2.5,31627.4,1.3668,0.470289,0,0.066,0.850878,0.798459,0.840149,,,RATE,25.412
anim_peekaboo_success_03,v1.2,1.2,b7e804532df6,101,3.3,0,0,0,0,0,0,0.36,2.5,21385,0.972365,0.533888,0,0.066,0.444087,0.41547,0.992444,,,RATE,14.4
anim_peekaboo_successgetout_01,v1.2,1.2,b7e804532df6,161,5.28,0,0,0,0,0,0,0.28125,2.5,18647.2,1.26539,0.567549,0,0.066,0.9782,0.557585,0.826211,,,RATE,11.25
anim_petdetection_cat_01,v1.2,1.2,b7e804532df6,264,8.679,0,0,0,0,0,0,0.239544,2.5,16910.8,1.38139,0.550801,0,0.066,0.945916,0.826712,0.986465,,,RATE,9.582
anim_petdetection_cat_01_head_angle_-20,v1.2,1.2,b7e804532df6,264,8.679,0,0,0.0151515,0,0,0.0151515,0.285171,2.5,18033.5,1.42734,0.550801,0,0.066,0.853584,0.77647,0.986465,5.74829,18.5745,SAT;RATE;DYN,37.922
anim_petdetection_cat_01_head_angle_20,v1.2,1.2,b7e804532df6,264,8.679,0,0,0,0,0,0,0.224335,2.5,14049.9,1.21657,0.550801,0,0.066,0.97169,0.966198,0.986465,,,RATE,8.973
anim_petdetection_cat_01_head_angle_40,v1.2,1.2,b7e804532df6,264,8.679,0,0,0,0,0,0,0.224335,2.5,14045.6,1.21657,0.550801,0,0.066,0.973626,0.966198,0.986465,,,RATE,8.973
anim_petdetection_cat_02_head_angle_-20,v1.2,1.2,b7e804532df6,321,10.56,0,0,0,0,0,0,0.19375,2.5,17844.4,1.02933,0.610668,0,0.066,0.961791,-0.180293,0.658128,,,RATE;LOWCORR,22.75
anim_petdetection_cat_02_head_angle_20,v1.2,1.2,b7e804532df6,321,10.56,0,0,0,0,0,0,0.18125,2.5,17244,1.08244,0.610668,0,0.066,0.972729,0.104646,0.658128,,,RATE;LOWCORR,22.25
anim_petdetection_cat_02_head_angle_40,v1.2,1.2,b7e804532df6,321,10.56,0,0,0,0,0,0,0.18125,2.5,17358.9,1.08244,0.610668,0,0.066,0.970884,0.179468,0.658128,,,RATE;LOWCORR,22.25
anim_petdetection_dog_01,v1.2,1.2,b7e804532df6,178,5.841,0,0,0,0,0,0,0.118644,2.5,13589.9,1.15337,0.547147,0,0.066,0.938567,0.597705,,,,RATE,4.746
anim_petdetection_dog_01_head_angle_-20,v1.2,1.2,b7e804532df6,178,5.841,0,0,0,0,0,0,0.186441,2.5,16270.3,1.46157,0.547147,0,0.066,0.922887,0.501349,,,,RATE,7.458
anim_petdetection_dog_01_head_angle_20,v1.2,1.2,b7e804532df6,178,5.841,0,0,0,0,0,0,0.146893,2.5,13108.1,1.14319,0.547147,0,0.066,0.934468,0.895832,,,,RATE,5.876
anim_petdetection_dog_01_head_angle_40,v1.2,1.2,b7e804532df6,178,5.841,0,0,0,0,0,0,0.146893,2.5,13108.1,1.14319,0.547147,0,0.066,0.934468,0.895832,,,,RATE,5.876
anim_petdetection_dog_02_head_angle_-20,v1.2,1.2,b7e804532df6,401,13.2,0,0,0,0,0,0,0.2575,2.5,17774,2.02287,0.550801,0,0.066,0.863493,0.605056,0.973145,,,RATE,10.3
anim_petdetection_dog_02_head_angle_20,v1.2,1.2,b7e804532df6,401,13.2,0,0,0,0,0,0,0.2075,2.5,16571.3,2.02287,0.550801,0,0.066,0.909044,0.653454,0.973145,,,RATE,8.3
anim_petdetection_dog_02_head_angle_40,v1.2,1.2,b7e804532df6,401,13.2,0,0,0,0,0,0,0.1975,2.5,16420.2,2.02287,0.550801,0,0.066,0.913127,0.653454,0.973145,,,RATE,7.9
anim_petdetection_dog_03,v1.2,1.2,b7e804532df6,257,8.448,0,0,0,0,0,0,0.199219,2.5,17299.9,1.03028,0.610668,0,0.066,0.950822,0.136665,0.866468,,,RATE;LOWCORR,22.969
anim_petdetection_dog_03_head_angle_-20,v1.2,1.2,b7e804532df6,257,8.448,0,0,0,0,0,0,0.226562,2.5,18607.2,1.03028,0.610668,0,0.066,0.937501,-0.096732,0.866468,,,RATE;LOWCORR,24.062
anim_petdetection_dog_03_head_angle_20,v1.2,1.2,b7e804532df6,257,8.448,0,0,0,0,0,0,0.195312,2.5,16005.9,1.03028,0.610668,0,0.066,0.961858,0.224566,0.866468,,,RATE;LOWCORR,22.812
anim_petdetection_dog_03_head_angle_40,v1.2,1.2,b7e804532df6,257,8.448,0,0,0,0,0,0,0.179688,2.5,15760,1.03028,0.610668,0,0.066,0.967012,0.224566,0.866468,,,RATE;LOWCORR,22.188
anim_petdetection_misc_01_head_angle_-20,v1.2,1.2,b7e804532df6,311,10.23,0,0,0,0,0,0,0.170968,2.5,17322.4,1.3551,0.410199,0,0.066,0.939415,0.515432,0.982877,,,RATE,6.839
anim_petdetection_misc_01_head_angle_20,v1.2,1.2,b7e804532df6,311,10.23,0,0,0,0,0,0,0.129032,2.5,15739.4,1.3551,0.410199,0,0.066,0.972023,0.809879,0.982877,4.52808,20.8612,RATE;DYN,30.161
anim_petdetection_misc_01_head_angle_40,v1.2,1.2,b7e804532df6,311,10.23,0,0,0,0,0,0,0.106452,2.5,15208.4,1.3551,0.410199,0,0.066,0.976309,0.809879,0.982877,,,RATE,4.258
anim_petdetection_shortreaction_01,v1.2,1.2,b7e804532df6,77,2.508,0,0,0,0,0,0,0.236842,2.5,13331.9,0.779461,0.407011,0,0.066,0.95236,0.858984,,,,RATE,9.474
anim_petdetection_shortreaction_01_head_angle_-20,v1.2,1.2,b7e804532df6,77,2.508,0,0,0,0,0,0,0.25,2.5,18890,0.717977,0.407011,0,0.066,0.926003,0.510924,,,,RATE,10
anim_petdetection_shortreaction_01_head_angle_20,v1.2,1.2,b7e804532df6,77,2.508,0,0,0,0,0,0,0.184211,2.5,13031.8,0.836116,0.407011,0,0.066,0.95886,0.895411,,,,RATE,7.368
anim_petdetection_shortreaction_01_head_angle_40,v1.2,1.2,b7e804532df6,77,2.508,0,0,0,0,0,0,0.184211,2.5,13031.8,0.836116,0.407011,0,0.066,0.95886,0.895411,,,,RATE,7.368
anim_petdetection_shortreaction_02_head_angle_-20,v1.2,1.2,b7e804532df6,77,2.508,0,0,0,0,0,0,0.25,2.5,19096.1,0.72813,0.407011,0,0.066,0.937111,0.512273,,,,RATE,10
anim_petdetection_shortreaction_02_head_angle_20,v1.2,1.2,b7e804532df6,77,2.508,0,0,0,0,0,0,0.184211,2.5,13271.4,0.834698,0.407011,0,0.066,0.960861,0.892934,,,,RATE,7.368
anim_petdetection_shortreaction_02_head_angle_40,v1.2,1.2,b7e804532df6,77,2.508,0,0,0,0,0,0,0.184211,2.5,13271.4,0.834698,0.407011,0,0.066,0.960861,0.892934,,,,RATE,7.368
anim_play_driving_end_01,v1.2,1.2,b7e804532df6,23,0.726,0,0,0,0,0,0,0,1.45169,5421.59,0.210336,0.219565,0,0.066,0.996381,,,,,SHORT,10
anim_play_driving_loop_01,v1.2,1.2,b7e804532df6,56,1.815,0,0,0,0,0,0,0,1.31254,3131.76,0.186936,0.0422456,0,0.0342317,0.993015,,,,,,0
anim_play_driving_loop_02,v1.2,1.2,b7e804532df6,62,2.013,0,0,0,0,0,0,0,1.05003,2382.09,0.149564,0.0180492,0,0.0152696,0.993164,,,,,,0
anim_play_driving_loop_03,v1.2,1.2,b7e804532df6,74,2.409,0,0,0,0,0,0,0,1.71639,3491.41,0.258478,0,0,0,0.982803,,,,,,0
anim_play_driving_start_01,v1.2,1.2,b7e804532df6,41,1.32,0,0,0,0,0,0,0,1.31633,3534.47,0.186955,0.214948,0,0.066,0.992168,,,,,,0
anim_play_getin_01,v1.2,1.2,b7e804532df6,186,6.105,0,0,0,0,0,0,0.0594595,2.5,12302.1,0.844692,0.544156,0,0.066,0.984198,0.798448,0.998128,,,RATE,2.378
anim_play_getout_01,v1.2,1.2,b7e804532df6,59,1.914,0,0,0,0,0,0,0.0862069,2.5,9701.03,0.574571,0.476805,0,0.066,0.944883,0.0245299,0.884664,,,RATE;LOWCORR,18.448
anim_play_idle_01,v1.2,1.2,b7e804532df6,73,2.376,0,0,0,0,0,0,0,1.38088,5149.28,0.20928,0.0359721,0,0.0266441,0.99156,0.276924,,,,LOWCORR,15
anim_play_idle_02,v1.2,1.2,b7e804532df6,60,1.947,0,0,0,0,0,0,0.0338983,2.5,12617,0.367233,0.0202345,0,0.0202345,0.985461,0.440023,,,,,1.356
anim_play_idle_03,v1.2,1.2,b7e804532df6,56,1.815,0,0,0,0,0,0,0,2.45276,8261.43,0.292706,0.0323358,0,0.0323358,0.806474,0.376123,,2.58303,9.42545,,0
anim_play_requestplay_level1_01,v1.2,1.2,b7e804532df6,135,4.422,0,0,0,0,0,0,0.171642,2.5,15867.6,0.825109,0.522199,0,0.066,0.965997,0.520763,0.828225,,,RATE,6.866
anim_play_requestplay_level1_02,v1.2,1.2,b7e804532df6,141,4.62,0,0,0,0,0,0,0.128571,2.5,14451.4,0.954221,0.565081,0,0.066,0.969307,0.647384,0.593761,,,RATE,5.143
anim_play_requestplay_level2_01,v1.2,1.2,b7e804532df6,171,5.61,0,0,0,0,0,0,0.0882353,2.5,17145.8,0.823352,0.501433,0,0.066,0.98915,0.467486,0.969889,,,RATE,3.529
anim_play_requestplay_level2_02,v1.2,1.2,b7e804532df6,87,2.838,0,0,0,0,0,0,0.209302,2.5,13072.6,1.10216,0.540954,0,0.066,0.968923,0.963293,0.909855,,,RATE,8.372
anim_poked_01,v1.2,1.2,b7e804532df6,32,1.023,0,0,0,0,0,0,0,1.71072,4659.78,0.222686,0.46783,0,0.066,,,,,,,0
anim_poked_02,v1.2,1.2,b7e804532df6,62,2.013,0,0,0,0,0,0,0,1.75284,10476,0.435959,0.68408,0,0.066,,0.936364,,,,,0
anim_poked_giggle,v1.2,1.2,b7e804532df6,28,0.891,0,0,0.0714286,0,0,0.0714286,0.444444,2.5,14667.6,0.78563,0.458316,0,0.066,0.509927,,,,,SHORT;SAT;RATE,34.921
anim_pokedreaction_01,v1.2,1.2,b7e804532df6,23,0.726,0,0,0,0,0,0,0.136364,2.5,12144.4,0.443519,0.432533,0,0.066,0.910803,,,,,SHORT;RATE,15.455
anim_pounce_01,v1.2,1.2,b7e804532df6,20,0.627,0,0,0,0,0,0,0.157895,2.5,26192.3,0.463062,0.466879,0,0.066,0.900221,0.256249,,,,SHORT;RATE;LOWCORR,31.316
anim_pounce_02,v1.2,1.2,b7e804532df6,76,2.475,0,0,0,0,0,0,0.426667,2.5,25868.1,0.82331,0.581889,0,0.066,0.859838,0.429697,,,,RATE,17.067
anim_pounce_03,v1.2,1.2,b7e804532df6,117,3.828,0,0,0,0,0,0,0.181034,2.5,18794.9,1.23251,0.0534,0,0.0296033,0.759068,0.347214,,,,RATE,7.241
anim_pounce_04,v1.2,1.2,b7e804532df6,66,2.145,0,0,0,0,0,0,0.369231,2.5,26334.3,0.84265,0.449941,0,0.066,0.611966,0.312684,0.979605,,,RATE,14.769
anim_pounce_drive_01,v1.2,1.2,b7e804532df6,36,1.155,0,0,0,0,0,0,0,0.742658,1230.53,0.0551301,0.00561547,0,0.00561547,,,,,,,0
anim_pounce_drive_02,v1.2,1.2,b7e804532df6,46,1.485,0,0,0,0,0,0,0,1.42493,3147.19,0.094475,0.501218,0,0.066,,,,,,,0
anim_pounce_drive_03,v1.2,1.2,b7e804532df6,31,0.99,0,0,0,0,0,0,0,0.268398,498.279,0.0184219,0.0225918,0,0.0134589,,,,,,STATIC,50
anim_pounce_fail_01,v1.2,1.2,b7e804532df6,101,3.3,0,0,0,0,0,0,0.18,2.5,16078,1.14352,0.571031,0,0.066,0.885889,0.83984,0.982008,,,RATE,7.2
anim_pounce_fail_02,v1.2,1.2,b7e804532df6,89,2.904,0,0,0,0,0,0,0.227273,2.5,16785.3,0.771258,0.665271,0,0.066,0.973804,0.781476,,,,RATE,9.091
anim_pounce_fail_03,v1.2,1.2,b7e804532df6,124,4.059,0,0,0,0,0,0,0.252033,2.5,21982.9,1.13866,0.44894,0,0.066,0.929689,0.528965,0.930589,5.80629,16.9609,RATE;DYN,35.081
anim_pounce_fail_04,v1.2,1.2,b7e804532df6,99,3.234,0,0,0.050505,0,0,0.050505,0.183673,2.5,20304.8,1.0577,0.451673,0,0.066,0.893734,0.668341,0.92759,,,SAT;RATE,12.397
anim_pounce_long_01,v1.2,1.2,b7e804532df6,25,0.792,0,0,0,0,0,0,0.458333,2.5,34017,0.844649,0.466879,0,0.066,0.964137,0.761063,,,,SHORT;RATE,28.333
anim_pounce_lookgetout_01,v1.2,1.2,b7e804532df6,16,0.495,0,0,0,0,0,0,0.333333,2.5,21027.1,0.591392,0.077199,0,0.066,0.850145,,,,,SHORT;RATE,23.333
anim_pounce_lookloop_01,v1.2,1.2,b7e804532df6,36,1.155,0,0,0,0,0,0,0,0.742658,1230.53,0.0551301,0.00561547,0,0.00561547,,,,,,,0
anim_pounce_lookloop_02,v1.2,1.2,b7e804532df6,46,1.485,0,0,0,0,0,0,0,1.42493,3147.19,0.094475,0.501218,0,0.066,,,,,,,0
anim_pounce_lookloop_03,v1.2,1.2,b7e804532df6,31,0.99,0,0,0,0,0,0,0,0.268398,498.279,0.0184219,0.0225918,0,0.0134589,,,,,,STATIC,50
anim_pounce_reacttoobj_01_shorter,v1.2,1.2,b7e804532df6,53,1.716,0,0,0,0,0,0,0.0576923,2.5,9291.97,0.464616,0.542749,0,0.066,0.906857,0.976411,,,,RATE,2.308
anim_pounce_success_01,v1.2,1.2,b7e804532df6,54,1.749,0,0,0,0,0,0,0.320755,2.5,18333.5,1.08086,0.466636,0,0.066,0.915349,0.193718,,,,RATE;LOWCORR,27.83
anim_pounce_success_02,v1.2,1.2,b7e804532df6,54,1.749,0,0,0,0,0,0,0.528302,2.5,19374,1.37721,0.466636,0,0.066,0.914586,0.227434,0.822501,,,RATE;LOWCORR,36.132
anim_pounce_success_03,v1.2,1.2,b7e804532df6,73,2.376,0,0,0,0,0,0,0.541667,2.5,33058.5,0.825414,0.546446,0,0.066,0.934281,0.9296,0.856381,,,RATE,21.667
anim_pounce_success_04,v1.2,1.2,b7e804532df6,85,2.772,0,0,0,0,0,0,0.380952,2.5,28948.7,1.0055,0.273453,0,0.066,0.831948,0.867204,0.641753,,,RATE,15.238
anim_pyramid_lookinplaceforfaces_long_head_angle_-20,v1.2,1.2,b7e804532df6,61,1.98,0,0,0,0,0,0,0,1.44511,3558.11,0.242348,0.0270908,0,0.0270908,0.977528,,,,,,0
anim_pyramid_lookinplaceforfaces_long_head_angle_20,v1.2,1.2,b7e804532df6,61,1.98,0,0,0,0,0,0,0,1.0678,2230.67,0.216368,0.0270908,0,0.0270908,0.96248,,,,,,0
anim_pyramid_lookinplaceforfaces_long_head_angle_40,v1.2,1.2,b7e804532df6,61,1.98,0,0,0,0,0,0,0,1.06107,2274.72,0.198898,0.0270908,0,0.0270908,0.946409,,,,,,0
anim_pyramid_lookinplaceforfaces_medium,v1.2,1.2,b7e804532df6,31,0.99,0,0,0,0,0,0,0,0.913595,5287.21,0.134097,0.024576,0,0.024576,0.974019,,,,,,0
anim_pyramid_lookinplaceforfaces_medium_head_angle_-20,v1.2,1.2,b7e804532df6,31,0.99,0,0,0,0,0,0,0,1.90101,8193.5,0.307361,0.024576,0,0.024576,0.974631,,,,,,0
anim_pyramid_lookinplaceforfaces_medium_head_angle_20,v1.2,1.2,b7e804532df6,31,0.99,0,0,0,0,0,0,0,1.07019,4385.02,0.188691,0.024576,0,0.024576,0.968007,,,,,,0
anim_pyramid_lookinplaceforfaces_medium_head_angle_40,v1.2,1.2,b7e804532df6,31,0.99,0,0,0,0,0,0,0,1.07005,4380.22,0.176109,0.024576,0,0.024576,0.96671,,,2.21649,2.93318,,0
anim_pyramid_lookinplaceforfaces_short_head_angle_-20,v1.2,1.2,b7e804532df6,11,0.33,0,0,0,0,0,0,0,0.237812,2021.37,0.0186568,0,0,0,,,,,,TINY;SHORT;STATIC,70
anim_pyramid_lookinplaceforfaces_short_head_angle_20,v1.2,1.2,b7e804532df6,11,0.33,0,0,0,0,0,0,0,0.237812,2021.37,0.0186568,0,0,0,,,,,,TINY;SHORT;STATIC,70
anim_pyramid_lookinplaceforfaces_short_head_angle_40,v1.2,1.2,b7e804532df6,11,0.33,0,0,0,0,0,0,0,0.237812,2021.36,0.018657,0,0,0,,,,,,TINY;SHORT;STATIC,70
anim_pyramid_reacttocube_frustrated_high_01,v1.2,1.2,b7e804532df6,175,5.742,0,0,0,0,0,0,0.12069,2.5,14669.1,0.952371,0.436254,0,0.066,0.924875,0.101903,0.995665,,,RATE;LOWCORR,19.828
anim_pyramid_reacttocube_frustrated_low_01,v1.2,1.2,b7e804532df6,47,1.518,0,0,0,0,0,0,0.0217391,2.5,9858.2,0.435524,0.146935,0,0.066,0.939001,0.682104,,,,,0.87
anim_pyramid_reacttocube_frustrated_mid_01,v1.2,1.2,b7e804532df6,171,5.61,0,0,0,0,0,0,0.147059,2.5,15481.2,1.18681,0.436254,0,0.066,0.890074,0.0854619,0.903437,,,RATE;LOWCORR,20.882
anim_pyramid_reacttocube_happy_high_02,v1.2,1.2,b7e804532df6,41,1.32,0,0,0,0,0,0,0,1.90115,10706.9,0.234652,0,0,0,0.823519,0.288665,,,,LOWCORR,15
anim_pyramid_reacttocube_happy_mid_01,v1.2,1.2,b7e804532df6,38,1.221,0,0,0,0,0,0,0.108108,2.5,21592.4,0.356335,0.0538888,0,0.0375032,0.699821,0.0540682,,,,RATE;LOWCORR,19.324
anim_pyramid_success_01,v1.2,1.2,b7e804532df6,111,3.63,0,0,0,0,0,0,0.318182,2.5,19710.1,1.20421,0.0805116,0,0.066,0.749841,0.939958,0.837263,,,RATE,12.727
anim_pyramid_thankyou_01_head_angle_20,v1.2,1.2,b7e804532df6,27,0.858,0,0,0,0,0,0,0,1.56643,7227.69,0.182728,0,0,0,0.911827,0.562018,,,,SHORT,10
anim_react2block_02,v1.2,1.2,b7e804532df6,48,1.551,0,0,0,0,0,0,0,0.736836,1678.22,0.145293,0.244184,0,0.066,0.882548,,,,,,0
anim_reacttoblock_admirecubetower_01,v1.2,1.2,b7e804532df6,135,4.422,0,0,0,0,0,0,0.0223881,2.5,6053.76,0.64114,0.466636,0,0.066,0.887882,0.814476,,,,,0.896
anim_reacttoblock_ask_01_0,v1.2,1.2,b7e804532df6,77,2.508,0,0,0,0,0,0,0.5,2.5,25711.3,1.33723,0.616409,0,0.066,0.575627,0.734812,,,,RATE,20
anim_reacttoblock_ask_01_head_angle_-20,v1.2,1.2,b7e804532df6,81,2.64,0,0,0.0617284,0,0,0.0617284,0.4125,2.5,26195.3,1.35299,0.616409,0,0.066,0.649336,0.842727,,,,SAT;RATE,22.673
anim_reacttoblock_ask_01_head_angle_20,v1.2,1.2,b7e804532df6,77,2.508,0,0,0,0,0,0,0.118421,2.5,23356.3,1.01347,0.616409,0,0.066,0.911953,0.936231,,,,RATE,4.737
anim_reacttoblock_ask_01_head_angle_40,v1.2,1.2,b7e804532df6,77,2.508,0,0,0,0,0,0,0.118421,2.5,22106.5,0.882216,0.616409,0,0.066,0.944125,0.957668,,,,RATE,4.737
anim_reacttoblock_audioblockcrash,v1.2,1.2,b7e804532df6,2,0.033,0,0,0,0,0,0,0,0,0,0,0,0,0,,,,,,TINY;SHORT;STATIC,70
anim_reacttoblock_focusedeyes_01,v1.2,1.2,b7e804532df6,26,0.825,0,0,0,0,0,0,0,1.59941,5262.18,0.202573,0.436254,0,0.066,0.968376,,,2.33407,3.52607,SHORT,10
anim_reacttoblock_frustrated_01,v1.2,1.2,b7e804532df6,23,0.726,0,0,0,0,0,0,0,1.29389,8765.35,0.188452,0.268982,0,0.066,0.841397,0.866508,,,,SHORT,10
anim_reacttoblock_frustrated_int1_01,v1.2,1.2,b7e804532df6,23,0.726,0,0,0,0,0,0,0,1.29389,8765.35,0.188452,0.268982,0,0.066,0.841397,0.866508,,,,SHORT,10
anim_reacttoblock_frustrated_int2_01,v1.2,1.2,b7e804532df6,23,0.726,0,0,0,0,0,0,0,1.29389,8765.35,0.188452,0.268982,0,0.066,0.841397,0.866508,,,,SHORT,10
anim_reacttoblock_happydetermined_01,v1.2,1.2,b7e804532df6,36,1.155,0,0,0,0,0,0,0,2.04605,13649.8,0.183985,0.466636,0,0.066,0.914851,-0.171221,,,,LOWCORR,15
anim_reacttoblock_happydetermined_02,v1.2,1.2,b7e804532df6,36,1.155,0,0,0,0,0,0,0,2.06271,11868.6,0.205694,0.466636,0,0.066,0.91725,,,,,,0
anim_reacttoblock_lifteffortpickup_01,v1.2,1.2,b7e804532df6,31,0.99,0,0,0,0,0,0,0,1.50907,6444.03,0.232886,0.46185,0,0.066,,,,,,,0
anim_reacttoblock_lifteffortplacehigh_01,v1.2,1.2,b7e804532df6,21,0.66,0,0,0,0,0,0,0,0.755614,2314.47,0.123134,0.462,0,0.066,,,,,,SHORT,10
anim_reacttoblock_lifteffortplacelow_01,v1.2,1.2,b7e804532df6,23,0.726,0,0,0,0,0,0,0,1.47145,5030.14,0.195025,0,0,0,,,,,,SHORT,10
anim_reacttoblock_lifteffortroll_01,v1.2,1.2,b7e804532df6,25,0.792,0,0,0,0,0,0,0,1.34558,3580.09,0.219267,0.562546,0,0.066,,,,,,SHORT,10
anim_reacttoblock_placeblock_01,v1.2,1.2,b7e804532df6,170,5.577,0,0,0,0,0,0,0.130178,2.5,9678.32,0.998877,0.512155,0,0.066,0.968623,0.0564099,0.930158,,,RATE;LOWCORR,20.207
anim_reacttoblock_putdown2nd_01,v1.2,1.2,b7e804532df6,47,1.518,0,0,0,0,0,0,0.5,2.5,19688.7,1.04189,0.5436,0,0.066,0.575369,0.972605,0.974889,,,RATE,20
anim_reacttoblock_react_01,v1.2,1.2,b7e804532df6,99,3.234,0,0,0,0,0,0,0.0714286,2.5,10624.4,0.595739,0,0,0,0.922999,0.896827,,,,RATE,2.857
anim_reacttoblock_react_01_0,v1.2,1.2,b7e804532df6,99,3.234,0,0,0,0,0,0,0.0714286,2.5,10716.2,0.627366,0,0,0,0.9584,0.878875,,,,RATE,2.857
anim_reacttoblock_react_01_head_angle_-20,v1.2,1.2,b7e804532df6,99,3.234,0,0,0.030303,0,0,0.030303,0.0816327,2.5,9762.59,0.96012,0,0,0,0.943211,0.93966,,,,SAT;RATE,6.296
anim_reacttoblock_react_01_head_angle_20,v1.2,1.2,b7e804532df6,99,3.234,0,0,0,0,0,0,0,2.3925,6958.96,0.382124,0,0,0,0.982944,0.990806,,,,,0
anim_reacttoblock_react_01_head_angle_40,v1.2,1.2,b7e804532df6,99,3.234,0,0,0,0,0,0,0.112245,2.5,13017.6,0.955711,0,0,0,0.977839,0.915505,,,,RATE,4.49
anim_reacttoblock_react_short_01_head_angle_-20,v1.2,1.2,b7e804532df6,35,1.122,0,0,0,0,0,0,0,2.42365,9407.7,0.31457,0,0,0,0.910957,0.950281,,,,,0
anim_reacttoblock_react_short_01_head_angle_20,v1.2,1.2,b7e804532df6,35,1.122,0,0,0,0,0,0,0.176471,2.5,11684.9,0.686555,0,0,0,0.816911,0.982406,,2.80407,7.48623,RATE,7.059
anim_reacttoblock_react_short_01_head_angle_40,v1.2,1.2,b7e804532df6,35,1.122,0,0,0,0,0,0,0.176471,2.5,11685,0.686555,0,0,0,0.81691,0.982406,,,,RATE,7.059
anim_reacttoblock_react_short_02_head_angle_-20,v1.2,1.2,b7e804532df6,35,1.122,0,0,0,0,0,0,0.176471,2.5,8760.43,0.623428,0.0138603,0,0.00894976,0.978007,,,,,RATE,7.059
anim_reacttoblock_react_short_02_head_angle_20,v1.2,1.2,b7e804532df6,35,1.122,0,0,0,0,0,0,0,1.62678,2845.16,0.269686,0.0138603,0,0.00894976,0.997359,,,,,,0
anim_reacttoblock_react_short_02_head_angle_40,v1.2,1.2,b7e804532df6,35,1.122,0,0,0,0,0,0,0,0.488975,1062.34,0.109431,0.0138603,0,0.00894976,0.998395,,,,,,0
anim_reacttoblock_reacttotopple_01,v1.2,1.2,b7e804532df6,87,2.838,0,0,0,0,0,0,0.290698,2.5,27389.7,1.0367,0.466636,0,0.066,-0.015432,0.948938,0.833217,,,RATE;LOWCORR,26.628
anim_reacttoblock_stuckonblock_01,v1.2,1.2,b7e804532df6,149,4.884,0,0,0,0,0,0,0.344595,2.5,13692.2,1.66652,0.178808,0,0.066,0.853311,0.636283,0.976537,,,RATE,13.784
anim_reacttoblock_success_01,v1.2,1.2,b7e804532df6,35,1.122,0,0,0,0,0,0,0.352941,2.5,21291.3,0.717762,0.547147,0,0.066,0.75948,0.864648,,,,RATE,14.118
anim_reacttoblock_success_01_0,v1.2,1.2,b7e804532df6,35,1.122,0,0,0,0,0,0,0.205882,2.5,17108.9,0.69267,0.547147,0,0.066,-0.468948,-0.201477,,,,RATE;LOWCORR,23.235
anim_reacttoblock_success_01_head_angle_-20,v1.2,1.2,b7e804532df6,35,1.122,0,0,0,0,0,0,0.558824,2.5,16120.4,1.25797,0.547147,0,0.066,0.705181,0.723539,,,,RATE,22.353
anim_reacttoblock_success_01_head_angle_20,v1.2,1.2,b7e804532df6,38,1.221,0,0,0,0,0,0,0.297297,2.5,17355.3,1.07782,0.547147,0,0.066,0.763891,0.527261,,,,RATE,11.892
anim_reacttoblock_success_01_head_angle_40,v1.2,1.2,b7e804532df6,35,1.122,0,0,0,0,0,0,0.441176,2.5,19350.9,0.716079,0.547147,0,0.066,0.677035,0.955093,,,,RATE,17.647
anim_reacttoblock_triestoreach_01,v1.2,1.2,b7e804532df6,121,3.96,0,0,0,0,0,0,0.291667,2.5,18465.2,1.32617,0.555097,0,0.066,0.958127,0.942517,,,,RATE,11.667
anim_reacttocliff_edge_01,v1.2,1.2,b7e804532df6,41,1.32,0,0,0,0,0,0,0.15,2.5,17235.8,0.712525,0.0805116,0,0.0537646,0.95407,0.219934,0.950731,,,RATE;LOWCORR,21
anim_reacttocliff_edgeliftup_01,v1.2,1.2,b7e804532df6,213,6.996,0,0,0,0,0,0,0.0943396,2.5,12007.8,1.43219,0.0805116,0,0.066,0.846493,0.532392,,,,RATE,3.774
anim_reacttocliff_faceplantroll_01,v1.2,1.2,b7e804532df6,131,4.29,0,0,0,0,0,0,0.146154,2.5,15455.9,1.34303,0.491433,0,0.066,0.464536,0.887541,,,,RATE,5.846
anim_reacttocliff_faceplantroll_02,v1.2,1.2,b7e804532df6,70,2.277,0,0,0,0,0,0,0.246377,2.5,20004.7,1.13425,0.314353,0,0.066,0.764301,0.826024,,,,RATE,9.855
anim_reacttocliff_faceplantroll_armup_01,v1.2,1.2,b7e804532df6,61,1.98,0,0,0,0,0,0,0.266667,2.5,19129.1,1.09437,0,0,0,0.707075,0.774158,,,,RATE,10.667
anim_reacttocliff_faceplantroll_armup_02,v1.2,1.2,b7e804532df6,101,3.3,0,0,0,0,0,0,0.3,2.5,21079.5,1.23264,0.474637,0,0.066,0.245104,0.90607,0.992014,5.54479,14.052,RATE;LOWCORR;DYN,52
anim_reacttocliff_huh_01,v1.2,1.2,b7e804532df6,15,0.462,0,0,0,0,0,0,0.5,2.5,19251.4,0.664657,0.0805116,0,0.066,0.818107,-0.110641,,,,SHORT;RATE;LOWCORR,45
anim_reacttocliff_pickup_01,v1.2,1.2,b7e804532df6,80,2.607,0,0,0,0,0,0,0.177215,2.5,15981.7,0.782033,0.391036,0,0.066,0.947325,0.28808,,,,RATE;LOWCORR,22.089
anim_reacttocliff_pickup_02,v1.2,1.2,b7e804532df6,80,2.607,0,0,0,0,0,0,0.164557,2.5,15600.4,0.629732,0.410852,0,0.066,0.972565,0.249822,,,,RATE;LOWCORR,21.582
anim_reacttocliff_pickup_03,v1.2,1.2,b7e804532df6,100,3.267,0,0,0,0,0,0,0.111111,2.5,17158.6,0.745423,0.434238,0,0.066,0.89568,0.680443,0.922551,,,RATE,4.444
anim_reacttocliff_pickup_04,v1.2,1.2,b7e804532df6,51,1.65,0,0,0,0,0,0,0.4,2.5,17601,0.962248,0.466636,0,0.066,0.972895,-0.414532,,,,RATE;LOWCORR,31
anim_reacttocliff_pickup_05,v1.2,1.2,b7e804532df6,81,2.64,0,0,0,0,0,0,0.15,2.5,10764.9,0.710522,0.653569,0,0.066,0.976399,0.880312,,,,RATE,6
anim_reacttocliff_pickup_06,v1.2,1.2,b7e804532df6,91,2.97,0,0,0,0,0,0,0.122222,2.5,13201.4,0.75073,0.585235,0,0.066,0.979259,0.360564,,,,RATE,4.889
anim_reacttocliff_stuckleftside_01,v1.2,1.2,b7e804532df6,110,3.597,0,0,0,0,0,0,0.495413,2.5,39308.7,1.04774,0.453018,0,0.066,0.17568,0.66984,0.733992,,,RATE;LOWCORR,34.817
anim_reacttocliff_stuckleftside_02,v1.2,1.2,b7e804532df6,121,3.96,0,0,0,0,0,0,0.291667,2.5,34727.2,1.21979,0.0525139,0,0.0518761,0.501581,0.651696,,,,RATE,11.667
anim_reacttocliff_stuckleftside_03,v1.2,1.2,b7e804532df6,114,3.729,0,0,0,0,0,0,0.159292,2.5,13170.1,0.95494,0.520528,0,0.066,0.707981,0.722587,,,,RATE,6.372
anim_reacttocliff_stuckrightside_01,v1.2,1.2,b7e804532df6,161,5.28,0,0,0,0,0,0,0.3,2.5,27605.9,1.49467,0.393449,0,0.066,0.11274,0.869661,,,,RATE;LOWCORR,27
anim_reacttocliff_stuckrightside_02,v1.2,1.2,b7e804532df6,126,4.125,0,0,0,0,0,0,0.088,2.5,17705.3,1.1979,0.457555,0,0.066,0.965589,0.915583,0.837782,,,RATE,3.52
anim_reacttocliff_stuckrightside_03,v1.2,1.2,b7e804532df6,162,5.313,0,0,0,0,0,0,0.236025,2.5,20694.9,1.47022,0.606476,0,0.066,0.869942,0.7358,0.970335,,,RATE,9.441
anim_reacttocliff_turtleroll_01,v1.2,1.2,b7e804532df6,201,6.6,0,0,0.0149254,0,0,0.0149254,0.27,2.5,22381.6,1.19086,0.348801,0,0.066,0.947775,0.213412,0.979029,,,SAT;RATE;LOWCORR,27.293
anim_reacttocliff_turtleroll_02,v1.2,1.2,b7e804532df6,201,6.6,0,0,0.00995025,0,0,0.00995025,0.305,2.5,23963.6,1.12922,0.348801,0,0.066,0.949632,0.151127,0.84124,,,RATE;LOWCORR,28.195
anim_reacttocliff_turtleroll_03,v1.2,1.2,b7e804532df6,90,2.937,0,0,0.0333333,0,0,0.0333333,0.247191,2.5,21910.5,1.25667,0.0643151,0,0.0643151,0.930557,0.952959,,,,SAT;RATE,13.221
anim_reacttocliff_turtleroll_04,v1.2,1.2,b7e804532df6,381,12.54,0,0,0,0,0,0,0.294737,2.5,20044,1.38096,0.485472,0,0.066,0.874748,0.630325,0.562346,,,RATE,11.789
anim_reacttocliff_turtleroll_05,v1.2,1.2,b7e804532df6,291,9.57,0,0,0,0,0,0,0.351724,2.5,26957.2,1.56847,0.604199,0,0.066,0.943022,0.520393,0.875985,7.94886,20.3853,RATE;DYN,39.069
anim_reacttocliff_turtleroll_06,v1.2,1.2,b7e804532df6,376,12.375,0,0,0.00531915,0,0,0.00531915,0.130667,2.5,11103.1,1.63433,0.674897,0,0.066,0.936054,0.772053,,,,RATE,5.759
anim_reacttocliff_turtlerollfail_01,v1.2,1.2,b7e804532df6,198,6.501,0,0,0,0,0,0,0.380711,2.5,26098.7,1.24946,0.502883,0,0.066,0.902363,0.845685,,,,RATE,15.228
anim_reacttocliff_turtlerollfail_02,v1.2,1.2,b7e804532df6,186,6.105,0,0,0,0,0,0,0.264865,2.5,15267.8,2.09644,0.606041,0,0.066,0.939145,0.941135,0.254507,,,RATE;LOWCORR,25.595
anim_reacttocliff_turtlerollfail_03,v1.2,1.2,b7e804532df6,166,5.445,0,0,0,0,0,0,0.309091,2.5,22035.2,1.61726,0.587436,0,0.066,0.951565,0.797222,0.984501,,,RATE,12.364
anim_reacttocliff_wheely_01,v1.2,1.2,b7e804532df6,201,6.6,0,0,0.0149254,0,0,0.0149254,0.265,2.5,34645.4,1.60552,0.530951,0,0.066,0.892468,0.854871,0.839182,,,SAT;RATE,12.093
anim_reacttocliff_wheely_02,v1.2,1.2,b7e804532df6,103,3.366,0,0,0,0,0,0,0.235294,2.5,23947.1,1.21025,0.466636,0,0.066,0.790701,0.824356,0.954413,,,RATE,9.412
anim_reacttocliff_wheely_03,v1.2,1.2,b7e804532df6,138,4.521,0,0,0,0,0,0,0.379562,2.5,21033.3,1.99935,0.506917,0,0.066,0.914216,0.760948,0.965297,,,RATE,15.182
anim_reacttoface_unidentified_01_head_angle_-20,v1.2,1.2,b7e804532df6,52,1.683,0,0,0,0,0,0,0.176471,2.5,17011.6,0.642176,0.00541914,0,0.00527847,0.926894,0.290801,,,,RATE;LOWCORR,22.059
anim_reacttoface_unidentified_01_head_angle_20,v1.2,1.2,b7e804532df6,52,1.683,0,0,0,0,0,0,0,2.1175,5958.03,0.692073,0.00541914,0,0.00527847,0.945056,0.987455,,,,,0
anim_reacttoface_unidentified_01_head_angle_40,v1.2,1.2,b7e804532df6,52,1.683,0,0,0,0,0,0,0,1.58403,4706.14,0.469812,0.00541914,0,0.00527847,0.867801,0.987455,,,,,0
anim_reacttoface_unidentified_02_head_angle_-20,v1.2,1.2,b7e804532df6,51,1.65,0,0,0,0,0,0,0.14,2.5,8628.85,0.7474,0.000339866,0,0.000107825,0.969608,0.445708,,,,RATE,5.6
anim_reacttoface_unidentified_02_head_angle_20,v1.2,1.2,b7e804532df6,51,1.65,0,0,0,0,0,0,0.04,2.5,6666.12,0.457141,0.000339866,0,0.000107825,0.981877,0.97811,,,,,1.6
anim_reacttoface_unidentified_02_head_angle_40,v1.2,1.2,b7e804532df6,51,1.65,0,0,0,0,0,0,0,1.37073,4330.55,0.228538,0.000339866,0,0.000107825,,0.97811,,,,,0
anim_reacttoface_unidentified_03_head_angle_-20,v1.2,1.2,b7e804532df6,71,2.31,0,0,0,0,0,0,0.2,2.5,10731.6,0.891582,0.0679012,0,0.066,0.904459,,,,,RATE,8
anim_reacttoface_unidentified_03_head_angle_20,v1.2,1.2,b7e804532df6,71,2.31,0,0,0,0,0,0,0.0857143,2.5,7965.87,0.664094,0.0679012,0,0.066,0.953761,,,,,RATE,3.429
anim_reacttoface_unidentified_03_head_angle_40,v1.2,1.2,b7e804532df6,71,2.31,0,0,0,0,0,0,0,2.31919,3879.8,0.425339,0.0679012,0,0.066,0.972967,,,,,,0
anim_reacttppl_surprise,v1.2,1.2,b7e804532df6,274,9.009,0,0,0,0,0,0,0.029304,2.5,6171.3,0.522091,0.4675,0,0.066,0.996789,,0.939575,,,,1.172
anim_repair_fix_getin_01,v1.2,1.2,b7e804532df6,31,0.99,0,0,0,0,0,0,0.2,2.5,22191.2,0.52767,0,0,0,0.907316,0.569155,,4.09051,8.62371,RATE;DYN,33
anim_repair_fix_getout_01,v1.2,1.2,b7e804532df6,149,4.884,0,0,0,0,0,0,0.148649,2.5,11788.3,1.14363,0.569596,0,0.066,0.859591,0.835697,0.967083,,,RATE,5.946
anim_repair_fix_getout_02,v1.2,1.2,b7e804532df6,88,2.871,0,0,0,0,0,0,0.252874,2.5,14259,1.52938,0.483565,0,0.066,0.917694,-0.278383,0.935042,,,RATE;LOWCORR,25.115
anim_repair_fix_getout_03,v1.2,1.2,b7e804532df6,87,2.838,0,0,0,0,0,0,0.104651,2.5,11725.7,1.04359,0.502179,0,0.066,0.944664,0.892602,0.765261,,,RATE,4.186
anim_repair_fix_getready_01,v1.2,1.2,b7e804532df6,35,1.122,0,0,0,0,0,0,0.235294,2.5,12467.4,0.898983,0.0805116,0,0.0553916,0.896021,,0.857943,,,RATE,9.412
anim_repair_fix_head_down_01,v1.2,1.2,b7e804532df6,20,0.627,0,0,0,0,0,0,0.736842,2.5,26307.4,0.61017,0,0,0,0.232693,,,,,SHORT;RATE;LOWCORR,54.474
anim_repair_fix_head_up_01,v1.2,1.2,b7e804532df6,14,0.429,0,0,0,0,0,0,0.384615,2.5,18760,0.378697,0,0,0,0.94619,,,,,TINY;SHORT;RATE,35.385
anim_repair_fix_idle_01,v1.2,1.2,b7e804532df6,201,6.6,0,0,0,0,0,0,0.05,2.5,4957.53,1.0929,0.0446245,0,0.0290966,0.979338,,0.928819,,,,2
anim_repair_fix_idle_02,v1.2,1.2,b7e804532df6,156,5.115,0,0,0,0,0,0,0.083871,2.5,7632.42,1.0504,0.112621,0,0.066,0.993309,,0.983682,,,RATE,3.355
anim_repair_fix_idle_03,v1.2,1.2,b7e804532df6,201,6.6,0,0,0,0,0,0,0,2.22217,2712.52,0.555414,0.0193044,0,0.0168259,0.992159,,0.995998,,,,0
anim_repair_fix_idle_fullyfull_01,v1.2,1.2,b7e804532df6,141,4.62,0,0,0,0,0,0,0,2.22737,1801.61,0.743122,0.526359,0,0.066,0.942741,,,,,,0
anim_repair_fix_idle_fullyfull_02,v1.2,1.2,b7e804532df6,201,6.6,0,0,0,0,0,0,0.015,2.5,4813.54,0.783064,0.314042,0,0.066,0.987867,,0.976044,,,,0.6
anim_repair_fix_idle_fullyfull_03,v1.2,1.2,b7e804532df6,201,6.6,0,0,0,0,0,0,0.03,2.5,2815.01,1.00365,0.0143443,0,0.0143443,0.971686,,0.783339,,,,1.2
anim_repair_fix_lift_down_01,v1.2,1.2,b7e804532df6,20,0.627,0,0,0,0,0,0,0,1.73574,10835,0.222807,0,0,0,0.710045,0.882352,,,,SHORT,10
anim_repair_fix_lift_up_01,v1.2,1.2,b7e804532df6,20,0.627,0,0,0,0,0,0,0,2.0259,11042.9,0.307722,0,0,0,0.630013,0.926845,,,,SHORT,10
anim_repair_fix_lowerlift_01,v1.2,1.2,b7e804532df6,32,1.023,0,0,0,0,0,0,0.322581,2.5,20279.1,0.588465,0,0,0,0.896755,0.534314,,,,RATE,12.903
anim_repair_fix_raiselift_01,v1.2,1.2,b7e804532df6,32,1.023,0,0,0,0,0,0,0.290323,2.5,27682.1,0.868424,0,0,0,0.977164,0.865186,,,,RATE,11.613
anim_repair_fix_roundreact_01,v1.2,1.2,b7e804532df6,51,1.65,0,0,0,0,0,0,0.14,2.5,9617.84,0.715397,0.0352111,0,0.0260713,0.910729,,,,,RATE,5.6
anim_repair_fix_wheels_back_01,v1.2,1.2,b7e804532df6,15,0.462,0,0,0,0,0,0,0,1.36512,7671.87,0.281155,0,0,0,0.974649,,,3.10927,6.25796,SHORT;DYN,35
anim_repair_fix_wheels_forward_01,v1.2,1.2,b7e804532df6,20,0.627,0,0,0,0,0,0,0,1.02499,4650.11,0.155126,0,0,0,0.991286,,,,,SHORT,10
anim_repair_mild_fix_fail_01,v1.2,1.2,b7e804532df6,65,2.112,0,0,0,0,0,0,0.25,2.5,21485.4,0.80616,0.46372,0,0.066,0.82867,0.505658,0.983743,,,RATE,10
anim_repair_mild_fix_head_01,v1.2,1.2,b7e804532df6,98,3.201,0,0,0,0,0,0,0.185567,2.5,14046.5,1.00728,0.470532,0,0.066,0.968408,-0.257296,,,,RATE;LOWCORR,22.423
anim_repair_mild_fix_head_02,v1.2,1.2,b7e804532df6,75,2.442,0,0,0,0,0,0,0.256757,2.5,17697.4,0.799691,0.513651,0,0.066,0.856165,0.832855,,,,RATE,10.27
anim_repair_mild_fix_lift_01,v1.2,1.2,b7e804532df6,101,3.3,0,0,0,0,0,0,0.23,2.5,17205.9,1.14075,0.524826,0,0.066,0.943621,0.572077,0.974921,,,RATE,9.2
anim_repair_mild_fix_lift_02,v1.2,1.2,b7e804532df6,105,3.432,0,0,0,0,0,0,0.442308,2.5,18900.4,1.68594,0.296053,0,0.066,0.921253,0.862627,0.850803,,,RATE,17.692
anim_repair_mild_fix_tread_01,v1.2,1.2,b7e804532df6,88,2.871,0,0,0,0,0,0,0.149425,2.5,14093.7,0.817685,0.127629,0,0.066,0.956431,0.362342,0.987142,,,RATE,5.977
anim_repair_mild_fix_tread_02,v1.2,1.2,b7e804532df6,105,3.432,0,0,0,0,0,0,0.134615,2.5,10935.9,1.01678,0.0210471,0,0.0141672,0.970229,,0.946234,,,RATE,5.385
anim_repair_mild_reaction_02,v1.2,1.2,b7e804532df6,39,1.254,0,0,0,0,0,0,0.157895,2.5,17148.1,0.68448,0.0736446,0,0.0451931,0.792753,-0.128398,0.891402,,,RATE;LOWCORR,21.316
anim_repair_react_fall_01,v1.2,1.2,b7e804532df6,11,0.33,0,0,0,0,0,0,0.2,2.5,19589.5,0.300887,0.260805,0,0.066,0.595802,0.076705,,,,TINY;SHORT;RATE;LOWCORR,43
anim_repair_react_hit_01,v1.2,1.2,b7e804532df6,135,4.422,0,0,0,0,0,0,0.156716,2.5,16790.6,0.977309,0.489627,0,0.066,0.973185,0.770438,0.708025,,,RATE,6.269
anim_repair_react_stop_01,v1.2,1.2,b7e804532df6,136,4.455,0,0,0,0,0,0,0.037037,2.5,8192.97,0.543855,0.266921,0,0.066,0.937576,0.253732,,,,LOWCORR,16.481
anim_repair_reaction_01,v1.2,1.2,b7e804532df6,231,7.59,0,0,0.025974,0,0,0.025974,0.208696,2.5,14781.7,1.18315,0.529265,0,0.066,0.84954,-0.0730793,0.95048,,,SAT;RATE;LOWCORR,25.945
anim_repair_severe_driving_end_01,v1.2,1.2,b7e804532df6,17,0.528,0,0,0,0,0,0,0,0.521653,1739.63,0.175859,0.430974,0,0.066,0.977571,,,,,SHORT,10
anim_repair_severe_driving_loop_01,v1.2,1.2,b7e804532df6,91,2.97,0,0,0,0,0,0,0,0.396378,910.236,0.0587887,0.22582,0,0.066,,,,,,,0
anim_repair_severe_driving_loop_02,v1.2,1.2,b7e804532df6,76,2.475,0,0,0,0,0,0,0,0.122716,153.184,0.0225278,0.0494648,0,0.0494648,,,,,,STATIC,50
anim_repair_severe_driving_loop_03,v1.2,1.2,b7e804532df6,101,3.3,0,0,0,0,0,0,0,0.658024,1139.47,0.285338,0.183707,0,0.066,0.966073,,,,,,0
anim_repair_severe_driving_start_01,v1.2,1.2,b7e804532df6,53,1.716,0,0,0,0,0,0,0,0.729709,2295.59,0.228684,0.160367,0,0.066,0.993479,,,2.16005,3.23169,,0
anim_repair_severe_fix_fail_01,v1.2,1.2,b7e804532df6,92,3.003,0,0,0,0,0,0,0.21978,2.5,17146.4,0.864367,0.58394,0,0.066,0.837659,0.241831,0.981087,,,RATE;LOWCORR,23.791
anim_repair_severe_fix_getin_01,v1.2,1.2,b7e804532df6,176,5.775,0,0,0,0,0,0,0,0.944968,1028.72,0.520353,0.352328,0,0.066,0.98797,-0.439336,,,,LOWCORR,15
anim_repair_severe_fix_getout_01,v1.2,1.2,b7e804532df6,231,7.59,0,0,0,0,0,0,0.134783,2.5,13362.2,1.26124,0.573225,0,0.066,0.983951,0.684395,0.911125,,,RATE,5.391
anim_repair_severe_fix_getout_02,v1.2,1.2,b7e804532df6,206,6.765,0,0,0,0,0,0,0.156098,2.5,16607.8,1.32744,0.576151,0,0.066,0.916016,0.33352,0.922772,,,RATE,6.244
anim_repair_severe_fix_getout_03,v1.2,1.2,b7e804532df6,101,3.3,0,0,0.0792079,0,0,0.0792079,0.17,2.5,10506.8,1.22604,0.55894,0,0.066,0.941439,0.0317218,,,,SAT;RATE;LOWCORR,29.721
anim_repair_severe_fix_getready_01,v1.2,1.2,b7e804532df6,52,1.683,0,0,0,0,0,0,0,2.09817,2133.12,0.501958,0.117378,0,0.0595623,0.96042,,,,,,0
anim_repair_severe_fix_head_down_01,v1.2,1.2,b7e804532df6,20,0.627,0,0,0,0,0,0,0.684211,2.5,26003.6,0.61017,0.233356,0,0.066,0.201332,,,,,SHORT;RATE;LOWCORR,52.368
anim_repair_severe_fix_lift_down_01,v1.2,1.2,b7e804532df6,17,0.528,0,0,0,0,0,0,0,1.76016,12555.3,0.198727,0.0163599,0,0.0163599,0.708078,0.88883,,,,SHORT,10
anim_repair_severe_fix_lift_up_01,v1.2,1.2,b7e804532df6,20,0.627,0,0,0,0,0,0,0.105263,2.5,16667.5,0.316152,0.0163599,0,0.0163599,0.65571,0.926845,,,,SHORT;RATE,14.211
anim_repair_severe_fix_lowerlift_01,v1.2,1.2,b7e804532df6,31,0.99,0,0,0,0,0,0,0,1.75528,2752.79,0.281781,0.248583,0,0.066,-0.0959748,,,,,LOWCORR,15
anim_repair_severe_fix_raiselift_01,v1.2,1.2,b7e804532df6,31,0.99,0,0,0,0,0,0,0,1.9446,4004.07,0.721897,0.248583,0,0.066,-0.298571,0.998386,,,,LOWCORR,15
anim_repair_severe_fix_roundreaction_01,v1.2,1.2,b7e804532df6,111,3.63,0,0,0.108108,0,0,0.108108,0.136364,2.5,7239.81,1.26108,0.552116,0,0.066,0.926284,0.0558527,,,,SAT;RATE;LOWCORR,31.265
anim_repair_severe_fix_wheels_back_01,v1.2,1.2,b7e804532df6,11,0.33,0,0,0,0,0,0,0,1.78023,8709.83,0.298003,0.0130067,0,0.0130067,0.988987,,,,,TINY;SHORT,20
anim_repair_severe_fix_wheels_forward_01,v1.2,1.2,b7e804532df6,20,0.627,0,0,0,0,0,0,0,0.974496,4663.96,0.151976,0.0660133,0,0.0483777,0.991771,,,,,SHORT,10
anim_repair_severe_getin_01,v1.2,1.2,b7e804532df6,217,7.128,0,0,0,0,0,0,0.087963,2.5,10589.3,1.59106,0.689653,0,0.066,0.880191,0.485845,0.976407,,,RATE,3.519
anim_repair_severe_getout_01,v1.2,1.2,b7e804532df6,18,0.561,0,0,0,0,0,0,0.235294,2.5,12866.2,0.455146,0.495639,0,0.066,0.973599,-0.871421,,,,SHORT;RATE;LOWCORR,34.412
anim_repair_severe_idle_01,v1.2,1.2,b7e804532df6,101,3.3,0,0,0,0,0,0,0,1.03337,1466.58,0.375299,0.0444603,0,0.0444603,0.998302,,0.998248,,,,0
anim_repair_severe_idle_02,v1.2,1.2,b7e804532df6,75,2.442,0,0,0,0,0,0,0,1.38612,2463.01,0.188647,0.0591311,0,0.0591311,0.99393,,,2.33885,6.53043,,0
anim_repair_severe_idle_03,v1.2,1.2,b7e804532df6,111,3.63,0,0,0.00900901,0,0,0.00900901,0.172727,2.5,8579.83,1.4108,0.211109,0,0.066,0.921233,,0.993334,,,RATE,7.81
anim_repair_severe_interruption_edge_01,v1.2,1.2,b7e804532df6,85,2.772,0,0,0.0235294,0,0,0.0235294,0.369048,2.5,22442.9,1.0914,0.293885,0,0.066,0.862479,-0.504455,0.956335,,,SAT;RATE;LOWCORR,32.115
anim_repair_severe_interruption_offcube_01,v1.2,1.2,b7e804532df6,146,4.785,0,0,0,0,0,0,0.255172,2.5,16332.4,1.29582,0.27397,0,0.066,0.935071,0.488094,0.983786,,,RATE,10.207
anim_repair_severe_reaction_01,v1.2,1.2,b7e804532df6,231,7.59,0,0,0,0,0,0,0.0478261,2.5,9840.65,0.876613,0.65352,0,0.066,0.958847,0.50444,,,,,1.913
anim_repair_severe_reaction_02,v1.2,1.2,b7e804532df6,36,1.155,0,0,0,0,0,0,0.257143,2.5,11429.1,0.728303,0.102506,0,0.066,0.914269,-0.732521,0.936497,,,RATE;LOWCORR,25.286
anim_repair_severe_wakeup_01,v1.2,1.2,b7e804532df6,191,6.27,0,0,0,0,0,0,0.0526316,2.5,12134,0.751289,0.672572,0,0.066,0.801582,0.612993,,,,RATE,2.105
anim_rollblock_fail_01,v1.2,1.2,b7e804532df6,46,1.485,0,0,0,0,0,0,0,1.31249,2523.82,0.465316,0.525322,0,0.066,0.990652,,,,,,0
anim_rtc_react_01,v1.2,1.2,b7e804532df6,28,0.891,0,0,0,0,0,0,0,2.00583,7457.09,0.253658,0.0805116,0,0.066,0.907433,0.164533,,,,SHORT;LOWCORR,25
anim_rtpkeepaway_askforgame_01,v1.2,1.2,b7e804532df6,106,3.465,0,0,0,0,0,0,0.266667,2.5,18057.8,1.28047,0.0903971,0,0.066,0.931817,0.889918,,,,RATE,10.667
anim_rtpkeepaway_askforgame_02,v1.2,1.2,b7e804532df6,86,2.805,0,0,0,0,0,0,0.458824,2.5,19585.9,1.40465,0.0903971,0,0.066,0.931239,0.857464,,,,RATE,18.353
anim_rtpkeepaway_ideatoplay_01,v1.2,1.2,b7e804532df6,81,2.64,0,0,0,0,0,0,0.0625,2.5,12345.4,0.636844,0.604698,0,0.066,0.972035,,0.996956,,,RATE,2.5
anim_rtpkeepaway_ideatoplay_02,v1.2,1.2,b7e804532df6,97,3.168,0,0,0,0,0,0,0.0729167,2.5,11714.1,0.597198,0.531837,0,0.066,0.981418,-0.144352,,,,RATE;LOWCORR,17.917
anim_rtpkeepaway_ideatoplay_03,v1.2,1.2,b7e804532df6,75,2.442,0,0,0,0,0,0,0.121622,2.5,14321,0.717581,0.466636,0,0.066,0.975952,-0.105158,,,,RATE;LOWCORR,19.865
anim_rtpkeepaway_idle_01,v1.2,1.2,b7e804532df6,161,5.28,0,0,0,0,0,0,0,1.98848,3459.26,0.351016,0.0652019,0,0.0652019,0.979127,,0.991478,,,,0
anim_rtpkeepaway_idle_02,v1.2,1.2,b7e804532df6,106,3.465,0,0,0,0,0,0,0,1.28896,2337.53,0.269144,0.0447232,0,0.0270908,0.954392,,,,,,0
anim_rtpkeepaway_idle_03,v1.2,1.2,b7e804532df6,76,2.475,0,0,0,0,0,0,0,1.66818,4175.72,0.244726,0.0067997,0,0.0067997,0.95288,,,,,,0
anim_rtpkeepaway_playerno_01,v1.2,1.2,b7e804532df6,101,3.3,0,0,0,0,0,0,0.11,2.5,10537.2,1.05717,0.564643,0,0.066,0.966827,0.847452,0.977067,,,RATE,4.4
anim_rtpkeepaway_playerno_02,v1.2,1.2,b7e804532df6,141,4.62,0,0,0,0,0,0,0,2.21666,5871.22,0.451821,0.367187,0,0.066,0.945559,,,3.17558,10.9597,DYN,25
anim_rtpkeepaway_playerno_03,v1.2,1.2,b7e804532df6,127,4.158,0,0,0.165354,0,0,0.165354,0.111111,2.5,10156.1,0.972603,0.517077,0,0.066,0.801727,0.276062,,,,SAT;RATE;LOWCORR,35.98
anim_rtpkeepaway_playeryes_01,v1.2,1.2,b7e804532df6,72,2.343,0,0,0,0,0,0,0.0985915,2.5,8770.56,0.680679,0.466636,0,0.066,0.99079,0.336128,,,,RATE,3.944
anim_rtpkeepaway_playeryes_02,v1.2,1.2,b7e804532df6,87,2.838,0,0,0,0,0,0,0.0813953,2.5,13162.1,0.801956,0.466703,0,0.066,0.987982,0.55397,,,,RATE,3.256
anim_rtpkeepaway_playeryes_03,v1.2,1.2,b7e804532df6,86,2.805,0,0,0,0,0,0,0.0117647,2.5,11192.5,0.530421,0.492819,0,0.066,0.949533,0.206989,,,,LOWCORR,15.471
anim_rtpkeepaway_reacttocube_01,v1.2,1.2,b7e804532df6,21,0.66,0,0,0,0,0,0,0.3,2.5,22249.4,0.50373,0.0493646,0,0.0493646,0.907382,-0.0733688,,,,SHORT;RATE;LOWCORR,37
anim_rtpkeepaway_reacttocube_02,v1.2,1.2,b7e804532df6,35,1.122,0,0,0,0,0,0,0,2.04908,11331.8,0.217393,0,0,0,0.995934,-0.654706,,,,LOWCORR,15
anim_rtpkeepaway_reacttocube_03,v1.2,1.2,b7e804532df6,28,0.891,0,0,0,0,0,0,0,1.61182,4424.45,0.24429,0.0138603,0,0.00894976,0.996203,,,,,SHORT,10
anim_rtpmemorymatch_no_01,v1.2,1.2,b7e804532df6,71,2.31,0,0,0.408451,0,0,0.408451,0.128571,2.5,12524.1,1.12582,0.469569,0,0.066,0.889176,,,,,SAT;RATE,45.988
anim_rtpmemorymatch_no_02,v1.2,1.2,b7e804532df6,136,4.455,0,0,0,0,0,0,0.118519,2.5,14007,1.22713,0.606041,0,0.066,0.976818,0.450892,0.975082,,,RATE,4.741
anim_rtpmemorymatch_request_01,v1.2,1.2,b7e804532df6,66,2.145,0,0,0,0,0,0,0.584615,2.5,18125.4,1.82417,0.466408,0,0.066,0.92161,0.493282,0.937818,,,RATE,23.385
anim_rtpmemorymatch_request_02,v1.2,1.2,b7e804532df6,71,2.31,0,0,0,0,0,0,0.357143,2.5,18354.4,1.19,0.0805116,0,0.066,0.758434,0.940949,,,,RATE,14.286
anim_rtpmemorymatch_request_03,v1.2,1.2,b7e804532df6,71,2.31,0,0,0,0,0,0,0.357143,2.5,18354.4,1.19,0.0805116,0,0.066,0.758434,0.940949,,,,RATE,14.286
anim_rtpmemorymatch_yes_01,v1.2,1.2,b7e804532df6,36,1.155,0,0,0,0,0,0,0.228571,2.5,13640.2,0.858837,0.525021,0,0.066,0.98109,0.983812,,,,RATE,9.143
anim_rtpmemorymatch_yes_02,v1.2,1.2,b7e804532df6,46,1.485,0,0,0,0,0,0,0.244444,2.5,16341.6,0.757432,0.432462,0,0.066,0.935507,0.883184,,,,RATE,9.778
anim_rtpmemorymatch_yes_03,v1.2,1.2,b7e804532df6,26,0.825,0,0,0,0,0,0,0.16,2.5,11117.2,0.486475,0.488558,0,0.066,0.980919,,,,,SHORT;RATE,16.4
anim_rtpmemorymatch_yes_04,v1.2,1.2,b7e804532df6,71,2.31,0,0,0,0,0,0,0.1,2.5,11071.3,0.843692,0.391036,0,0.066,0.987338,0.827298,,,,RATE,4
anim_sdk_speak_01,v1.2,1.2,b7e804532df6,31,0.99,0,0,0,0,0,0,0,0.489806,2542.77,0.0502448,0.0670235,0,0.066,,,,,,,0
anim_sparking_driving_loop_01,v1.2,1.2,b7e804532df6,99,3.234,0,0,0,0,0,0,0,1.38643,2638.31,0.222952,0.0741385,0,0.066,0.995538,,,2.14526,5.9319,,0
anim_sparking_driving_loop_02,v1.2,1.2,b7e804532df6,100,3.267,0,0,0,0,0,0,0,1.43548,2342.4,0.427033,0.263718,0,0.066,0.914599,,,,,,0
anim_sparking_driving_loop_03,v1.2,1.2,b7e804532df6,100,3.267,0,0,0,0,0,0,0,1.10525,1002.61,0.217939,0.0785076,0,0.066,0.999049,,,,,,0
anim_sparking_driving_start_01,v1.2,1.2,b7e804532df6,25,0.792,0,0,0,0,0,0,0,1.85096,5113.74,0.276716,0.499853,0,0.066,0.993053,,,,,SHORT,10
anim_sparking_driving_stop_01,v1.2,1.2,b7e804532df6,32,1.023,0,0,0,0,0,0,0,1.40341,5958.09,0.218181,0.108716,0,0.066,0.887333,,,,,,0
anim_sparking_earnsparks_01,v1.2,1.2,b7e804532df6,106,3.465,0,0,0,0,0,0,0.238095,2.5,17890.7,1.21402,0.127172,0,0.066,0.968076,0.485509,0.914434,,,RATE,9.524
anim_sparking_fail_01,v1.2,1.2,b7e804532df6,81,2.64,0,0,0,0,0,0,0.05,2.5,8392.72,0.789921,0.148209,0,0.066,0.880878,-0.67452,0.989572,,,LOWCORR,17
anim_sparking_getin_01,v1.2,1.2,b7e804532df6,81,2.64,0,0,0,0,0,0,0.0875,2.5,8904.43,0.956137,0.519153,0,0.066,0.981383,-0.141876,0.964672,,,RATE;LOWCORR,18.5
anim_sparking_getout_01,v1.2,1.2,b7e804532df6,31,0.99,0,0,0,0,0,0,0.266667,2.5,9528.9,0.794331,0,0,0,0.99088,-0.8282,0.870202,,,RATE;LOWCORR,25.667
anim_sparking_idle_01,v1.2,1.2,b7e804532df6,100,3.267,0,0,0,0,0,0,0.040404,2.5,3405.41,0.783423,0.0143443,0,0.0143443,0.999173,,0.990287,,,,1.616
anim_sparking_idle_02,v1.2,1.2,b7e804532df6,100,3.267,0,0,0,0,0,0,0.0808081,2.5,6926.43,0.90336,0.0422347,0,0.0422347,0.991291,,0.990294,,,RATE,3.232
anim_sparking_idle_03,v1.2,1.2,b7e804532df6,196,6.435,0,0,0,0,0,0,0.0717949,2.5,7292.05,0.933313,0.466961,0,0.066,0.92879,,0.984906,,,RATE,2.872
anim_sparking_success_01,v1.2,1.2,b7e804532df6,47,1.518,0,0,0,0,0,0,0.0434783,2.5,9809.29,0.492421,0.541524,0,0.066,0.945272,0.691857,,,,,1.739
anim_sparking_success_02,v1.2,1.2,b7e804532df6,119,3.894,0,0,0,0,0,0,0.254237,2.5,18312.2,1.20946,0.541524,0,0.066,0.822531,0.855788,0.948528,,,RATE,10.169
anim_speedtap_ask2play_01,v1.2,1.2,b7e804532df6,28,0.891,0,0,0,0,0,0,0,1.78077,12597.2,0.207989,0.63554,0,0.066,0.97488,0.509724,,,,SHORT,10
anim_speedtap_drivingloop_01,v1.2,1.2,b7e804532df6,46,1.485,0,0,0,0,0,0,0,0.164209,340.449,0.0361424,0.019819,0,0.019819,0.992709,,,,,STATIC,50
anim_speedtap_drivingloop_02,v1.2,1.2,b7e804532df6,75,2.442,0,0,0,0,0,0,0,0.198003,482.055,0.0361444,0.019819,0,0.019819,0.780883,,,,,STATIC,50
anim_speedtap_enddriving_01,v1.2,1.2,b7e804532df6,21,0.66,0,0,0,0,0,0,0,0.437334,1270.52,0.0548387,0.000339866,0,0.000339866,,,,,,SHORT,10
anim_speedtap_findsplayer_01,v1.2,1.2,b7e804532df6,44,1.419,0,0,0,0,0,0,0,0.838171,3367.86,0.0830523,0.0767224,0,0.066,,,,2.28139,2.82771,,0
anim_speedtap_foundblock_01,v1.2,1.2,b7e804532df6,21,0.66,0,0,0,0,0,0,0.45,2.5,18120.6,0.885883,0.0805116,0,0.066,0.819412,,,,,SHORT;RATE,28
anim_speedtap_getout_01,v1.2,1.2,b7e804532df6,21,0.66,0,0,0,0,0,0,0,0.730775,3364.26,0.131277,0.252845,0,0.066,,,,,,SHORT,10
anim_speedtap_idle_01,v1.2,1.2,b7e804532df6,17,0.528,0,0,0,0,0,0,0,1.25146,4855.67,0.177817,0.120066,0,0.066,0.944631,0.942963,,,,SHORT,10
anim_speedtap_idle_02,v1.2,1.2,b7e804532df6,21,0.66,0,0,0,0,0,0,0,1.90135,6899.47,0.265011,0.210473,0,0.066,0.942328,,,,,SHORT,10
anim_speedtap_look4block_01,v1.2,1.2,b7e804532df6,40,1.287,0,0,0,0,0,0,0.25641,2.5,9448.37,0.959081,0.0554395,0,0.0554395,0.96044,0.0894578,0.988976,,,RATE;LOWCORR,25.256
anim_speedtap_lookatplayer,v1.2,1.2,b7e804532df6,41,1.32,0,0,0,0,0,0,0,1.76437,4547.34,0.256087,0.262895,0,0.066,0.95209,,,,,,0
anim_speedtap_losegame_intensity02_01,v1.2,1.2,b7e804532df6,243,7.986,0,0,0,0,0,0,0.0165289,2.5,2306.46,1.52566,0.295197,0,0.066,0.835197,0.783445,0.995585,,,,0.661
anim_speedtap_losegame_intensity02_02,v1.2,1.2,b7e804532df6,231,7.59,0,0,0,0,0,0,0.265217,2.5,15256.6,1.80516,0.554876,0,0.066,0.823946,0.660606,0.832328,,,RATE,10.609
anim_speedtap_losegame_intensity02_03,v1.2,1.2,b7e804532df6,351,11.55,0,0,0,0,0,0,0.117143,2.5,12346.7,1.93119,0.583042,0,0.066,0.860846,0.884238,0.958442,,,RATE,4.686
anim_speedtap_losegame_intensity03_01,v1.2,1.2,b7e804532df6,144,4.719,0,0,0.0763889,0,0,0.0763889,0.342657,2.5,20789.9,1.51801,0.655621,0,0.066,0.807311,0.615174,0.99394,,,SAT;RATE,21.345
anim_speedtap_losegame_intensity03_02,v1.2,1.2,b7e804532df6,351,11.55,0,0,0,0,0,0,0.271429,2.5,16877.7,2.36534,0.577112,0,0.066,0.73636,0.742038,0.966873,,,RATE,10.857
anim_speedtap_losegame_intensity03_03,v1.2,1.2,b7e804532df6,301,9.9,0,0,0.013289,0,0,0.013289,0.213333,2.5,17387.8,1.87431,0.491224,0,0.066,0.492237,0.780398,0.958594,,,SAT;RATE,9.862
anim_speedtap_losehand_01,v1.2,1.2,b7e804532df6,15,0.462,0,0,0,0,0,0,0,1.1191,3535.9,0.184955,0.328264,0,0.066,0.8388,0.82071,,,,SHORT,10
anim_speedtap_losehand_02,v1.2,1.2,b7e804532df6,21,0.66,0,0,0,0,0,0,0.15,2.5,14021.8,0.467737,0.252845,0,0.066,0.978164,0.644678,,,,SHORT;RATE,16
anim_speedtap_losehand_03,v1.2,1.2,b7e804532df6,11,0.33,0,0,0,0,0,0,0,0.430739,1484.22,0.0635351,0.0405731,0,0.0405731,0.877882,0.959061,,,,TINY;SHORT,20
anim_speedtap_loseround_intensity01_01,v1.2,1.2,b7e804532df6,70,2.277,0,0,0,0,0,0,0.0434783,2.5,7892.34,1.19328,0.502249,0,0.066,0.976819,0.695819,,,,,1.739
anim_speedtap_loseround_intensity02_01,v1.2,1.2,b7e804532df6,70,2.277,0,0,0,0,0,0,0.0434783,2.5,7892.34,1.19328,0.502249,0,0.066,0.976819,0.695819,,,,,1.739
anim_speedtap_loseround_intensity02_02,v1.2,1.2,b7e804532df6,70,2.277,0,0,0,0,0,0,0.0434783,2.5,7892.34,1.19328,0.502249,0,0.066,0.976819,0.695819,,3.59777,9.23948,DYN,26.739
anim_speedtap_player_idle_01,v1.2,1.2,b7e804532df6,60,1.947,0,0,0,0,0,0,0,0.972333,2447.29,0.216772,0.00431836,0,0.00431836,0.993892,,,,,,0
anim_speedtap_playerno_01,v1.2,1.2,b7e804532df6,45,1.452,0,0,0.755556,0,0,0.755556,0.159091,2.5,14719.5,0.911962,0.12416,0,0.066,0.897888,,,,,SAT;RATE,81.919
anim_speedtap_playeryes_01,v1.2,1.2,b7e804532df6,21,0.66,0,0,0,0,0,0,0.1,2.5,11817.8,0.390619,0.624049,0,0.066,0.966276,,,,,SHORT;RATE,14
anim_speedtap_startdriving_01,v1.2,1.2,b7e804532df6,15,0.462,0,0,0,0,0,0,0,1.06461,3847.25,0.141863,0.0780836,0,0.066,,,,,,SHORT,10
anim_speedtap_tap_01,v1.2,1.2,b7e804532df6,21,0.66,0,0,0,0,0,0,0.25,2.5,14888.6,0.575168,0.222533,0,0.066,0.883867,0.943506,,,,SHORT;RATE,20
anim_speedtap_tap_02,v1.2,1.2,b7e804532df6,11,0.33,0,0,0,0,0,0,0.3,2.5,36869.9,0.388312,0,0,0,0.896742,0.381931,,,,TINY;SHORT;RATE,32
anim_speedtap_tap_03,v1.2,1.2,b7e804532df6,11,0.33,0,0,0,0,0,0,0.5,2.5,22349.9,0.539486,0,0,0,0.971793,0.943481,,,,TINY;SHORT;RATE,40
anim_speedtap_wait_long,v1.2,1.2,b7e804532df6,61,1.98,0,0,0,0,0,0,0,1.30449,2338.01,0.338328,0.0270908,0,0.0270908,,,,,,,0
anim_speedtap_wait_medium_02,v1.2,1.2,b7e804532df6,31,0.99,0,0,0,0,0,0,0,0.76933,4257.48,0.162549,0.0771588,0,0.066,,,,,,,0
anim_speedtap_wait_medium_03,v1.2,1.2,b7e804532df6,31,0.99,0,0,0,0,0,0,0,1.57973,3684.8,0.245375,0,0,0,0.917538,,,,,,0
anim_speedtap_wait_short,v1.2,1.2,b7e804532df6,11,0.33,0,0,0,0,0,0,0,0.24362,1699.53,0.0229646,0,0,0,,,,,,TINY;SHORT;STATIC,70
anim_speedtap_wingame_intensity02_01,v1.2,1.2,b7e804532df6,211,6.93,0,0,0,0,0,0,0.457143,2.5,19959.4,2.10298,0.653308,0,0.066,0.716232,0.607608,0.930661,,,RATE,18.286
anim_speedtap_wingame_intensity02_02,v1.2,1.2,b7e804532df6,46,1.485,0,0,0,0,0,0,0.555556,2.5,19865.7,1.35702,0.589289,0,0.066,0.73867,0.784865,,,,RATE,22.222
anim_speedtap_wingame_intensity02_03,v1.2,1.2,b7e804532df6,111,3.63,0,0,0,0,0,0,0.2,2.5,14481.4,1.39772,0.53714,0,0.066,0.748138,0.902366,0.985276,,,RATE,8
anim_speedtap_wingame_intensity02_04,v1.2,1.2,b7e804532df6,141,4.62,0,0,0,0,0,0,0.35,2.5,30733.7,1.52074,0.532636,0,0.066,0.927734,0.792879,0.957013,,,RATE,14
anim_speedtap_wingame_intensity03_01,v1.2,1.2,b7e804532df6,46,1.485,0,0,0,0,0,0,0.555556,2.5,19865.7,1.35702,0.589289,0,0.066,0.73867,0.784865,,,,RATE,22.222
anim_speedtap_wingame_intensity03_02,v1.2,1.2,b7e804532df6,126,4.125,0,0,0,0,0,0,0.48,2.5,25365.7,1.7574,0.466975,0,0.066,0.707199,0.854054,0.894775,,,RATE,19.2
anim_speedtap_wingame_intensity03_03,v1.2,1.2,b7e804532df6,116,3.795,0,0,0,0,0,0,0.286957,2.5,18157.2,1.63482,0.466975,0,0.066,0.947985,0.830989,0.874999,7.03298,21.1755,RATE;DYN,36.478
anim_speedtap_winhand_01,v1.2,1.2,b7e804532df6,18,0.561,0,0,0,0,0,0,0,2.01106,9487.7,0.258744,0.364669,0,0.066,0.91921,-0.766052,,,,SHORT;LOWCORR,25
anim_speedtap_winhand_02,v1.2,1.2,b7e804532df6,18,0.561,0,0,0,0,0,0,0,1.66422,8892.89,0.24196,0.528,0,0.066,0.885125,0.854411,,,,SHORT,10
anim_speedtap_winhand_03,v1.2,1.2,b7e804532df6,12,0.363,0,0,0,0,0,0,0,1.85885,8119.94,0.25465,0.0353614,0,0.0353614,0.949338,-0.94814,,,,TINY;SHORT;LOWCORR,35
anim_speedtap_winround_intensity01_01,v1.2,1.2,b7e804532df6,21,0.66,0,0,0,0,0,0,0.3,2.5,14078.4,0.540295,0.422079,0,0.066,0.95587,0.245593,,,,SHORT;RATE;LOWCORR,37
anim_speedtap_winround_intensity02_01,v1.2,1.2,b7e804532df6,100,3.267,0,0,0,0,0,0,0.242424,2.5,17059.5,1.62755,0.628574,0,0.066,0.8174,0.777954,,,,RATE,9.697
anim_speedtap_winround_intensity02_02,v1.2,1.2,b7e804532df6,93,3.036,0,0,0,0,0,0,0.184783,2.5,11797,1.48185,0.395481,0,0.066,0.915263,0.846489,,,,RATE,7.391
anim_test_shiver,v1.2,1.2,b7e804532df6,7,0.198,0,0,0,0,0,0,0,2.27844,1370.88,0.420146,0,0,0,,,,,,TINY;SHORT,20
anim_upgrade_reaction_lift_01,v1.2,1.2,b7e804532df6,171,5.61,0,0,0,0,0,0,0.0882353,2.5,9288.43,0.760653,0.0778059,0,0.066,0.93793,0.440495,0.992022,,,RATE,3.529
anim_upgrade_reaction_tracks_01,v1.2,1.2,b7e804532df6,101,3.3,0,0,0,0,0,0,0.23,2.5,14360.2,0.959468,0.521319,0,0.066,0.894592,,0.988185,,,RATE,9.2
anim_vc_alrighty_01,v1.2,1.2,b7e804532df6,45,1.452,0,0,0,0,0,0,0.25,2.5,18292.6,0.600655,0.532569,0,0.066,0.880116,,,,,RATE,10
anim_vc_laser_lookdown_01,v1.2,1.2,b7e804532df6,22,0.693,0,0,0,0,0,0,0.333333,2.5,18333.7,0.755129,0,0,0,0.851831,,,,,SHORT;RATE,23.333
anim_vc_listening_01,v1.2,1.2,b7e804532df6,201,6.6,0,0,0,0,0,0,0.065,2.5,10542.2,0.931652,0.0805116,0,0.066,0.933883,0.680548,0.940977,,,RATE,2.6
anim_vc_reaction_alreadyhere_01_head_angle_-20,v1.2,1.2,b7e804532df6,116,3.795,0,0,0,0,0,0,0.313043,2.5,15111.8,1.07031,0.4922,0,0.066,0.928829,0.041591,0.975993,,,RATE;LOWCORR,27.522
anim_vc_reaction_alreadyhere_01_head_angle_20,v1.2,1.2,b7e804532df6,116,3.795,0,0,0,0,0,0,0.156522,2.5,11501.5,1.07031,0.4922,0,0.066,0.964541,0.808885,0.975993,,,RATE,6.261
anim_vc_reaction_alreadyhere_01_head_angle_40,v1.2,1.2,b7e804532df6,116,3.795,0,0,0,0,0,0,0.13913,2.5,10950.8,1.07031,0.4922,0,0.066,0.960872,0.838361,0.975993,,,RATE,5.565
anim_vc_reaction_nofaceheardyou_01,v1.2,1.2,b7e804532df6,289,9.504,0,0,0,0,0,0,0.121528,2.5,12247.1,1.1547,0.522577,0,0.066,0.94765,0.945294,0.246591,,,RATE;LOWCORR,19.861
anim_vc_reaction_nofaceheardyou_getout_01,v1.2,1.2,b7e804532df6,24,0.759,0,0,0,0,0,0,0.130435,2.5,17491,0.4843,0.0805116,0,0.066,0.938849,,,,,SHORT;RATE,15.217
anim_vc_reaction_whatwasthat_01,v1.2,1.2,b7e804532df6,84,2.739,0,0,0,0,0,0,0.120482,2.5,11057.7,0.727496,0.220313,0,0.066,0.981073,0.835165,0.904006,,,RATE,4.819
anim_vc_reaction_yesfaceheardyou_01_head_angle_-20,v1.2,1.2,b7e804532df6,131,4.29,0,0,0.00763359,0,0,0.00763359,0.176923,2.5,10662.2,1.05022,0.361895,0,0.066,0.925599,-0.0638452,0.962624,,,RATE;LOWCORR,22.84
anim_vc_reaction_yesfaceheardyou_01_head_angle_20,v1.2,1.2,b7e804532df6,131,4.29,0,0,0,0,0,0,0.123077,2.5,13028,0.946162,0.361895,0,0.066,0.978508,0.349693,0.962624,,,RATE,4.923
anim_vc_reaction_yesfaceheardyou_01_head_angle_40,v1.2,1.2,b7e804532df6,131,4.29,0,0,0,0,0,0,0.146154,2.5,12932.8,0.946162,0.361895,0,0.066,0.966038,0.831777,0.962624,,,RATE,5.846
anim_vc_refuse_energy_01,v1.2,1.2,b7e804532df6,136,4.455,0,0,0.0735294,0,0,0.0735294,0.148148,2.5,12446.2,1.1965,0.50322,0,0.066,0.982951,,0.986898,,,SAT;RATE,13.279
anim_vc_refuse_nosparks_01,v1.2,1.2,b7e804532df6,101,3.3,0,0,0,0,0,0,0.17,2.5,13968.6,0.897499,0.151727,0,0.066,0.946014,0.20666,0.983296,,,RATE;LOWCORR,21.8
anim_vc_refuse_repair_01,v1.2,1.2,b7e804532df6,193,6.336,0,0,0,0,0,0,0.0520833,2.5,11493.2,0.731421,0.636819,0,0.066,0.947272,0.427426,0.950753,,,RATE,2.083
anim_workout_highenergy_getin_01,v1.2,1.2,b7e804532df6,54,1.749,0,0,0,0,0,0,0.396226,2.5,16174.2,0.867634,0.497127,0,0.066,0.892563,-0.305035,,,,RATE;LOWCORR,30.849
anim_workout_highenergy_getout_01,v1.2,1.2,b7e804532df6,197,6.468,0,0,0.0203046,0,0,0.0203046,0.372449,2.5,21965.2,1.6355,0.547355,0,0.066,0.765313,0.696969,0.92599,,,SAT;RATE,16.928
anim_workout_highenergy_getready_01,v1.2,1.2,b7e804532df6,122,3.993,0,0,0,0,0,0,0.0743802,2.5,5374.77,1.38508,0.583878,0,0.066,0.965636,0.805556,,,,RATE,2.975
anim_workout_highenergy_strong_01,v1.2,1.2,b7e804532df6,41,1.32,0,0,0,0,0,0,0.25,2.5,17181.4,0.900291,0.314052,0,0.066,0.974086,0.514955,,,,RATE,10
anim_workout_highenergy_trans_01,v1.2,1.2,b7e804532df6,59,1.914,0,0,0,0,0,0,0.155172,2.5,12990,0.949047,0.175679,0,0.066,0.964939,0.951272,,,,RATE,6.207
anim_workout_highenergy_weak_01,v1.2,1.2,b7e804532df6,55,1.782,0,0,0,0,0,0,0.0925926,2.5,8999.13,0.637224,0.347727,0,0.066,0.985834,0.652306,,,,RATE,3.704
anim_workout_lowenergy_getin_01,v1.2,1.2,b7e804532df6,62,2.013,0,0,0,0,0,0,0.0491803,2.5,8361.82,0.905836,0.623721,0,0.066,0.96306,0.110392,,,,LOWCORR,16.967
anim_workout_lowenergy_getout_01,v1.2,1.2,b7e804532df6,331,10.89,0,0,0,0,0,0,0.0333333,2.5,8002.08,0.864552,0.694314,0,0.066,0.987893,0.961624,0.99044,,,,1.333
anim_workout_lowenergy_getout_02,v1.2,1.2,b7e804532df6,180,5.907,0,0,0,0,0,0,0.0726257,2.5,9515.94,0.752528,0.603911,0,0.066,0.924895,0.485419,,,,RATE,2.905
anim_workout_lowenergy_getready_01,v1.2,1.2,b7e804532df6,127,4.158,0,0,0,0,0,0,0.0396825,2.5,4302.01,1.10444,0.0561295,0,0.0561295,0.966174,0.344984,,,,,1.587
anim_workout_lowenergy_strong_01,v1.2,1.2,b7e804532df6,158,5.181,0,0,0,0,0,0,0.00636943,2.5,6544.05,0.763185,0.571114,0,0.066,0.970706,0.457237,,,,,0.255
anim_workout_lowenergy_trans_01,v1.2,1.2,b7e804532df6,66,2.145,0,0,0,0,0,0,0,2.18623,5718.09,0.514372,0.382978,0,0.066,0.99315,0.318448,,,,,0
anim_workout_lowenergy_weak_01,v1.2,1.2,b7e804532df6,146,4.785,0,0,0,0,0,0,0.0482759,2.5,8825.8,0.716427,0.45975,0,0.066,0.985363,0.22737,,,,LOWCORR,16.931
anim_workout_mediumenergy_getin_01,v1.2,1.2,b7e804532df6,42,1.353,0,0,0,0,0,0,0,1.48779,6240.6,0.235048,0.0355527,0,0.0185348,0.982595,0.285135,,,,LOWCORR,15
anim_workout_mediumenergy_getout_01,v1.2,1.2,b7e804532df6,131,4.29,0,0,0,0,0,0,0.1,2.5,8607.17,1.09154,0.474637,0,0.066,0.906735,0.988467,0.998115,,,RATE,4
anim_workout_mediumenergy_getready_01,v1.2,1.2,b7e804532df6,51,1.65,0,0,0,0,0,0,0.08,2.5,8345.75,0.945533,0.48157,0,0.066,0.56471,0.942356,,,,RATE,3.2
anim_workout_mediumenergy_strong_01,v1.2,1.2,b7e804532df6,71,2.31,0,0,0,0,0,0,0.157143,2.5,9711.18,1.10364,0.470308,0,0.066,0.945616,0.742842,,,,RATE,6.286
anim_workout_mediumenergy_trans_01,v1.2,1.2,b7e804532df6,71,2.31,0,0,0,0,0,0,0.1,2.5,12712.8,0.83212,0.264,0,0.066,0.984171,0.659371,,,,RATE,4
anim_workout_mediumenergy_weak_01,v1.2,1.2,b7e804532df6,71,2.31,0,0,0,0,0,0,0.142857,2.5,12976.9,0.711247,0.328485,0,0.066,0.984099,0.731506,,,,RATE,5.714
