clip_name,run,mapping_version,constants_sha1,T,dur_s,sat_j1,sat_j2,sat_j3,sat_j4,sat_j5,sat_max,rate_cap_frac,max_rate,jerk_rms,range_max_rad,light_range,light_step_per_s,light_max_step,r_head,r_lift,r_yaw,dyn_rms_deg,dyn_max_deg,flags,severity
anim_bored_01,v1.3,1.3,a49d0111c5bb,34,1.089,0,0,0,0,0,0,0.272727,1.8,6581.47,0.779999,0.608947,0,0.0264,0.911554,0.927936,,3.01207,7.08647,RATE;DYN,35.909
anim_bored_02,v1.3,1.3,a49d0111c5bb,41,1.32,0,0,0,0,0,0,0.125,1.8,2934.95,0.691263,0.612145,0,0.0264,0.98025,0.762862,,,,RATE,5
anim_bored_event_01,v1.3,1.3,a49d0111c5bb,199,6.534,0,0,0,0,0,0,0.111111,1.8,4542.57,0.903556,0.325072,0,0.0253339,0.985192,0.669335,0.943687,,,RATE,4.444
anim_bored_event_02,v1.3,1.3,a49d0111c5bb,151,4.95,0,0,0,0,0,0,0.133333,1.8,4736.02,0.861105,0,0,0,0.97903,0.517539,0.99768,,,RATE,5.333
anim_bored_event_03,v1.3,1.3,a49d0111c5bb,314,10.329,0,0,0,0,0,0,0.115016,1.8,4625.06,0.997205,0.570376,0,0.0264,0.959435,0.0372389,0.934126,,,RATE;LOWCORR,19.601
anim_bored_event_04,v1.3,1.3,a49d0111c5bb,369,12.144,0,0,0,0,0,0,0.0815217,1.8,5496.97,1.04121,0,0,0,0.953755,0.334569,0.757663,,,RATE,3.261
anim_bored_getout_01,v1.3,1.3,a49d0111c5bb,45,1.452,0,0,0,0,0,0,0.386364,1.8,7388.69,0.914075,0.619925,0,0.0264,0.7824,,,,,RATE,15.455
anim_bored_getout_02,v1.3,1.3,a49d0111c5bb,41,1.32,0,0,0,0,0,0,0,1.20897,3946.52,0.407437,0.337327,0,0.0216282,0.931185,0.0209078,,,,LOWCORR,15
anim_bouncer_getin_01,v1.3,1.3,a49d0111c5bb,161,5.28,0,0,0,0,0,0,0,0.550856,316.202,0.0681888,0.664507,0,0.0264,,,,,,,0
anim_bouncer_getout_01,v1.3,1.3,a49d0111c5bb,81,2.64,0,0,0,0,0,0,0.25,1.8,5983.45,0.969778,0.0235286,0,0.00372922,0.77469,,0.975555,,,RATE,10
anim_bouncer_ideatoplay_01,v1.3,1.3,a49d0111c5bb,41,1.32,0,0,0,0,0,0,0.15,1.8,4240.87,0.581694,0,0,0,0.918087,-0.147252,0.991911,,,RATE;LOWCORR,21
anim_bouncer_intoscore_01,v1.3,1.3,a49d0111c5bb,90,2.937,0,0,0,0,0,0,0.168539,1.8,5742.24,0.860352,0.0415416,0,0.00312549,0.956202,,,,,RATE,6.742
anim_bouncer_intoscore_02,v1.3,1.3,a49d0111c5bb,121,3.96,0,0,0,0,0,0,0.266667,1.8,7013.13,0.947489,0.552936,0,0.0264,0.948615,0.653495,,,,RATE,10.667
anim_bouncer_intoscore_03,v1.3,1.3,a49d0111c5bb,251,8.25,0,0,0,0,0,0,0.044,1.8,3023.87,0.925377,0.0832232,0,0.00586796,0.974111,,,,,,1.76
anim_bouncer_requesttoplay_01,v1.3,1.3,a49d0111c5bb,101,3.3,0,0,0,0,0,0,0.1,1.8,4303.36,0.537502,0.542343,0,0.0264,0.109218,0.983332,0.919848,,,RATE;LOWCORR,19
anim_bouncer_rerequest_01,v1.3,1.3,a49d0111c5bb,101,3.3,0,0,0,0,0,0,0.1,1.8,4303.36,0.537502,0.54307,0,0.0264,0.109218,0.983332,0.919848,,,RATE;LOWCORR,19
anim_bouncer_timeout_01,v1.3,1.3,a49d0111c5bb,76,2.475,0,0,0,0,0,0,0.253333,1.8,5874.56,1.05748,0.485256,0,0.0264,0.725501,0.839698,0.915022,,,RATE,10.133
anim_bouncer_wait_01,v1.3,1.3,a49d0111c5bb,101,3.3,0,0,0,0,0,0,0,0.0191453,15.4946,0.00379626,0.0153156,0,0.0010516,,,,,,STATIC,50
anim_bouncer_wait_02,v1.3,1.3,a49d0111c5bb,101,3.3,0,0,0,0,0,0,0,0.0182607,17.4783,0.00361812,0.0049268,0,0.000348866,,,,2.31478,2.82642,STATIC,50
anim_bouncer_wait_03,v1.3,1.3,a49d0111c5bb,101,3.3,0,0,0,0,0,0,0,0.227932,358.933,0.0342835,0.0168724,0,0.00143296,,,,,,STATIC,50
anim_codelab_123go,v1.3,1.3,a49d0111c5bb,99,3.234,0,0,0,0,0,0,0.204082,1.8,7367.11,1.04908,0.0807948,0,0.00587237,0.910312,0.892611,0.984915,,,RATE,8.163
anim_codelab_bored_01,v1.3,1.3,a49d0111c5bb,198,6.501,0,0,0,0,0,0,0.111675,1.8,4554.23,0.903556,0.325065,0,0.0253338,0.984958,0.661487,0.942832,,,RATE,4.467
anim_codelab_chicken_01,v1.3,1.3,a49d0111c5bb,95,3.102,0,0,0,0,0,0,0.244681,1.8,6673.7,1.06514,1.15633e-05,0,8.9407e-07,0.934027,0.407436,0.87751,,,RATE,9.787
anim_codelab_chicken_01_head_angle_-20,v1.3,1.3,a49d0111c5bb,95,3.102,0,0,0,0,0,0,0.361702,1.8,6846.7,1.06514,1.15633e-05,0,8.9407e-07,0.887201,0.0871006,0.87751,,,RATE;LOWCORR,29.468
anim_codelab_chicken_01_head_angle_20,v1.3,1.3,a49d0111c5bb,95,3.102,0,0,0,0,0,0,0.255319,1.8,7501.4,1.06514,1.15633e-05,0,8.9407e-07,0.952123,0.502198,0.87751,,,RATE,10.213
anim_codelab_chicken_01_head_angle_40,v1.3,1.3,a49d0111c5bb,95,3.102,0,0,0,0,0,0,0.202128,1.8,6794.83,1.06514,1.15633e-05,0,8.9407e-07,0.963248,0.502198,0.87751,,,RATE,8.085
anim_codelab_cow_01_head_angle_-20,v1.3,1.3,a49d0111c5bb,321,10.56,0,0,0,0,0,0,0.1625,1.8,7236.37,1.02959,0.632144,0,0.0264,0.944599,-0.0446952,0.663851,,,RATE;LOWCORR,21.5
anim_codelab_cow_01_head_angle_20,v1.3,1.3,a49d0111c5bb,321,10.56,0,0,0,0,0,0,0.15,1.8,6674.61,1.05653,0.632144,0,0.0264,0.96149,-0.00470306,0.663851,,,RATE;LOWCORR,21
anim_codelab_cow_01_head_angle_40,v1.3,1.3,a49d0111c5bb,321,10.56,0,0,0,0,0,0,0.153125,1.8,6714.11,1.05655,0.632144,0,0.0264,0.961475,-0.0072648,0.663851,,,RATE;LOWCORR,21.125
anim_codelab_cubetap,v1.3,1.3,a49d0111c5bb,9,0.264,0,0,0,0,0,0,0.375,1.8,18398.5,0.30294,0,0,0,0.506829,-0.871626,,,,TINY;SHORT;RATE;LOWCORR,50
anim_codelab_duck_01,v1.3,1.3,a49d0111c5bb,189,6.204,0,0,0,0,0,0,0.25,1.8,6644.43,1.43142,0.497346,0,0.0264,0.471719,0.946419,0.780393,,,RATE,10
anim_codelab_elephant_01,v1.3,1.3,a49d0111c5bb,111,3.63,0,0,0,0,0,0,0.409091,1.8,8808.28,1.15148,0.0832264,0,0.00586337,0.655599,0.851845,0.756809,,,RATE,16.364
anim_codelab_frightenedcozmo_01,v1.3,1.3,a49d0111c5bb,101,3.3,0,0,0,0,0,0,0.02,1.8,3656.69,0.307383,0.0803182,0,0.00540417,0.945951,0.960868,,,,,0.8
anim_codelab_frog_01,v1.3,1.3,a49d0111c5bb,46,1.485,0,0,0,0,0,0,0.0888889,1.8,6578.03,0.427261,0.0808513,0,0.00613624,0.761889,0.119849,,,,RATE;LOWCORR,18.556
anim_codelab_getin_01,v1.3,1.3,a49d0111c5bb,133,4.356,0,0,0,0,0,0,0.0227273,1.8,3622.31,0.591288,0.0912884,0,0.00606871,0.962913,0.582542,,,,,0.909
anim_codelab_getout_01,v1.3,1.3,a49d0111c5bb,63,2.046,0,0,0,0,0,0,0.258065,1.8,5988.22,0.876778,0.0192491,0,0.00260842,0.86854,0.121406,0.963403,,,RATE;LOWCORR,25.323
anim_codelab_ghoulish_creeping_01,v1.3,1.3,a49d0111c5bb,66,2.145,0,0,0,0,0,0,0.0307692,1.8,4784.41,0.497326,0.334833,0,0.021614,0.98986,0.324112,,2.75661,6.93775,,1.231
anim_codelab_kitchen_eating_01,v1.3,1.3,a49d0111c5bb,131,4.29,0,0,0,0,0,0,0.0615385,1.8,3432.44,0.719734,0.273084,0,0.0145464,0.912455,0.914868,0.980768,,,RATE,2.462
anim_codelab_kitchen_yucky_01,v1.3,1.3,a49d0111c5bb,74,2.409,0,0,0,0,0,0,0.506849,1.8,9966.4,1.47089,0.549879,0,0.0264,0.684728,0.819837,0.785024,,,RATE,20.274
anim_codelab_lightshow_idle,v1.3,1.3,a49d0111c5bb,304,9.999,0,0,0,0,0,0,0.221122,1.8,7424.53,1.03339,0.575787,0,0.0264,0.933186,0.921877,0.927293,,,RATE,8.845
anim_codelab_magicfortuneteller_inquistive,v1.3,1.3,a49d0111c5bb,102,3.333,0,0,0,0,0,0,0.0990099,1.8,3430.07,0.83252,0.0358281,0,0.00255394,0.830081,0.983857,,,,RATE,3.96
anim_codelab_rooster_01_head_angle_20,v1.3,1.3,a49d0111c5bb,77,2.508,0,0,0,0,0,0,0.263158,1.8,5696.3,0.835834,0.170012,0,0.0131584,0.937282,0.227169,,,,RATE;LOWCORR,25.526
anim_codelab_rooster_01_head_angle_40,v1.3,1.3,a49d0111c5bb,77,2.508,0,0,0,0,0,0,0.223684,1.8,5383.97,0.830474,0.170012,0,0.0131584,0.940495,0.227169,,,,RATE;LOWCORR,23.947
anim_codelab_scarycozmo_01,v1.3,1.3,a49d0111c5bb,53,1.716,0,0,0,0,0,0,0,0.918313,1684.62,0.14197,0.410414,0,0.0264,0.786102,-0.587606,,,,LOWCORR,15
anim_codelab_sheep_01,v1.3,1.3,a49d0111c5bb,131,4.29,0,0,0,0,0,0,0.0384615,1.8,1884.19,0.659238,0.0830782,0,0.00605017,0.984111,,,,,,1.538
anim_codelab_staring_loop,v1.3,1.3,a49d0111c5bb,161,5.28,0,0,0,0,0,0,0,0.203696,226.416,0.0359466,0.170115,0,0.00772381,,,,,,STATIC,50
anim_codelab_tiger_01_head_angle_-20,v1.3,1.3,a49d0111c5bb,257,8.448,0,0,0,0,0,0,0.199219,1.8,7607.83,1.029,0.555948,0,0.0264,0.903546,-0.134663,0.86795,,,RATE;LOWCORR,22.969
anim_codelab_tiger_01_head_angle_20,v1.3,1.3,a49d0111c5bb,257,8.448,0,0,0,0,0,0,0.210938,1.8,7049.89,1.029,0.555948,0,0.0264,0.940919,0.200511,0.86795,,,RATE;LOWCORR,23.438
anim_codelab_tiger_01_head_angle_40,v1.3,1.3,a49d0111c5bb,257,8.448,0,0,0,0,0,0,0.191406,1.8,6854.47,1.029,0.555948,0,0.0264,0.948481,0.200511,0.86795,,,RATE;LOWCORR,22.656
anim_codelab_tinyorchestra_conducting,v1.3,1.3,a49d0111c5bb,185,6.072,0,0,0,0,0,0,0.173913,1.8,5885.02,1.11893,0.0431406,0,0.0023753,0.912014,0.971435,0.914945,,,RATE,6.957
anim_codelab_tinyorchestra_takataka_01,v1.3,1.3,a49d0111c5bb,20,0.627,0,0,0,0,0,0,0.210526,1.8,10983.2,0.306481,0.0810168,0,0.00598431,0.845503,0.763555,,,,SHORT;RATE,18.421
anim_codelab_vampirebite_01,v1.3,1.3,a49d0111c5bb,99,3.234,0,0,0.040404,0,0,0.040404,0.132653,1.8,7522.93,1.05779,0.449397,0,0.0264,0.857381,0.682734,0.917288,,,SAT;RATE,9.347
anim_codelab_zombiecrawl_01,v1.3,1.3,a49d0111c5bb,131,4.29,0,0,0,0,0,0,0.0384615,1.8,1884.19,0.659238,0.0830782,0,0.00605017,0.984111,,,,,,1.538
anim_cozmosays_app_getin,v1.3,1.3,a49d0111c5bb,35,1.122,0,0,0,0,0,0,0,1.305,3771.57,0.261511,0.0287901,0,0.00260466,0.872274,0.636528,,,,,0
anim_cozmosays_app_getout_01,v1.3,1.3,a49d0111c5bb,31,0.99,0,0,0,0,0,0,0.4,1.8,5184.86,0.858926,0,0,0,0.982899,-0.834346,0.73882,2.36866,4.42694,RATE;LOWCORR,31
anim_cozmosays_app_getout_02,v1.3,1.3,a49d0111c5bb,31,0.99,0,0,0,0,0,0,0.366667,1.8,5275.87,0.796228,0,0,0,0.982899,-0.834346,0.759116,,,RATE;LOWCORR,29.667
anim_cozmosays_badword_01_head_angle_-20,v1.3,1.3,a49d0111c5bb,81,2.64,0,0,0,0,0,0,0.1625,1.8,8449.71,0.879028,0.614434,0,0.0264,0.889681,-0.0523065,0.912311,,,RATE;LOWCORR,21.5
anim_cozmosays_badword_01_head_angle_20,v1.3,1.3,a49d0111c5bb,81,2.64,0,0,0,0,0,0,0.225,1.8,7626.96,0.879028,0.614434,0,0.0264,0.840888,0.934249,0.912311,,,RATE,9
anim_cozmosays_badword_01_head_angle_40,v1.3,1.3,a49d0111c5bb,81,2.64,0,0,0,0,0,0,0.225,1.8,7438.41,0.879028,0.614434,0,0.0264,0.891564,0.934249,0.912311,,,RATE,9
anim_cozmosays_badword_02_head_angle_-20,v1.3,1.3,a49d0111c5bb,90,2.937,0,0,0,0,0,0,0.292135,1.8,7950.4,0.838651,0.592463,0,0.0264,0.849141,-0.494395,0.891808,,,RATE;LOWCORR,26.685
anim_cozmosays_badword_02_head_angle_20,v1.3,1.3,a49d0111c5bb,90,2.937,0,0,0,0,0,0,0.303371,1.8,8192.84,0.838651,0.592463,0,0.0264,0.633388,0.969952,0.891808,,,RATE,12.135
anim_cozmosays_badword_02_head_angle_40,v1.3,1.3,a49d0111c5bb,90,2.937,0,0,0,0,0,0,0.247191,1.8,8223.77,0.838651,0.592463,0,0.0264,0.928786,0.969952,0.891808,,,RATE,9.888
anim_cozmosays_getin_long_01_head_angle_-20,v1.3,1.3,a49d0111c5bb,120,3.927,0,0,0,0,0,0,0.252101,1.8,5971.22,1.04196,0.573316,0,0.0264,0.861308,0.621627,,,,RATE,10.084
anim_cozmosays_getin_long_01_head_angle_20,v1.3,1.3,a49d0111c5bb,120,3.927,0,0,0,0,0,0,0.12605,1.8,5704.07,0.763132,0.573316,0,0.0264,0.92068,0.963775,,,,RATE,5.042
anim_cozmosays_getin_long_01_head_angle_40,v1.3,1.3,a49d0111c5bb,120,3.927,0,0,0,0,0,0,0.0504202,1.8,5141.27,0.536389,0.573316,0,0.0264,0.94653,0.970309,,,,RATE,2.017
anim_cozmosays_getin_medium_01,v1.3,1.3,a49d0111c5bb,93,3.036,0,0,0,0,0,0,0.184783,1.8,6641.43,0.67271,0.0961325,0,0.00503635,0.811175,0.490241,,,,RATE,7.391
anim_cozmosays_getin_medium_01_head_angle_-20,v1.3,1.3,a49d0111c5bb,93,3.036,0,0,0,0,0,0,0.228261,1.8,7333.84,0.794845,0.0961325,0,0.00503635,0.673482,0.551135,,,,RATE,9.13
anim_cozmosays_getin_medium_01_head_angle_20,v1.3,1.3,a49d0111c5bb,93,3.036,0,0,0,0,0,0,0.0326087,1.8,4981.51,0.497548,0.0961325,0,0.00503635,0.915472,0.922295,,,,,1.304
anim_cozmosays_getin_medium_01_head_angle_40,v1.3,1.3,a49d0111c5bb,93,3.036,0,0,0,0,0,0,0.0434783,1.8,5050.04,0.526394,0.0961325,0,0.00503635,0.916821,0.922295,,,,,1.739
anim_cozmosays_getin_short_01_head_angle_-20,v1.3,1.3,a49d0111c5bb,61,1.98,0,0,0,0,0,0,0.516667,1.8,11273.3,0.6202,0.0469583,0,0.00579023,0.702704,0.623994,,,,RATE,20.667
anim_cozmosays_getin_short_01_head_angle_20,v1.3,1.3,a49d0111c5bb,61,1.98,0,0,0,0,0,0,0.0666667,1.8,4030.92,0.750035,0.0469583,0,0.00579023,0.904872,0.990641,,,,RATE,2.667
anim_cozmosays_getin_short_01_head_angle_40,v1.3,1.3,a49d0111c5bb,61,1.98,0,0,0,0,0,0,0.0666667,1.8,3884.19,0.59295,0.0469583,0,0.00579023,0.932755,0.990641,,,,RATE,2.667
anim_cozmosays_getout_long_01_head_angle_-20,v1.3,1.3,a49d0111c5bb,34,1.089,0,0,0,0,0,0,0.515152,1.8,12274.2,0.737025,0.0303238,0,0.00387394,0.721134,0.148132,0.82551,5.43251,10.0621,RATE;LOWCORR;DYN,60.606
anim_cozmosays_getout_long_01_head_angle_20,v1.3,1.3,a49d0111c5bb,34,1.089,0,0,0,0,0,0,0.30303,1.8,10626.8,0.737025,0.0303238,0,0.00387394,0.817306,0.843909,0.82551,,,RATE,12.121
anim_cozmosays_getout_long_01_head_angle_40,v1.3,1.3,a49d0111c5bb,34,1.089,0,0,0,0,0,0,0.30303,1.8,10601,0.737025,0.0303238,0,0.00387394,0.804812,0.843909,0.82551,,,RATE,12.121
anim_cozmosays_getout_medium_01_head_angle_-20,v1.3,1.3,a49d0111c5bb,57,1.848,0,0,0,0,0,0,0.428571,1.8,9229.77,0.744729,0.0386025,0,0.00307584,0.383039,0.409836,0.717684,,,RATE,17.143
anim_cozmosays_getout_medium_01_head_angle_20,v1.3,1.3,a49d0111c5bb,57,1.848,0,0,0,0,0,0,0.375,1.8,8308.12,0.744729,0.0386025,0,0.00307584,0.626812,0.772342,0.717684,,,RATE,15
anim_cozmosays_getout_medium_01_head_angle_40,v1.3,1.3,a49d0111c5bb,57,1.848,0,0,0,0,0,0,0.375,1.8,8520.2,0.744729,0.0386025,0,0.00307584,0.732167,0.772342,0.717684,,,RATE,15
anim_cozmosays_getout_short_01,v1.3,1.3,a49d0111c5bb,41,1.32,0,0,0,0,0,0,0.4,1.8,9296.67,0.693752,0.431279,0,0.0264,0.894385,0.111657,,,,RATE;LOWCORR,31
anim_cozmosays_getout_short_01_head_angle_-20,v1.3,1.3,a49d0111c5bb,41,1.32,0,0,0,0,0,0,0.375,1.8,7795.27,0.653283,0.431279,0,0.0264,0.883832,-0.141608,,,,RATE;LOWCORR,30
anim_cozmosays_getout_short_01_head_angle_40,v1.3,1.3,a49d0111c5bb,41,1.32,0,0,0,0,0,0,0.65,1.8,7410.72,0.89397,0.431279,0,0.0264,0.414811,0.962137,,,,RATE,26
anim_cozmosays_speakloop_01,v1.3,1.3,a49d0111c5bb,31,0.99,0,0,0,0,0,0,0,0.0122245,18.5737,0.00240401,0.00917804,0,0.000904024,,,,,,STATIC,50
anim_cozmosays_speakloop_02,v1.3,1.3,a49d0111c5bb,31,0.99,0,0,0,0,0,0,0,0,0,0,0,0,0,,,,,,STATIC,50
anim_cozmosays_speakloop_03,v1.3,1.3,a49d0111c5bb,14,0.429,0,0,0,0,0,0,0,0.0906388,409.766,0.0117917,0.000219405,0,1.92523e-05,,,,,,TINY;SHORT;STATIC,70
anim_cozmosings_100_song_01,v1.3,1.3,a49d0111c5bb,304,9.999,0,0,0,0,0,0,0.221122,1.8,7424.53,1.03339,0.575787,0,0.0264,0.933186,0.921877,0.927293,,,RATE,8.845
anim_cozmosings_120_song_01,v1.3,1.3,a49d0111c5bb,261,8.58,0,0,0,0,0,0,0.311538,1.8,6964.21,1.76155,0.510235,0,0.0264,0.927968,0.966945,0.819811,,,RATE,12.462
anim_cozmosings_80_song_01,v1.3,1.3,a49d0111c5bb,376,12.375,0,0,0,0,0,0,0.274667,1.8,7603.76,0.915498,0.531705,0,0.0264,0.926731,0.135136,0.877021,,,RATE;LOWCORR,25.987
anim_cozmosings_getin_01,v1.3,1.3,a49d0111c5bb,251,8.25,0,0,0,0,0,0,0.356,1.8,6535.14,1.26174,0.633715,0,0.0264,0.891199,,0.987244,,,RATE,14.24
anim_cozmosings_getin_02,v1.3,1.3,a49d0111c5bb,182,5.973,0,0,0,0,0,0,0.0607735,1.8,4368.49,0.750906,0.349062,0,0.0264,0.956913,,,,,RATE,2.431
anim_cozmosings_getin_03,v1.3,1.3,a49d0111c5bb,161,5.28,0,0,0,0,0,0,0.11875,1.8,4951.89,1.04417,0.337841,0,0.0251932,0.977381,,0.957692,,,RATE,4.75
anim_cozmosings_getout_01,v1.3,1.3,a49d0111c5bb,66,2.145,0,0,0,0,0,0,0.0615385,1.8,5736.32,0.533857,0.506882,0,0.0264,0.916113,0.894693,,2.54624,8.17635,RATE,2.462
anim_dancing_mambo_01,v1.3,1.3,a49d0111c5bb,469,15.444,0,0,0.0426439,0,0,0.0426439,0.459402,1.8,9434.06,1.49858,0.566531,0,0.0264,0.839035,0.604575,0.732644,,,SAT;RATE,22.64
anim_dizzy_pickup_01,v1.3,1.3,a49d0111c5bb,80,2.607,0,0,0,0,0,0,0.164557,1.8,7120.01,0.597206,0.375178,0,0.0264,0.965841,0.0478112,,,,RATE;LOWCORR,21.582
anim_dizzy_pickup_02,v1.3,1.3,a49d0111c5bb,100,3.267,0,0,0,0,0,0,0.040404,1.8,4984.49,0.648714,0.359192,0,0.0264,0.878505,0.187119,0.901304,,,LOWCORR,16.616
anim_dizzy_pickup_03,v1.3,1.3,a49d0111c5bb,91,2.97,0,0,0,0,0,0,0.188889,1.8,6415.41,0.714616,0.63661,0,0.0264,0.954025,0.119428,,,,RATE;LOWCORR,22.556
anim_dizzy_reaction_hard_01,v1.3,1.3,a49d0111c5bb,377,12.408,0,0,0,0,0,0,0.0611702,1.8,3816.91,0.89263,0.505114,0,0.0264,0.966774,0.052312,0.964789,,,RATE;LOWCORR,17.447
anim_dizzy_reaction_medium_01,v1.3,1.3,a49d0111c5bb,276,9.075,0,0,0,0,0,0,0.0872727,1.8,5385.63,1.09296,0.649123,0,0.0264,0.951269,0.282858,0.959623,,,RATE;LOWCORR,18.491
anim_dizzy_reaction_medium_02,v1.3,1.3,a49d0111c5bb,201,6.6,0,0,0,0,0,0,0.135,1.8,5648.53,1.07008,0.223911,0,0.00999922,0.647764,0.127848,0.442308,,,RATE;LOWCORR,20.4
anim_dizzy_reaction_medium_03,v1.3,1.3,a49d0111c5bb,275,9.042,0,0,0,0,0,0,0.105839,1.8,5884.81,1.171,0.532792,0,0.0264,0.964391,0.840343,0.975859,,,RATE,4.234
anim_dizzy_reaction_soft_01,v1.3,1.3,a49d0111c5bb,163,5.346,0,0,0,0,0,0,0.12963,1.8,6947.85,0.814463,0.412652,0,0.0229834,0.854468,0.618058,0.858422,,,RATE,5.185
anim_dizzy_reaction_soft_02,v1.3,1.3,a49d0111c5bb,152,4.983,0,0,0,0,0,0,0.211921,1.8,7389.92,1.16648,0.491708,0,0.0264,0.941857,0.902433,0.930339,,,RATE,8.477
anim_dizzy_reaction_soft_03,v1.3,1.3,a49d0111c5bb,165,5.412,0,0,0,0,0,0,0.0731707,1.8,4714.64,1.09523,0.0815064,0,0.00518769,0.770883,-0.120347,0.951039,,,RATE;LOWCORR,17.927
anim_dizzy_shake_loop_01,v1.3,1.3,a49d0111c5bb,165,5.412,0,0,0,0,0,0,0,1.75459,2678.03,0.232389,0.0528491,0,0.00346756,0.154141,,,,,LOWCORR,15
anim_dizzy_shake_stop_01,v1.3,1.3,a49d0111c5bb,127,4.158,0,0,0,0,0,0,0,1.24598,5664.82,0.201212,0.124452,0,0.00649643,0.694993,0.22411,,,,LOWCORR,15
anim_driving_upset_end_01,v1.3,1.3,a49d0111c5bb,8,0.231,0,0,0,0,0,0,0,1.55425,1558.8,0.238785,0,0,0,0.991064,,,,,TINY;SHORT,20
anim_driving_upset_loop_01,v1.3,1.3,a49d0111c5bb,41,1.32,0,0,0,0,0,0,0,1.73114,2175.87,0.410611,0.340685,0,0.0264,0.990142,,,,,,0
anim_driving_upset_loop_02,v1.3,1.3,a49d0111c5bb,51,1.65,0,0,0,0,0,0,0,0.481992,948.401,0.0998718,0.0721113,0,0.00650722,0.848039,,,,,,0
anim_driving_upset_loop_03,v1.3,1.3,a49d0111c5bb,101,3.3,0,0,0,0,0,0,0,0.0660513,52.5197,0.0140487,0.0109269,0,0.000765234,,,,,,STATIC,50
anim_driving_upset_start_01,v1.3,1.3,a49d0111c5bb,13,0.396,0,0,0,0,0,0,0,0.440218,811.781,0.101621,0.3168,0,0.0264,,,,1.9917,2.49783,TINY;SHORT,20
anim_endmambo,v1.3,1.3,a49d0111c5bb,99,3.234,0,0,0.020202,0,0,0.020202,0.704082,1.8,13375.4,1.0029,0.566611,0,0.0264,0.868224,0.781797,,,,SAT;RATE,30.183
anim_energy_cubedone_01,v1.3,1.3,a49d0111c5bb,20,0.627,0,0,0,0,0,0,0.210526,1.8,10983.2,0.306481,0.0810168,0,0.00598431,0.845503,0.763555,,,,SHORT;RATE,18.421
anim_energy_cubedone_02,v1.3,1.3,a49d0111c5bb,38,1.221,0,0,0,0,0,0,0,1.20358,3321.25,0.338179,0.128489,0,0.00862068,0.894354,0.996931,,,,,0
anim_energy_cubedonelvl1_02,v1.3,1.3,a49d0111c5bb,38,1.221,0,0,0,0,0,0,0.486486,1.8,8972.45,0.936919,0.0925579,0,0.00719315,0.932324,0.521289,0.803061,,,RATE,19.459
anim_energy_cubedown_01,v1.3,1.3,a49d0111c5bb,56,1.815,0,0,0,0,0,0,0.436364,1.8,8282.43,0.958212,0.424879,0,0.0264,0.626133,0.284017,,,,RATE;LOWCORR,32.455
anim_energy_cubedown_02,v1.3,1.3,a49d0111c5bb,113,3.696,0,0,0,0,0,0,0.0357143,1.8,1986.15,0.702125,0.157767,0,0.0122958,0.994813,-0.0788416,,,,LOWCORR,16.429
anim_energy_cubedownlvl1_02,v1.3,1.3,a49d0111c5bb,73,2.376,0,0,0,0,0,0,0.486111,1.8,9509.83,0.948648,0.520333,0,0.0264,0.928214,0.508883,,,,RATE,19.444
anim_energy_cubedownlvl1_03,v1.3,1.3,a49d0111c5bb,93,3.036,0,0,0,0,0,0,0.141304,1.8,4612.83,0.625132,0.116761,0,0.00849402,0.959398,,,,,RATE,5.652
anim_energy_cubedownlvl2_02,v1.3,1.3,a49d0111c5bb,90,2.937,0,0,0,0,0,0,0.11236,1.8,4387.2,0.719053,0.331377,0,0.0223255,0.95607,,,,,RATE,4.494
anim_energy_cubedownlvl2_03,v1.3,1.3,a49d0111c5bb,65,2.112,0,0,0,0,0,0,0.125,1.8,5646.8,0.627181,0.347274,0,0.020925,0.78623,0.264361,,,,RATE;LOWCORR,20
anim_energy_cubenotfound_01,v1.3,1.3,a49d0111c5bb,83,2.706,0,0,0,0,0,0,0.182927,1.8,6978.2,0.663968,0.508105,0,0.0264,0.874368,0.0604726,0.984465,,,RATE;LOWCORR,22.317
anim_energy_cubenotfound_02,v1.3,1.3,a49d0111c5bb,116,3.795,0,0,0,0,0,0,0.147826,1.8,6032.21,0.726367,0.31303,0,0.0210515,0.905742,-0.178342,0.998571,,,RATE;LOWCORR,20.913
anim_energy_cubeshake_01,v1.3,1.3,a49d0111c5bb,119,3.894,0,0,0,0,0,0,0.29661,1.8,9635.25,1.09322,0.0551611,0,0.00471807,0.67587,0.776934,0.987244,,,RATE,11.864
anim_energy_cubeshake_02,v1.3,1.3,a49d0111c5bb,69,2.244,0,0,0.0724638,0,0,0.0724638,0.235294,1.8,6611.19,1.07632,0.255691,0,0.0181636,0.976993,0.852149,,,,SAT;RATE,16.658
anim_energy_cubeshake_lv2_02,v1.3,1.3,a49d0111c5bb,175,5.742,0,0,0,0,0,0,0,1.57096,1805.47,0.699119,0.295848,0,0.0214167,0.994851,,,,,,0
anim_energy_cubeshake_lv2_03,v1.3,1.3,a49d0111c5bb,174,5.709,0,0,0,0,0,0,0.0751445,1.8,4223.06,0.760093,0.443394,0,0.0264,0.979208,0.69522,,,,RATE,3.006
anim_energy_cubeshakelvl1_02,v1.3,1.3,a49d0111c5bb,106,3.465,0,0,0,0,0,0,0.352381,1.8,11471.8,1.30295,0.158643,0,0.0162237,0.840729,-0.10159,0.824385,,,RATE;LOWCORR,29.095
anim_energy_cubeshakelvl1_03,v1.3,1.3,a49d0111c5bb,131,4.29,0,0,0,0,0,0,0.0384615,1.8,1884.19,0.659238,0.0830782,0,0.00605017,0.984111,,,2.19704,4.03657,,1.538
anim_energy_drivegeout_01,v1.3,1.3,a49d0111c5bb,35,1.122,0,0,0,0,0,0,0,1.60496,4238.94,0.303828,0.0554979,0,0.00493869,0.917388,,,,,,0
anim_energy_drivegetin_01,v1.3,1.3,a49d0111c5bb,91,2.97,0,0,0,0,0,0,0,1.68244,2594.15,0.451701,0.170033,0,0.00830829,0.977961,,,,,,0
anim_energy_driveloop_01,v1.3,1.3,a49d0111c5bb,151,4.95,0,0,0,0,0,0,0,0.805308,1812.61,0.135108,0.0558439,0,0.00281391,0.860125,,,,,,0
anim_energy_driveloop_02,v1.3,1.3,a49d0111c5bb,104,3.399,0,0,0,0,0,0,0,1.29264,2319.08,0.233407,0.0915722,0,0.00789151,0.917658,,,,,,0
anim_energy_driveloop_03,v1.3,1.3,a49d0111c5bb,101,3.3,0,0,0,0,0,0,0,1.21855,1623.89,0.228477,0.0962149,0,0.00789961,0.961874,,,,,,0
anim_energy_eat_01,v1.3,1.3,a49d0111c5bb,421,13.86,0,0,0,0,0,0,0.107143,1.8,3587.71,1.42608,0.601765,0,0.0264,0.928743,0.963535,0.995563,,,RATE,4.286
anim_energy_eat_02,v1.3,1.3,a49d0111c5bb,262,8.613,0,0,0,0,0,0,0.203065,1.8,6778.91,1.50901,0.643298,0,0.0264,0.694393,0.943603,0.958897,,,RATE,8.123
anim_energy_eat_03,v1.3,1.3,a49d0111c5bb,254,8.349,0,0,0,0,0,0,0.106719,1.8,5089.5,1.02115,0.418577,0,0.0263383,0.977277,0.915147,,,,RATE,4.269
anim_energy_eat_04,v1.3,1.3,a49d0111c5bb,285,9.372,0,0,0,0,0,0,0.137324,1.8,4915.89,1.55103,0.585181,0,0.0195369,0.962874,0.916735,0.975416,,,RATE,5.493
anim_energy_eat_lvl1_03,v1.3,1.3,a49d0111c5bb,244,8.019,0,0,0,0,0,0,0.218107,1.8,7528.13,1.15569,0.62884,0,0.0264,0.853349,0.951648,0.728508,,,RATE,8.724
anim_energy_eat_lvl1_06,v1.3,1.3,a49d0111c5bb,272,8.943,0,0,0,0,0,0,0.0664207,1.8,4437.49,1.25173,0.542106,0,0.0264,0.954018,0.971452,0.948266,,,RATE,2.657
anim_energy_eat_lvl1_07,v1.3,1.3,a49d0111c5bb,300,9.867,0,0,0,0,0,0,0.133779,1.8,5004.89,1.6211,0.577178,0,0.0264,0.906568,0.986206,0.982564,,,RATE,5.351
anim_energy_eat_lvl1_08,v1.3,1.3,a49d0111c5bb,422,13.893,0,0,0,0,0,0,0.0997625,1.8,5954.74,1.72424,0.667103,0,0.0264,0.746195,0.892069,0.954751,,,RATE,3.99
anim_energy_eat_lvl1_09,v1.3,1.3,a49d0111c5bb,285,9.372,0,0,0,0,0,0,0.232394,1.8,7023.52,1.33836,0.649437,0,0.0264,0.910252,0.889502,0.849607,,,RATE,9.296
anim_energy_eat_lvl2_05,v1.3,1.3,a49d0111c5bb,241,7.92,0,0,0,0,0,0,0.141667,1.8,4062.21,1.1775,0.550624,0,0.0264,0.983611,0.823693,0.972307,,,RATE,5.667
anim_energy_failgetout_01,v1.3,1.3,a49d0111c5bb,56,1.815,0,0,0,0,0,0,0.327273,1.8,6029.06,0.714787,0.376213,0,0.0258965,0.934602,,,,,RATE,13.091
anim_energy_failgetout_02,v1.3,1.3,a49d0111c5bb,64,2.079,0,0,0,0,0,0,0.190476,1.8,6599.92,0.910676,0.0832204,0,0.00589412,0.949207,0.305329,,,,RATE,7.619
anim_energy_getin_01,v1.3,1.3,a49d0111c5bb,65,2.112,0,0,0,0,0,0,0.421875,1.8,9328.29,0.91252,0.568456,0,0.0264,0.976661,0.953346,,4.13142,8.43568,RATE;DYN,41.875
anim_energy_getout_01,v1.3,1.3,a49d0111c5bb,101,3.3,0,0,0,0,0,0,0.25,1.8,6569.13,0.865018,0.480691,0,0.0239747,0.948015,,,,,RATE,10
anim_energy_idlel1_01,v1.3,1.3,a49d0111c5bb,108,3.531,0,0,0,0,0,0,0,1.11261,1414.25,0.281008,0.0100767,0,0.000555038,0.964782,,,,,,0
anim_energy_idlel1_02,v1.3,1.3,a49d0111c5bb,101,3.3,0,0,0,0,0,0,0,1.01922,1039.02,0.237379,0,0,0,0.988761,,,,,,0
anim_energy_idlel1_03,v1.3,1.3,a49d0111c5bb,100,3.267,0,0,0,0,0,0,0,0.764128,541.431,0.252677,0.025115,0,0.00180006,0.984078,,,,,,0
anim_energy_idlel2_01_nohead,v1.3,1.3,a49d0111c5bb,99,3.234,0,0,0,0,0,0,0,0.359137,214.423,0.0988479,0.326064,0,0.0259545,,,,,,,0
anim_energy_idlel2_02_nohead,v1.3,1.3,a49d0111c5bb,151,4.95,0,0,0,0,0,0,0,1.10253,838.928,0.256963,0.0435408,0,0.00334138,,,,,,,0
anim_energy_idlel2_03_nohead,v1.3,1.3,a49d0111c5bb,99,3.234,0,0,0,0,0,0,0,0.249376,217.603,0.0548752,0.143727,0,0.0108488,,,,,,,0
anim_energy_idlel2_04,v1.3,1.3,a49d0111c5bb,113,3.696,0,0,0,0,0,0,0,0.891555,1054.54,0.201776,0.194615,0,0.0143903,0.974219,,,,,,0
anim_energy_idlel2_05,v1.3,1.3,a49d0111c5bb,126,4.125,0,0,0,0,0,0,0,1.14362,1191.32,0.250391,0.229679,0,0.0154723,0.984928,,,,,,0
anim_energy_idlel2_06,v1.3,1.3,a49d0111c5bb,99,3.234,0,0,0,0,0,0,0,1.0623,1040.56,0.208349,0.252714,0,0.0243982,0.970375,,,,,,0
anim_energy_idlel2_search_01,v1.3,1.3,a49d0111c5bb,99,3.234,0,0,0,0,0,0,0.0714286,1.8,4240.06,0.588483,0.339544,0,0.0264,0.933257,,,,,RATE,2.857
anim_energy_idlel2_search_02,v1.3,1.3,a49d0111c5bb,151,4.95,0,0,0,0,0,0,0,1.10253,2011.97,0.256963,0.0435408,0,0.00334138,0.862213,,,,,,0
anim_energy_idlel2_search_03,v1.3,1.3,a49d0111c5bb,99,3.234,0,0,0,0,0,0,0,1.19992,1945.46,0.213158,0.143727,0,0.0108488,0.864253,,,,,,0
anim_energy_liftoncube_01,v1.3,1.3,a49d0111c5bb,26,0.825,0,0,0,0,0,0,0.6,1.8,10966.9,0.957856,0,0,0,0.787642,0.898007,,,,SHORT;RATE,34
anim_energy_liftoncube_02,v1.3,1.3,a49d0111c5bb,31,0.99,0,0,0,0,0,0,0.466667,1.8,8313.26,1.07447,0,0,0,0.786058,0.926718,,,,RATE,18.667
anim_energy_react_stop_01,v1.3,1.3,a49d0111c5bb,113,3.696,0,0,0,0,0,0,0.133929,1.8,6240.11,0.658346,0.345531,0,0.0264,0.888248,,0.944739,,,RATE,5.357
anim_energy_reacttocliff_lv2_01,v1.3,1.3,a49d0111c5bb,108,3.531,0,0,0,0,0,0,0.130841,1.8,4100.72,0.837718,0.357426,0,0.0264,0.97779,,,,,RATE,5.234
anim_energy_requestlvlone_01,v1.3,1.3,a49d0111c5bb,131,4.29,0,0,0,0,0,0,0.0846154,1.8,5271.24,0.699919,0.0229356,0,0.00190878,0.974844,0.918924,,3.30189,9.63392,RATE;DYN,28.385
anim_energy_requestlvltwo_01,v1.3,1.3,a49d0111c5bb,146,4.785,0,0,0,0,0,0,0.131034,1.8,5176.7,0.990823,0.344048,0,0.0259001,0.971568,0.914341,,,,RATE,5.241
anim_energy_requestshortlvl1_01,v1.3,1.3,a49d0111c5bb,79,2.574,0,0,0,0,0,0,0.0384615,1.8,5712.08,0.556257,0.0404643,0,0.0031808,0.99018,0.968405,,,,,1.538
anim_energy_requestshortlvl2_01,v1.3,1.3,a49d0111c5bb,91,2.97,0,0,0,0,0,0,0.1,1.8,6855.6,0.662854,0.267104,0,0.0204263,0.98505,0.960446,,,,RATE,4
anim_energy_shortreact_lvl2_01,v1.3,1.3,a49d0111c5bb,46,1.485,0,0,0,0,0,0,0.222222,1.8,6977.92,0.552074,0.158564,0,0.0137657,0.877672,,,,,RATE,8.889
anim_energy_stuckonblock_lv2,v1.3,1.3,a49d0111c5bb,167,5.478,0,0,0,0,0,0,0.253012,1.8,6918.6,1.31744,0.171831,0,0.0152509,0.89826,0.578536,,,,RATE,10.12
anim_energy_successgetout_01,v1.3,1.3,a49d0111c5bb,34,1.089,0,0,0,0,0,0,0.454545,1.8,8655.57,0.67284,0.366245,0,0.0264,0.920468,0.786759,,,,RATE,18.182
anim_energy_successgetout_02,v1.3,1.3,a49d0111c5bb,76,2.475,0,0,0,0,0,0,0.573333,1.8,6750.76,1.90824,0.515541,0,0.0264,0.92275,-0.262434,0.804986,,,RATE;LOWCORR,37.933
anim_energy_wakeup_01,v1.3,1.3,a49d0111c5bb,129,4.224,0,0,0,0,0,0,0.0234375,1.8,2733.53,0.578711,0.350355,0,0.00984699,0.991157,,,,,,0.938
anim_explorer_driving01_end_01_head_angle_-10,v1.3,1.3,a49d0111c5bb,11,0.33,0,0,0,0,0,0,0,0.318303,1047.66,0.0528091,0.0407993,0,0.00435573,,,,,,TINY;SHORT,20
anim_explorer_driving01_end_01_head_angle_-20,v1.3,1.3,a49d0111c5bb,11,0.33,0,0,0,0,0,0,0,0.318303,1047.66,0.0528091,0.0407993,0,0.00435573,,,,,,TINY;SHORT,20
anim_explorer_driving01_end_01_head_angle_10,v1.3,1.3,a49d0111c5bb,11,0.33,0,0,0,0,0,0,0,0.318303,1047.66,0.0528091,0.0407993,0,0.00435573,,,,,,TINY;SHORT,20
anim_explorer_driving01_end_01_head_angle_20,v1.3,1.3,a49d0111c5bb,11,0.33,0,0,0,0,0,0,0,0.318303,1047.66,0.0528091,0.0407993,0,0.00435573,,,,,,TINY;SHORT,20
anim_explorer_driving01_end_01_head_angle_30,v1.3,1.3,a49d0111c5bb,11,0.33,0,0,0,0,0,0,0,0.318303,1047.66,0.0528091,0.0407993,0,0.00435573,,,,,,TINY;SHORT,20
anim_explorer_driving01_end_01_head_angle_40,v1.3,1.3,a49d0111c5bb,11,0.33,0,0,0,0,0,0,0,0.318303,1047.66,0.0528091,0.0407993,0,0.00435573,,,,,,TINY;SHORT,20
anim_explorer_driving01_loop_01_head_angle_-10,v1.3,1.3,a49d0111c5bb,58,1.881,0,0,0,0,0,0,0,0.530221,1004.61,0.169389,0.0619276,0,0.00472903,,,,,,,0
anim_explorer_driving01_loop_01_head_angle_-20,v1.3,1.3,a49d0111c5bb,58,1.881,0,0,0,0,0,0,0,0.530221,1004.61,0.169389,0.0619276,0,0.00472903,,,,,,,0
anim_explorer_driving01_loop_01_head_angle_10,v1.3,1.3,a49d0111c5bb,58,1.881,0,0,0,0,0,0,0,0.530221,1004.61,0.169389,0.0619276,0,0.00472903,,,,,,,0
anim_explorer_driving01_loop_01_head_angle_20,v1.3,1.3,a49d0111c5bb,58,1.881,0,0,0,0,0,0,0,0.530221,1004.61,0.169389,0.0619276,0,0.00472903,,,,2.29025,2.84728,,0
anim_explorer_driving01_loop_01_head_angle_30,v1.3,1.3,a49d0111c5bb,58,1.881,0,0,0,0,0,0,0,0.530221,1004.61,0.169389,0.0619276,0,0.00472903,,,,,,,0
anim_explorer_driving01_loop_01_head_angle_40,v1.3,1.3,a49d0111c5bb,58,1.881,0,0,0,0,0,0,0,0.530221,1004.61,0.169389,0.0619276,0,0.00472903,,,,,,,0
anim_explorer_driving01_loop_02_head_angle_-10,v1.3,1.3,a49d0111c5bb,75,2.442,0,0,0,0,0,0,0,0.0940654,76.6059,0.0147427,0.0100782,0,0.000769258,,,,,,STATIC,50
anim_explorer_driving01_loop_02_head_angle_-20,v1.3,1.3,a49d0111c5bb,75,2.442,0,0,0,0,0,0,0,0.0940654,76.6059,0.0147427,0.0100782,0,0.000769258,,,,,,STATIC,50
anim_explorer_driving01_loop_02_head_angle_10,v1.3,1.3,a49d0111c5bb,75,2.442,0,0,0,0,0,0,0,0.0940654,76.6059,0.0147427,0.0100782,0,0.000769258,,,,,,STATIC,50
anim_explorer_driving01_loop_02_head_angle_20,v1.3,1.3,a49d0111c5bb,75,2.442,0,0,0,0,0,0,0,0.0940654,76.6059,0.0147427,0.0100782,0,0.000769258,,,,,,STATIC,50
anim_explorer_driving01_loop_02_head_angle_30,v1.3,1.3,a49d0111c5bb,75,2.442,0,0,0,0,0,0,0,0.0940654,76.6059,0.0147427,0.0100782,0,0.000769258,,,,,,STATIC,50
anim_explorer_driving01_loop_02_head_angle_40,v1.3,1.3,a49d0111c5bb,75,2.442,0,0,0,0,0,0,0,0.0940654,76.6059,0.0147427,0.0100782,0,0.000769258,,,,,,STATIC,50
anim_explorer_driving01_loop_03_head_angle_-10,v1.3,1.3,a49d0111c5bb,101,3.3,0,0,0,0,0,0,0,1.485,2676.38,0.17396,0.0695143,0,0.00465733,,,,,,,0
anim_explorer_driving01_loop_03_head_angle_-20,v1.3,1.3,a49d0111c5bb,101,3.3,0,0,0,0,0,0,0,1.485,2676.38,0.17396,0.0695143,0,0.00465733,,,,,,,0
anim_explorer_driving01_loop_03_head_angle_10,v1.3,1.3,a49d0111c5bb,101,3.3,0,0,0,0,0,0,0,1.485,2676.38,0.17396,0.0695143,0,0.00465733,,,,,,,0
anim_explorer_driving01_loop_03_head_angle_20,v1.3,1.3,a49d0111c5bb,101,3.3,0,0,0,0,0,0,0,1.485,2676.38,0.17396,0.0695143,0,0.00465733,,,,,,,0
anim_explorer_driving01_loop_03_head_angle_30,v1.3,1.3,a49d0111c5bb,101,3.3,0,0,0,0,0,0,0,1.485,2676.38,0.17396,0.0695143,0,0.00465733,,,,,,,0
anim_explorer_driving01_loop_03_head_angle_40,v1.3,1.3,a49d0111c5bb,101,3.3,0,0,0,0,0,0,0,1.485,2676.38,0.17396,0.0695143,0,0.00465733,,,,,,,0
anim_explorer_driving01_start_01,v1.3,1.3,a49d0111c5bb,28,0.891,0,0,0,0,0,0,0,0.670307,1023.37,0.122795,0.000895143,0,6.79493e-05,,,,,,SHORT,10
anim_explorer_driving01_start_01_head_angle_-10,v1.3,1.3,a49d0111c5bb,28,0.891,0,0,0,0,0,0,0,0.670307,1023.37,0.122795,0.000895143,0,6.79493e-05,,,,,,SHORT,10
anim_explorer_driving01_start_01_head_angle_-20,v1.3,1.3,a49d0111c5bb,28,0.891,0,0,0,0,0,0,0,0.670307,1023.37,0.122795,0.000895143,0,6.79493e-05,,,,,,SHORT,10
anim_explorer_driving01_start_01_head_angle_10,v1.3,1.3,a49d0111c5bb,28,0.891,0,0,0,0,0,0,0,0.670307,1023.37,0.122795,0.000895143,0,6.79493e-05,,,,2.35085,2.78046,SHORT,10
anim_explorer_driving01_start_01_head_angle_20,v1.3,1.3,a49d0111c5bb,28,0.891,0,0,0,0,0,0,0,0.670307,1023.37,0.122795,0.000895143,0,6.79493e-05,,,,,,SHORT,10
anim_explorer_driving01_start_01_head_angle_30,v1.3,1.3,a49d0111c5bb,28,0.891,0,0,0,0,0,0,0,0.670307,1023.37,0.122795,0.000895143,0,6.79493e-05,,,,,,SHORT,10
anim_explorer_driving01_start_01_head_angle_40,v1.3,1.3,a49d0111c5bb,28,0.891,0,0,0,0,0,0,0,0.670307,1023.37,0.122795,0.000895143,0,6.79493e-05,,,,,,SHORT,10
anim_explorer_driving01_start_02_head_angle_-10,v1.3,1.3,a49d0111c5bb,34,1.089,0,0,0,0,0,0,0,1.26335,1166.84,0.125208,0.0305328,0,0.00363278,,,,,,,0
anim_explorer_driving01_start_02_head_angle_-20,v1.3,1.3,a49d0111c5bb,34,1.089,0,0,0,0,0,0,0,1.26335,1166.84,0.125208,0.0305328,0,0.00363278,,,,,,,0
anim_explorer_driving01_start_02_head_angle_10,v1.3,1.3,a49d0111c5bb,34,1.089,0,0,0,0,0,0,0,1.26335,1166.84,0.125208,0.0305328,0,0.00363278,,,,,,,0
anim_explorer_driving01_start_02_head_angle_20,v1.3,1.3,a49d0111c5bb,34,1.089,0,0,0,0,0,0,0,1.26335,1166.84,0.125208,0.0305328,0,0.00363278,,,,,,,0
anim_explorer_driving01_start_02_head_angle_30,v1.3,1.3,a49d0111c5bb,34,1.089,0,0,0,0,0,0,0,1.26335,1166.84,0.125208,0.0305328,0,0.00363278,,,,,,,0
anim_explorer_driving01_start_02_head_angle_40,v1.3,1.3,a49d0111c5bb,34,1.089,0,0,0,0,0,0,0,1.26335,1166.84,0.125208,0.0305328,0,0.00363278,,,,,,,0
anim_explorer_driving01_turbo_01,v1.3,1.3,a49d0111c5bb,40,1.287,0,0,0,0,0,0,0,1.76298,6620.63,0.336404,0.39099,0,0.0264,0.938333,,,,,,0
anim_explorer_driving01_turbo_01_head_angle_-10,v1.3,1.3,a49d0111c5bb,40,1.287,0,0,0,0,0,0,0.282051,1.8,8781.65,0.4455,0.39099,0,0.0264,0.819295,,,,,RATE,11.282
anim_explorer_driving01_turbo_01_head_angle_-20,v1.3,1.3,a49d0111c5bb,40,1.287,0,0,0,0,0,0,0.333333,1.8,8384.62,0.646868,0.39099,0,0.0264,0.863277,,,,,RATE,13.333
anim_explorer_driving01_turbo_01_head_angle_10,v1.3,1.3,a49d0111c5bb,40,1.287,0,0,0,0,0,0,0.102564,1.8,6782.48,0.400042,0.39099,0,0.0264,0.919251,,,,,RATE,4.103
anim_explorer_driving01_turbo_01_head_angle_20,v1.3,1.3,a49d0111c5bb,40,1.287,0,0,0,0,0,0,0.128205,1.8,7458.89,0.431093,0.39099,0,0.0264,0.873766,,,,,RATE,5.128
anim_explorer_driving01_turbo_01_head_angle_30,v1.3,1.3,a49d0111c5bb,40,1.287,0,0,0,0,0,0,0.128205,1.8,8076.94,0.418615,0.39099,0,0.0264,0.892082,,,,,RATE,5.128
anim_explorer_driving01_turbo_01_head_angle_40,v1.3,1.3,a49d0111c5bb,40,1.287,0,0,0,0,0,0,0.0769231,1.8,6724.62,0.409001,0.39099,0,0.0264,0.954098,,,,,RATE,3.077
anim_explorer_drvback_end_01,v1.3,1.3,a49d0111c5bb,11,0.33,0,0,0,0,0,0,0,0.318303,1047.66,0.0528091,0.0407993,0,0.00435573,,,,,,TINY;SHORT,20
anim_explorer_drvback_loop_01,v1.3,1.3,a49d0111c5bb,58,1.881,0,0,0,0,0,0,0,0.530221,1004.61,0.169389,0.0619276,0,0.00472903,,,,2.29025,2.84728,,0
anim_explorer_drvback_loop_02,v1.3,1.3,a49d0111c5bb,88,2.871,0,0,0,0,0,0,0,0.0709022,72.8405,0.0145179,0.00868523,0,0.000770032,,,,,,STATIC,50
anim_explorer_drvback_loop_03,v1.3,1.3,a49d0111c5bb,117,3.828,0,0,0,0,0,0,0,1.485,2481.46,0.17396,0.0695152,0,0.00465733,,,,,,,0
anim_explorer_drvback_start_01,v1.3,1.3,a49d0111c5bb,28,0.891,0,0,0,0,0,0,0,0.670307,1023.37,0.122795,0.000895143,0,6.79493e-05,,,,,,SHORT,10
anim_explorer_drvback_start_02,v1.3,1.3,a49d0111c5bb,34,1.089,0,0,0,0,0,0,0,1.26335,1166.84,0.125208,0.0305328,0,0.00363278,,,,,,,0
anim_explorer_getin_01,v1.3,1.3,a49d0111c5bb,39,1.254,0,0,0,0,0,0,0.368421,1.8,6020.12,0.658117,0.0547844,0,0.00493383,0.928598,0.85734,,,,RATE,14.737
anim_explorer_huh_01,v1.3,1.3,a49d0111c5bb,15,0.462,0,0,0.2,0,0,0.2,0.285714,1.8,18261.7,0.287502,0.0772606,0,0.00662833,0.326472,,,,,SHORT;SAT;RATE,41.429
anim_explorer_huh_01_head_angle_-10,v1.3,1.3,a49d0111c5bb,15,0.462,0,0,0.266667,0,0,0.266667,0.428571,1.8,19675.9,0.30294,0.0772606,0,0.00662833,0.0866537,,,,,SHORT;SAT;RATE;LOWCORR,68.81
anim_explorer_huh_01_head_angle_-20,v1.3,1.3,a49d0111c5bb,15,0.462,0,0,0.266667,0,0,0.266667,0.428571,1.8,19675.9,0.30294,0.0772606,0,0.00662833,0.0866537,,,,,SHORT;SAT;RATE;LOWCORR,68.81
anim_explorer_huh_01_head_angle_10,v1.3,1.3,a49d0111c5bb,15,0.462,0,0,0,0,0,0,0.214286,1.8,9677.49,0.38021,0.0772606,0,0.00662833,0.902753,,,,,SHORT;RATE,18.571
anim_explorer_huh_01_head_angle_20,v1.3,1.3,a49d0111c5bb,15,0.462,0,0,0,0,0,0,0.214286,1.8,11664.6,0.4377,0.0772606,0,0.00662833,0.86056,,,,,SHORT;RATE,18.571
anim_explorer_huh_01_head_angle_30,v1.3,1.3,a49d0111c5bb,15,0.462,0,0,0,0,0,0,0.214286,1.8,11664.5,0.4377,0.0772606,0,0.00662833,0.86056,,,,,SHORT;RATE,18.571
anim_explorer_huh_01_head_angle_40,v1.3,1.3,a49d0111c5bb,15,0.462,0,0,0,0,0,0,0.214286,1.8,11664.5,0.4377,0.0772606,0,0.00662833,0.86056,,,,,SHORT;RATE,18.571
anim_explorer_idle_01_head_angle_-10,v1.3,1.3,a49d0111c5bb,56,1.815,0,0,0,0,0,0,0,0.882936,706.779,0.182122,0.0606282,0,0.00366396,0.943192,,,,,,0
anim_explorer_idle_01_head_angle_-20,v1.3,1.3,a49d0111c5bb,56,1.815,0,0,0,0,0,0,0,0.882936,706.784,0.182122,0.0606282,0,0.00366396,0.943192,,,,,,0
anim_explorer_idle_01_head_angle_10,v1.3,1.3,a49d0111c5bb,56,1.815,0,0,0,0,0,0,0,0.635003,628.569,0.130707,0.0606282,0,0.00366396,0.930918,,,,,,0
anim_explorer_idle_01_head_angle_20,v1.3,1.3,a49d0111c5bb,56,1.815,0,0,0,0,0,0,0,0.635003,628.567,0.130707,0.0606282,0,0.00366396,0.930918,,,,,,0
anim_explorer_idle_01_head_angle_30,v1.3,1.3,a49d0111c5bb,56,1.815,0,0,0,0,0,0,0,0.635003,628.556,0.130707,0.0606282,0,0.00366396,0.930918,,,,,,0
anim_explorer_idle_01_head_angle_40,v1.3,1.3,a49d0111c5bb,56,1.815,0,0,0,0,0,0,0,0.635003,628.561,0.130707,0.0606282,0,0.00366396,0.930918,,,2.19211,2.63342,,0
anim_explorer_idle_02,v1.3,1.3,a49d0111c5bb,61,1.98,0,0,0,0,0,0,0,0.734506,959.58,0.179925,0.00743377,0,0.000553846,0.96259,,,,,,0
anim_explorer_idle_02_head_angle_-10,v1.3,1.3,a49d0111c5bb,61,1.98,0,0,0,0,0,0,0,1.07993,1424.12,0.259367,0.00743377,0,0.000553846,0.975691,,,,,,0
anim_explorer_idle_02_head_angle_-20,v1.3,1.3,a49d0111c5bb,61,1.98,0,0,0,0,0,0,0,1.07993,1424.12,0.259367,0.00743377,0,0.000553846,0.975691,,,,,,0
anim_explorer_idle_02_head_angle_10,v1.3,1.3,a49d0111c5bb,61,1.98,0,0,0,0,0,0,0,0.869209,1013.77,0.213726,0.00743377,0,0.000553846,0.963779,,,,,,0
anim_explorer_idle_02_head_angle_20,v1.3,1.3,a49d0111c5bb,61,1.98,0,0,0,0,0,0,0,0.869209,1013.77,0.213726,0.00743377,0,0.000553846,0.963779,,,,,,0
anim_explorer_idle_02_head_angle_30,v1.3,1.3,a49d0111c5bb,61,1.98,0,0,0,0,0,0,0,0.869209,1013.77,0.213726,0.00743377,0,0.000553846,0.963779,,,,,,0
anim_explorer_idle_02_head_angle_40,v1.3,1.3,a49d0111c5bb,61,1.98,0,0,0,0,0,0,0,0.828974,1022.1,0.195911,0.00743377,0,0.000553846,0.948395,,,,,,0
anim_explorer_idle_03_head_angle_-10,v1.3,1.3,a49d0111c5bb,101,3.3,0,0,0,0,0,0,0,0.331734,517.943,0.0933986,0,0,0,0.456313,,,,,,0
anim_explorer_idle_03_head_angle_-20,v1.3,1.3,a49d0111c5bb,101,3.3,0,0,0,0,0,0,0,0.331734,517.943,0.0933987,0,0,0,0.456313,,,,,,0
anim_explorer_idle_03_head_angle_10,v1.3,1.3,a49d0111c5bb,101,3.3,0,0,0,0,0,0,0,0.476613,546.224,0.110201,0,0,0,0.399709,,,,,,0
anim_explorer_idle_03_head_angle_20,v1.3,1.3,a49d0111c5bb,101,3.3,0,0,0,0,0,0,0,0.476613,546.228,0.110201,0,0,0,0.399709,,,,,,0
anim_explorer_idle_03_head_angle_30,v1.3,1.3,a49d0111c5bb,101,3.3,0,0,0,0,0,0,0,0.47661,546.222,0.110201,0,0,0,0.399709,,,,,,0
anim_explorer_idle_03_head_angle_40,v1.3,1.3,a49d0111c5bb,101,3.3,0,0,0,0,0,0,0,0.476613,546.224,0.110201,0,0,0,0.399709,,,,,,0
anim_factory_audio_test_01,v1.3,1.3,a49d0111c5bb,565,18.612,0,0,0,0,0,0,0,0,0,0,0,0,0,,,,,,STATIC,50
anim_factory_audio_test_02,v1.3,1.3,a49d0111c5bb,901,29.7,0,0,0,0,0,0,0.655556,1.8,13025.1,0.770022,0,0,0,0.883643,,,,,RATE,26.222
anim_fistbump_fail_01,v1.3,1.3,a49d0111c5bb,235,7.722,0,0,0,0,0,0,0.200855,1.8,5427.44,1.14397,0.492709,0,0.0264,0.985891,0.86693,0.990994,,,RATE,8.034
anim_fistbump_idle_01,v1.3,1.3,a49d0111c5bb,92,3.003,0,0,0,0,0,0,0,1.04225,752.449,0.24516,0.0288247,0,0.00242245,,,,,,,0
anim_fistbump_idle_02,v1.3,1.3,a49d0111c5bb,91,2.97,0,0,0,0,0,0,0,0.302417,380.42,0.0505654,0,0,0,,,,2.37035,2.97735,,0
anim_fistbump_idle_03,v1.3,1.3,a49d0111c5bb,92,3.003,0,0,0,0,0,0,0,1.20667,942.522,0.27364,0.0269927,0,0.00177318,,,,,,,0
anim_fistbump_requestonce_01,v1.3,1.3,a49d0111c5bb,51,1.65,0,0,0,0,0,0,0.56,1.8,9616.22,1.01072,0.0841254,0,0.0083316,0.868982,0.943736,,,,RATE,22.4
anim_fistbump_requestonce_02,v1.3,1.3,a49d0111c5bb,119,3.894,0,0,0,0,0,0,0.127119,1.8,4929.16,0.841886,0.492389,0,0.0264,0.91205,0.971907,,,,RATE,5.085
anim_fistbump_requestoncelong_01,v1.3,1.3,a49d0111c5bb,104,3.399,0,0,0,0,0,0,0.271845,1.8,8021.12,0.808102,0,0,0,0.854073,0.529316,0.986502,,,RATE,10.874
anim_fistbump_requesttwice_01,v1.3,1.3,a49d0111c5bb,50,1.617,0,0,0,0,0,0,0.0612245,1.8,4397.71,0.451684,0.00712395,0,0.000604987,0.977244,0.978787,,,,RATE,2.449
anim_fistbump_success_01,v1.3,1.3,a49d0111c5bb,73,2.376,0,0,0,0,0,0,0.583333,1.8,7314.72,1.90825,0.575969,0,0.0264,0.962042,0.958219,0.79457,,,RATE,23.333
anim_fistbump_success_02,v1.3,1.3,a49d0111c5bb,80,2.607,0,0,0,0,0,0,0.265823,1.8,8082.98,1.00507,0.508485,0,0.0264,0.698149,0.877022,,,,RATE,10.633
anim_fistbump_success_03,v1.3,1.3,a49d0111c5bb,101,3.3,0,0,0,0,0,0,0.62,1.8,11093.4,1.99543,0.547799,0,0.0264,0.801432,0.915589,0.953412,,,RATE,24.8
anim_freeplay_reacttoface_identified_01,v1.3,1.3,a49d0111c5bb,36,1.155,0,0,0,0,0,0,0.228571,1.8,6389.07,0.781122,0.474416,0,0.0264,0.967923,0.972265,,,,RATE,9.143
anim_freeplay_reacttoface_identified_01_head_angle_-20,v1.3,1.3,a49d0111c5bb,36,1.155,0,0,0,0,0,0,0.457143,1.8,7188.43,0.888204,0.473924,0,0.0264,0.959842,0.61854,,,,RATE,18.286
anim_freeplay_reacttoface_identified_01_head_angle_20,v1.3,1.3,a49d0111c5bb,36,1.155,0,0,0,0,0,0,0.171429,1.8,6200.08,0.777504,0.473654,0,0.0264,0.960015,0.974212,,,,RATE,6.857
anim_freeplay_reacttoface_identified_01_head_angle_40,v1.3,1.3,a49d0111c5bb,36,1.155,0,0,0,0,0,0,0,1.75434,3385.23,0.485787,0.470745,0,0.0264,0.649456,0.974212,,,,,0
anim_freeplay_reacttoface_identified_02,v1.3,1.3,a49d0111c5bb,46,1.485,0,0,0,0,0,0,0.4,1.8,7098.01,0.666551,0.232018,0,0.0194519,0.859964,,,,,RATE,16
anim_freeplay_reacttoface_identified_02_head_angle_-20,v1.3,1.3,a49d0111c5bb,46,1.485,0,0,0,0,0,0,0.555556,1.8,7401.71,0.67856,0.232018,0,0.0194519,0.908801,,,,,RATE,22.222
anim_freeplay_reacttoface_identified_02_head_angle_20,v1.3,1.3,a49d0111c5bb,46,1.485,0,0,0,0,0,0,0.0888889,1.8,4855.82,0.488235,0.232018,0,0.0194519,0.960661,,,,,RATE,3.556
anim_freeplay_reacttoface_identified_02_head_angle_40,v1.3,1.3,a49d0111c5bb,46,1.485,0,0,0,0,0,0,0,0.795349,1250,0.228811,0.232018,0,0.0194519,0.503397,,,,,,0
anim_freeplay_reacttoface_identified_03_head_angle_-20,v1.3,1.3,a49d0111c5bb,55,1.782,0,0,0,0,0,0,0.351852,1.8,6864.66,0.816732,0,0,0,0.947364,0.143722,,,,RATE;LOWCORR,29.074
anim_freeplay_reacttoface_identified_03_head_angle_20,v1.3,1.3,a49d0111c5bb,55,1.782,0,0,0,0,0,0,0.203704,1.8,5672.97,0.699125,0,0,0,0.863144,0.947101,,2.37282,5.20663,RATE,8.148
anim_freeplay_reacttoface_identified_03_head_angle_40,v1.3,1.3,a49d0111c5bb,55,1.782,0,0,0,0,0,0,0,1.70209,2749.68,0.581778,0,0,0,0.76516,0.947101,,,,,0
anim_freeplay_reacttoface_like_01,v1.3,1.3,a49d0111c5bb,141,4.62,0,0,0,0,0,0,0.121429,1.8,6095.34,1.01767,0.562436,0,0.0264,0.939516,0.874476,,,,RATE,4.857
anim_freeplay_reacttoface_longname_01,v1.3,1.3,a49d0111c5bb,89,2.904,0,0,0,0,0,0,0,1.31527,1561.55,0.318751,0.487662,0,0.0264,0.945686,,,,,,0
anim_freeplay_reacttoface_sayname_01_head_angle_-20,v1.3,1.3,a49d0111c5bb,89,2.904,0,0,0,0,0,0,0.284091,1.8,6533.2,0.736212,0.500417,0,0.0264,0.844512,-0.118292,,,,RATE;LOWCORR,26.364
anim_freeplay_reacttoface_sayname_01_head_angle_20,v1.3,1.3,a49d0111c5bb,89,2.904,0,0,0,0,0,0,0.0113636,1.8,3414.76,0.412385,0.500417,0,0.0264,0.874783,0.424144,,,,,0.455
anim_freeplay_reacttoface_sayname_01_head_angle_40,v1.3,1.3,a49d0111c5bb,89,2.904,0,0,0,0,0,0,0.0227273,1.8,3348.83,0.450905,0.500417,0,0.0264,0.879924,0.434732,,,,,0.909
anim_freeplay_reacttoface_sayname_02,v1.3,1.3,a49d0111c5bb,85,2.772,0,0,0,0,0,0,0.261905,1.8,8640.92,0.849268,0.513825,0,0.0264,0.202828,0.07299,,,,RATE;LOWCORR,25.476
anim_freeplay_reacttoface_sayname_02_head_angle_-20,v1.3,1.3,a49d0111c5bb,85,2.772,0,0,0.0588235,0,0,0.0588235,0.321429,1.8,8559.7,0.701723,0.513825,0,0.0264,0.678054,-0.184262,,,,SAT;RATE;LOWCORR,33.739
anim_freeplay_reacttoface_sayname_02_head_angle_20,v1.3,1.3,a49d0111c5bb,85,2.772,0,0,0,0,0,0,0,1.73344,4085.97,0.64923,0.513825,0,0.0264,0.791097,0.17478,,,,LOWCORR,15
anim_freeplay_reacttoface_sayname_02_head_angle_40,v1.3,1.3,a49d0111c5bb,85,2.772,0,0,0,0,0,0,0,1.67833,4315.01,0.636493,0.513825,0,0.0264,0.778924,0.18757,,,,LOWCORR,15
anim_freeplay_reacttoface_sayname_03_head_angle_-20,v1.3,1.3,a49d0111c5bb,46,1.485,0,0,0,0,0,0,0.6,1.8,9168.05,1.06295,0.501634,0,0.0264,0.879058,0.700261,,,,RATE,24
anim_freeplay_reacttoface_sayname_03_head_angle_20,v1.3,1.3,a49d0111c5bb,46,1.485,0,0,0,0,0,0,0.4,1.8,8357.48,0.760506,0.501634,0,0.0264,0.719256,0.908282,,,,RATE,16
anim_freeplay_reacttoface_sayname_03_head_angle_40,v1.3,1.3,a49d0111c5bb,46,1.485,0,0,0,0,0,0,0.422222,1.8,8301.07,0.739219,0.501634,0,0.0264,0.00147579,0.908282,,,,RATE;LOWCORR,31.889
anim_freeplay_reacttoface_wiggle_01,v1.3,1.3,a49d0111c5bb,73,2.376,0,0,0,0,0,0,0.388889,1.8,5677.68,1.37091,0.505699,0,0.0264,0.927417,0.969583,0.967565,,,RATE,15.556
anim_gamesetup_getin_01_head_angle_-20,v1.3,1.3,a49d0111c5bb,15,0.462,0,0,0,0,0,0,0,0.91893,2969.73,0.16676,0,0,0,0.839696,-0.299554,,,,SHORT;LOWCORR,25
anim_gamesetup_getin_01_head_angle_20,v1.3,1.3,a49d0111c5bb,15,0.462,0,0,0,0,0,0,0.571429,1.8,10467.6,0.632637,0,0,0,0.968883,0.151875,,,,SHORT;RATE;LOWCORR,47.857
anim_gamesetup_getin_01_head_angle_40,v1.3,1.3,a49d0111c5bb,15,0.462,0,0,0,0,0,0,0.571429,1.8,12228.6,0.630942,0,0,0,0.911561,0.15704,,,,SHORT;RATE;LOWCORR,47.857
anim_gamesetup_getout_01,v1.3,1.3,a49d0111c5bb,76,2.475,0,0,0,0,0,0,0.12,1.8,3914.23,0.746475,0.642392,0,0.0264,0.97824,0.134895,0.907337,2.43276,6.672,RATE;LOWCORR,19.8
anim_gamesetup_idle_01,v1.3,1.3,a49d0111c5bb,116,3.795,0,0,0,0,0,0,0,1.60441,1884.53,0.380041,0.0379866,0,0.00195438,0.978596,,,,,,0
anim_gamesetup_idle_02,v1.3,1.3,a49d0111c5bb,89,2.904,0,0,0,0,0,0,0,0.834718,924.332,0.239397,0.159605,0,0.00989753,0.546527,,,,,,0
anim_gamesetup_idle_03,v1.3,1.3,a49d0111c5bb,42,1.353,0,0,0,0,0,0,0,0.573978,711.559,0.0737422,0.0176117,0,0.00122899,,,,,,,0
anim_gamesetup_reaction_01,v1.3,1.3,a49d0111c5bb,30,0.957,0,0,0,0,0,0,0,1.45393,5162.97,0.190695,0.0414392,0,0.00357419,0.715718,,,,,,0
anim_gif_gleeserious_01,v1.3,1.3,a49d0111c5bb,91,2.97,0,0,0,0,0,0,0.166667,1.8,6239.6,0.783023,0.552128,0,0.0264,0.980794,-0.130657,0.9747,,,RATE;LOWCORR,21.667
anim_gif_idk_01,v1.3,1.3,a49d0111c5bb,116,3.795,0,0,0,0,0,0,0.0434783,1.8,3452.95,0.495096,0.0454841,0,0.00303549,0.91699,0.829191,,,,,1.739
anim_gif_no_01,v1.3,1.3,a49d0111c5bb,66,2.145,0,0,0,0,0,0,0.415385,1.8,6904.05,0.762438,0.0994453,0,0.00832283,0.983813,,0.411128,,,RATE,16.615
anim_gotosleep_getin_01,v1.3,1.3,a49d0111c5bb,161,5.28,0,0,0,0,0,0,0,0.816389,392.011,0.602952,0.656065,0,0.0242868,0.994576,,,,,,0
anim_gotosleep_getout_01,v1.3,1.3,a49d0111c5bb,121,3.96,0,0,0,0,0,0,0,1.20819,1982.14,0.640331,0.687399,0,0.0264,0.991986,,,,,,0
anim_gotosleep_getout_02,v1.3,1.3,a49d0111c5bb,136,4.455,0,0,0,0,0,0,0,1.45071,1207.2,0.672497,0.707126,0,0.0264,0.988514,0.774162,,,,,0
anim_gotosleep_getout_03,v1.3,1.3,a49d0111c5bb,103,3.366,0,0,0,0,0,0,0,1.03574,995.339,0.372649,0.689877,0,0.0264,0.974597,,,,,,0
anim_gotosleep_getout_04,v1.3,1.3,a49d0111c5bb,96,3.135,0,0,0,0,0,0,0.168421,1.8,7310.46,0.79037,0.765762,0,0.0264,0.667438,0.262028,0.932986,,,RATE;LOWCORR,21.737
anim_gotosleep_off_01,v1.3,1.3,a49d0111c5bb,33,1.056,0,0,0,0,0,0,0,0,0,0,0.0229985,0,0.00337768,,,,,,STATIC,50
anim_gotosleep_sleeping_01,v1.3,1.3,a49d0111c5bb,445,14.652,0,0,0,0,0,0,0,0.563087,254.588,0.343786,0.119091,0,0.00796646,0.99599,,,,,,0
anim_gotosleep_sleeploop_01,v1.3,1.3,a49d0111c5bb,445,14.652,0,0,0,0,0,0,0,0.24187,117.03,0.138183,0.119091,0,0.00796646,0.979081,,,,,,0
anim_greeting_happy_01,v1.3,1.3,a49d0111c5bb,136,4.455,0,0,0,0,0,0,0.340741,1.8,4462.18,2.01954,0.482868,0,0.0264,0.730697,0.569671,0.978121,,,RATE,13.63
anim_greeting_happy_02,v1.3,1.3,a49d0111c5bb,132,4.323,0,0,0,0,0,0,0.343511,1.8,6528.16,1.07382,0.561291,0,0.0256411,0.970395,0.911124,0.966393,,,RATE,13.74
anim_greeting_happy_03,v1.3,1.3,a49d0111c5bb,95,3.102,0,0,0,0,0,0,0.255319,1.8,7310.33,1.06514,1.15633e-05,0,8.9407e-07,0.914798,0.518793,0.87751,2.41468,7.60726,RATE,10.213
anim_greeting_happy_03_head_angle_-20,v1.3,1.3,a49d0111c5bb,95,3.102,0,0,0,0,0,0,0.329787,1.8,6941.8,1.06514,1.15633e-05,0,8.9407e-07,0.918427,-0.248206,0.87751,,,RATE;LOWCORR,28.191
anim_greeting_happy_03_head_angle_20,v1.3,1.3,a49d0111c5bb,95,3.102,0,0,0,0,0,0,0.287234,1.8,7087.65,1.06514,1.15633e-05,0,8.9407e-07,0.92498,0.661252,0.87751,,,RATE,11.489
anim_greeting_happy_03_head_angle_40,v1.3,1.3,a49d0111c5bb,95,3.102,0,0,0,0,0,0,0.212766,1.8,6598.89,1.06514,1.15633e-05,0,8.9407e-07,0.962219,0.661252,0.87751,,,RATE,8.511
anim_guarddog_cubedisconnect_01,v1.3,1.3,a49d0111c5bb,16,0.495,0,0,0,0,0,0,0.0666667,1.8,9495.06,0.219712,0.00019902,0,1.59144e-05,0.495837,0.553409,,,,SHORT;RATE,12.667
anim_guarddog_fakeout_01,v1.3,1.3,a49d0111c5bb,198,6.501,0,0,0,0,0,0,0.0203046,1.8,5228.58,0.644272,0.571447,0,0.0264,0.863261,0.114223,,,,LOWCORR,15.812
anim_guarddog_fakeout_02,v1.3,1.3,a49d0111c5bb,133,4.356,0,0,0,0,0,0,0,1.08222,2745.14,0.420272,0.187121,0,0.018032,0.958974,0.945822,,,,,0
anim_guarddog_fakeout_03,v1.3,1.3,a49d0111c5bb,127,4.158,0,0,0,0,0,0,0.134921,1.8,7771.81,0.740691,0.496932,0,0.0264,0.525707,0.595125,0.822567,,,RATE,5.397
anim_guarddog_getout_busted_01,v1.3,1.3,a49d0111c5bb,264,8.679,0,0,0,0,0,0,0.174905,1.8,7571.94,1.52227,0.482198,0,0.0264,0.668554,0.889628,0.694002,,,RATE,6.996
anim_guarddog_getout_playersucess_01,v1.3,1.3,a49d0111c5bb,296,9.735,0,0,0,0,0,0,0.0169492,1.8,4508.23,0.630652,0.642919,0,0.0264,0.897263,0.526864,0.845812,,,,0.678
anim_guarddog_getout_timeout_01,v1.3,1.3,a49d0111c5bb,171,5.61,0,0,0,0,0,0,0,1.76102,2699.2,0.561648,0.594575,0,0.0264,0.980551,0.969869,,,,,0
anim_guarddog_getout_timeout_02,v1.3,1.3,a49d0111c5bb,115,3.762,0,0,0,0,0,0,0.0263158,1.8,4920.82,0.39492,0.5212,0,0.0232004,0.89561,0.425968,0.980058,,,,1.053
anim_guarddog_getout_touched_01,v1.3,1.3,a49d0111c5bb,181,5.94,0,0,0,0,0,0,0.227778,1.8,6957.4,0.723564,0.549243,0,0.0264,0.775701,0.577947,0.664141,,,RATE,9.111
anim_guarddog_getout_untouched_01,v1.3,1.3,a49d0111c5bb,26,0.825,0,0,0,0,0,0,0,1.33648,2768.64,0.292785,0.3168,0,0.0264,0.963136,,,,,SHORT,10
anim_guarddog_getout_untouched_02,v1.3,1.3,a49d0111c5bb,71,2.31,0,0,0,0,0,0,0,1.485,4881.11,0.366567,0.426899,0,0.0264,0.952915,0.912378,,,,,0
anim_guarddog_interruption_01,v1.3,1.3,a49d0111c5bb,242,7.953,0,0,0,0,0,0,0.136929,1.8,5988.85,0.779689,0.47892,0,0.0264,0.937885,0.35749,0.934931,,,RATE,5.477
anim_guarddog_pulse_01,v1.3,1.3,a49d0111c5bb,10,0.297,0,0,0,0,0,0,0,1.48799,12130.9,0.232999,0,0,0,0.877648,0.879947,,,,TINY;SHORT,20
anim_guarddog_settle_01,v1.3,1.3,a49d0111c5bb,296,9.735,0,0,0,0,0,0,0.0474576,1.8,2571.63,1.08232,0.471726,0,0.0238939,0.879281,0.933552,0.685323,,,,1.898
anim_guarddog_sleeploop_01,v1.3,1.3,a49d0111c5bb,200,6.567,0,0,0,0,0,0,0,1.06028,702.263,0.282235,0.193588,0,0.0145787,0.976693,,,2.28878,2.83952,,0
anim_guarddog_sleeploop_02,v1.3,1.3,a49d0111c5bb,351,11.55,0,0,0,0,0,0,0,0.44443,303.744,0.133918,0.189075,0,0.0107389,0.976853,,,,,,0
anim_hiccup_01,v1.3,1.3,a49d0111c5bb,48,1.551,0,0,0,0,0,0,0,1.48939,5229.83,0.42427,0.0271956,0,0.00245017,0.874262,0.180182,,,,LOWCORR,15
anim_hiccup_02,v1.3,1.3,a49d0111c5bb,95,3.102,0,0,0,0,0,0,0.0212766,1.8,3436.3,0.456307,0.0745243,0,0.0055359,0.662641,0.756625,,,,,0.851
anim_hiccup_faceplant_01,v1.3,1.3,a49d0111c5bb,131,4.29,0,0,0,0,0,0,0.169231,1.8,6806.73,0.948048,0.506267,0,0.0264,0.782941,0.325064,,,,RATE,6.769
anim_hiccup_faceplant_02,v1.3,1.3,a49d0111c5bb,71,2.31,0,0,0,0,0,0,0.528571,1.8,8479.37,1.24908,0.417818,0,0.0264,0.821551,0.577899,,,,RATE,21.143
anim_hiccup_getin,v1.3,1.3,a49d0111c5bb,46,1.485,0,0,0,0,0,0,0.0888889,1.8,6578.03,0.427261,0.0808513,0,0.00613624,0.761889,0.119849,,,,RATE;LOWCORR,18.556
anim_hiccup_playercure_getout,v1.3,1.3,a49d0111c5bb,166,5.445,0,0,0,0,0,0,0.0363636,1.8,3334.44,1.02764,0.569888,0,0.0264,0.962612,-0.00940105,0.986488,,,LOWCORR,16.455
anim_hiccup_playercure_pickupreact,v1.3,1.3,a49d0111c5bb,92,3.003,0,0,0,0,0,0,0.186813,1.8,5023.52,0.714616,0.636591,0,0.0264,0.940854,0.116708,,,,RATE;LOWCORR,22.473
anim_hiccup_selfcure_getout,v1.3,1.3,a49d0111c5bb,212,6.963,0,0,0,0,0,0,0.113744,1.8,4375.45,0.91047,0.383437,0,0.0257564,0.974588,-0.0755015,0.993969,,,RATE;LOWCORR,19.55
anim_hiccup_turtleroll_01,v1.3,1.3,a49d0111c5bb,91,2.97,0,0,0,0,0,0,0.533333,1.8,8549.27,1.22971,0.458254,0,0.0264,0.791051,-0.208011,,,,RATE;LOWCORR,36.333
anim_hiccup_withreaction_01,v1.3,1.3,a49d0111c5bb,86,2.805,0,0,0,0,0,0,0.117647,1.8,5869.96,0.593171,0.461248,0,0.0264,0.899151,-0.0112116,0.901367,,,RATE;LOWCORR,19.706
anim_hiking_driving_end_01,v1.3,1.3,a49d0111c5bb,11,0.33,0,0,0,0,0,0,0,0.997657,2765.24,0.213398,0.0407993,0,0.00435573,0.95389,,,,,TINY;SHORT,20
anim_hiking_driving_end_02,v1.3,1.3,a49d0111c5bb,23,0.726,0,0,0,0,0,0,0,1.22102,3833.41,0.22463,0.0107729,0,0.0011974,0.926717,-0.567162,,,,SHORT;LOWCORR,25
anim_hiking_driving_loop_01,v1.3,1.3,a49d0111c5bb,58,1.881,0,0,0,0,0,0,0,0.530218,995.398,0.151693,0.0619276,0,0.00472903,0.849868,,,,,,0
anim_hiking_driving_loop_02,v1.3,1.3,a49d0111c5bb,75,2.442,0,0,0,0,0,0,0,0.141362,119.044,0.0367145,0.0100782,0,0.000769258,0.989222,,,,,STATIC,50
anim_hiking_driving_loop_03,v1.3,1.3,a49d0111c5bb,101,3.3,0,0,0,0,0,0,0,1.485,2762.14,0.28975,0.0695143,0,0.00465733,0.974056,,,,,,0
anim_hiking_driving_loop_04,v1.3,1.3,a49d0111c5bb,94,3.069,0,0,0,0,0,0,0,1.21842,1919.65,0.262825,0.0393691,0,0.00265056,0.991684,,,,,,0
anim_hiking_driving_loop_05,v1.3,1.3,a49d0111c5bb,121,3.96,0,0,0,0,0,0,0,1.27856,1347.32,0.271223,0.46269,0,0.0264,0.968592,,,2.26874,4.78779,,0
anim_hiking_driving_loop_06,v1.3,1.3,a49d0111c5bb,141,4.62,0,0,0,0,0,0,0.0142857,1.8,1611.86,0.447949,0.520894,0,0.0264,0.910124,,,,,,0.571
anim_hiking_driving_start_01,v1.3,1.3,a49d0111c5bb,116,3.795,0,0,0,0,0,0,0,1.04411,1376.92,0.214114,0.0305148,0,0.00280446,0.952499,,,,,,0
anim_hiking_driving_start_02,v1.3,1.3,a49d0111c5bb,34,1.089,0,0,0,0,0,0,0,1.08817,1205.33,0.179925,0.0305328,0,0.00363278,0.857285,,,,,,0
anim_hiking_driving_start_03,v1.3,1.3,a49d0111c5bb,88,2.871,0,0,0,0,0,0,0.0689655,1.8,3229.56,0.459187,0.557911,0,0.0264,0.957115,0.0300034,,,,RATE;LOWCORR,17.759
anim_hiking_driving_start_04,v1.3,1.3,a49d0111c5bb,41,1.32,0,0,0,0,0,0,0,1.68428,2036.05,0.43359,0.373416,0,0.0264,0.99229,,,,,,0
anim_hiking_edgesquintgetin_01,v1.3,1.3,a49d0111c5bb,75,2.442,0,0,0,0,0,0,0,0.656402,695.571,0.110416,0.540113,0,0.0264,,,,,,,0
anim_hiking_edgesquintgetout_01,v1.3,1.3,a49d0111c5bb,25,0.792,0,0,0,0,0,0,0,0.556498,988.833,0.110959,0.348056,0,0.0208591,,,,,,SHORT,10
anim_hiking_edgesquintloop_01,v1.3,1.3,a49d0111c5bb,35,1.122,0,0,0,0,0,0,0,0.228327,376.585,0.0457711,0.00932285,0,0.000883013,,,,,,STATIC,50
anim_hiking_getin_01,v1.3,1.3,a49d0111c5bb,35,1.122,0,0,0,0,0,0,0,1.30696,3041.44,0.23893,0.0287901,0,0.00260466,0.889182,-0.355496,,,,LOWCORR,15
anim_hiking_getin_02,v1.3,1.3,a49d0111c5bb,48,1.551,0,0,0,0,0,0,0,1.26758,4380.2,0.33111,0.0292367,0,0.00545335,0.730181,0.662954,0.721499,,,,0
anim_hiking_getin_03,v1.3,1.3,a49d0111c5bb,37,1.188,0,0,0,0,0,0,0.194444,1.8,9278.8,0.528873,0.0785214,0,0.00597471,0.871454,-0.181836,,,,RATE;LOWCORR,22.778
anim_hiking_lookaround_01,v1.3,1.3,a49d0111c5bb,121,3.96,0,0,0,0,0,0,0.0916667,1.8,3046.76,0.746348,0.0251203,0,0.00211877,0.906941,,0.979027,,,RATE,3.667
anim_hiking_lookaround_02,v1.3,1.3,a49d0111c5bb,90,2.937,0,0,0,0,0,0,0.0337079,1.8,3222.19,0.438595,0,0,0,0.970057,-0.488037,,,,LOWCORR,16.348
anim_hiking_lookaround_03,v1.3,1.3,a49d0111c5bb,151,4.95,0,0,0,0,0,0,0.0133333,1.8,2768.68,0.922847,0.0823561,0,0.00585651,0.933859,,0.910488,,,,0.533
anim_hiking_observe_01,v1.3,1.3,a49d0111c5bb,141,4.62,0,0,0,0,0,0,0.15,1.8,6062.3,1.10097,0.52389,0,0.0264,0.888055,0.576845,0.924053,,,RATE,6
anim_hiking_react_01,v1.3,1.3,a49d0111c5bb,35,1.122,0,0,0,0,0,0,0.176471,1.8,9395.28,0.48114,0.0724206,0,0.00644845,0.843314,-0.913517,,,,RATE;LOWCORR,22.059
anim_hiking_react_02,v1.3,1.3,a49d0111c5bb,178,5.841,0,0,0,0,0,0,0.0564972,1.8,4012.21,0.714315,0.159537,0,0.00872606,0.92979,0.120902,0.885591,,,RATE;LOWCORR,17.26
anim_hiking_react_03,v1.3,1.3,a49d0111c5bb,93,3.036,0,0,0,0,0,0,0.076087,1.8,5162.97,0.610134,0.151202,0,0.00872582,0.900082,0.313084,0.933443,2.69814,9.84275,RATE,3.043
anim_hiking_react_04,v1.3,1.3,a49d0111c5bb,41,1.32,0,0,0,0,0,0,0,1.49782,4175.77,0.298961,0.0834825,0,0.005858,0.864897,-0.0278512,,,,LOWCORR,15
anim_hiking_react_05,v1.3,1.3,a49d0111c5bb,74,2.409,0,0,0,0,0,0,0.191781,1.8,5854.84,0.939268,0.484465,0,0.0264,0.943579,0.0828043,0.905748,,,RATE;LOWCORR,22.671
anim_hiking_rtnewarea_01,v1.3,1.3,a49d0111c5bb,91,2.97,0,0,0,0,0,0,0.255556,1.8,6236.85,0.634274,0.458855,0,0.0264,0.984521,0.882552,,,,RATE,10.222
anim_hiking_rtnewarea_02,v1.3,1.3,a49d0111c5bb,86,2.805,0,0,0,0,0,0,0.211765,1.8,6346.57,0.894639,0.566399,0,0.0264,0.97694,-0.505495,0.959887,,,RATE;LOWCORR,23.471
anim_hiking_rtnewarea_03,v1.3,1.3,a49d0111c5bb,73,2.376,0,0,0,0,0,0,0.194444,1.8,6708.19,0.734715,0.549654,0,0.0264,0.919696,0.840904,,,,RATE,7.778
anim_hiking_rtpmarker_01,v1.3,1.3,a49d0111c5bb,98,3.201,0,0,0,0,0,0,0.0618557,1.8,3955.1,0.410484,0.617627,0,0.0264,0.913608,0.762217,,,,RATE,2.474
anim_keepalive_blink_01,v1.3,1.3,a49d0111c5bb,19,0.594,0,0,0,0,0,0,0,0.438358,884.693,0.0328231,0,0,0,,,,,,SHORT;STATIC,60
anim_keepalive_eyes_01_forward,v1.3,1.3,a49d0111c5bb,161,5.28,0,0,0,0,0,0,0,1.77605,1511.88,0.535591,0.0358691,0,0.00220972,0.909719,,0.960299,,,,0
anim_keepalive_eyes_01_right,v1.3,1.3,a49d0111c5bb,331,10.89,0,0,0,0,0,0,0,1.42171,1013.31,0.765497,0.0631502,0,0.00242341,0.936573,,0.987869,,,,0
anim_keepalive_eyes_01_updown,v1.3,1.3,a49d0111c5bb,211,6.93,0,0,0,0,0,0,0,0.985792,1056.43,0.270968,0.0229355,0,0.00154322,0.968176,,,,,,0
anim_keepalive_eyesonly_loop_02,v1.3,1.3,a49d0111c5bb,301,9.9,0,0,0,0,0,0,0,0.459942,414.217,0.0870324,0.275083,0,0.018416,,,,,,,0
anim_keepalive_eyesonly_loop_03,v1.3,1.3,a49d0111c5bb,101,3.3,0,0,0,0,0,0,0,1.485,2676.38,0.17396,0.0695143,0,0.00465733,,,,,,,0
anim_keepaway_fakeout_01,v1.3,1.3,a49d0111c5bb,121,3.96,0,0,0,0,0,0,0.216667,1.8,6884.66,1.23696,0.403517,0,0.0260232,0.8695,0.854857,0.927697,,,RATE,8.667
anim_keepaway_fakeout_02,v1.3,1.3,a49d0111c5bb,156,5.115,0,0,0,0,0,0,0.154839,1.8,5814.67,1.69681,0.592939,0,0.0264,0.672854,0.986479,0.850701,,,RATE,6.194
anim_keepaway_fakeout_03,v1.3,1.3,a49d0111c5bb,47,1.518,0,0,0,0,0,0,0.0652174,1.8,3137.15,0.463416,0.00971991,0,0.000824273,0.934143,0.522132,,,,RATE,2.609
anim_keepaway_fakeout_04,v1.3,1.3,a49d0111c5bb,101,3.3,0,0,0,0,0,0,0,1.71199,3143.48,0.524077,0.442465,0,0.0264,0.916435,-0.38521,,,,LOWCORR,15
anim_keepaway_fakeout_05,v1.3,1.3,a49d0111c5bb,53,1.716,0,0,0,0,0,0,0,0.918023,1716.41,0.14213,0.410414,0,0.0264,0.803772,0.146693,,,,LOWCORR,15
anim_keepaway_fakeout_06,v1.3,1.3,a49d0111c5bb,70,2.277,0,0,0,0,0,0,0.26087,1.8,7008.03,1.28514,0.629698,0,0.0264,-0.187333,0.976301,,3.34365,8.86963,RATE;LOWCORR;DYN,50.435
anim_keepaway_getin_01,v1.3,1.3,a49d0111c5bb,81,2.64,0,0,0,0,0,0,0,1.62155,3221.25,0.684222,0.579633,0,0.0264,0.961449,0.801366,,,,,0
anim_keepaway_getin_02,v1.3,1.3,a49d0111c5bb,59,1.914,0,0,0,0,0,0,0,1.22423,1780.66,0.765017,0.0831981,0,0.00579756,0.907363,,,,,,0
anim_keepaway_getin_03,v1.3,1.3,a49d0111c5bb,61,1.98,0,0,0,0,0,0,0,0.875552,1700.89,0.242777,0.286649,0,0.0207831,0.713878,0.627693,,,,,0
anim_keepaway_getout_01,v1.3,1.3,a49d0111c5bb,33,1.056,0,0,0,0,0,0,0.125,1.8,3474.41,0.595532,0.00596845,0,0.000544667,0.987463,,,,,RATE,5
anim_keepaway_getout_02,v1.3,1.3,a49d0111c5bb,24,0.759,0,0,0,0,0,0,0.130435,1.8,3447.95,0.638686,0,0,0,0.994989,,0.938717,,,SHORT;RATE,15.217
anim_keepaway_getout_03,v1.3,1.3,a49d0111c5bb,44,1.419,0,0,0,0,0,0,0.209302,1.8,3901.74,0.747038,0.0234709,0,0.00102115,0.949806,,,,,RATE,8.372
anim_keepaway_getready_01,v1.3,1.3,a49d0111c5bb,57,1.848,0,0,0,0,0,0,0,1.26153,3219.09,0.321429,0.572471,0,0.0264,0.96383,,0.788011,,,,0
anim_keepaway_getready_02,v1.3,1.3,a49d0111c5bb,44,1.419,0,0,0,0,0,0,0,1.42527,3379.87,0.313448,0.558194,0,0.0264,0.755632,-0.461235,,,,LOWCORR,15
anim_keepaway_getready_03,v1.3,1.3,a49d0111c5bb,38,1.221,0,0,0,0,0,0,0,1.42162,2595.06,0.315352,0.287573,0,0.0243643,0.98339,,,,,,0
anim_keepaway_idle_01,v1.3,1.3,a49d0111c5bb,127,4.158,0,0,0,0,0,0,0,1.30414,1339.8,0.355028,0.0989683,0,0.00607508,0.931616,0.377578,0.999637,,,,0
anim_keepaway_idle_02,v1.3,1.3,a49d0111c5bb,133,4.356,0,0,0,0,0,0,0,0.92585,1447.83,0.205919,0.0421653,0,0.00509113,0.852231,0.164525,,,,LOWCORR,15
anim_keepaway_idle_03,v1.3,1.3,a49d0111c5bb,161,5.28,0,0,0,0,0,0,0,1.37018,1221.23,0.332895,0.0103546,0,0.000558257,0.985946,,,,,,0
anim_keepaway_losegame_01,v1.3,1.3,a49d0111c5bb,202,6.633,0,0,0,0,0,0,0.104478,1.8,4259.99,1.01467,0.70143,0,0.0264,0.94727,0.362972,0.997674,,,RATE,4.179
anim_keepaway_losegame_02,v1.3,1.3,a49d0111c5bb,178,5.841,0,0,0,0,0,0,0.107345,1.8,3368.88,1.02959,0.541957,0,0.0264,0.975466,0.0122647,0.999385,,,RATE;LOWCORR,19.294
anim_keepaway_losegame_03,v1.3,1.3,a49d0111c5bb,179,5.874,0,0,0,0,0,0,0.185393,1.8,4893.23,1.26935,0.663283,0,0.0264,0.939728,0.686722,0.871427,,,RATE,7.416
anim_keepaway_losehand_01,v1.3,1.3,a49d0111c5bb,68,2.211,0,0,0,0,0,0,0.149254,1.8,5954.42,0.562654,0.560607,0,0.0264,0.957853,,0.338017,,,RATE,5.97
anim_keepaway_losehand_02,v1.3,1.3,a49d0111c5bb,99,3.234,0,0,0,0,0,0,0.295918,1.8,9104.63,0.996731,0.610137,0,0.0264,0.638292,0.827096,,,,RATE,11.837
anim_keepaway_losehand_03,v1.3,1.3,a49d0111c5bb,75,2.442,0,0,0,0,0,0,0.0945946,1.8,4265.84,0.60876,0.555391,0,0.0264,0.981532,,,3.72396,8.52494,RATE;DYN,28.784
anim_keepaway_pounce_01,v1.3,1.3,a49d0111c5bb,50,1.617,0,0,0,0,0,0,0.755102,1.8,9687.07,1.19186,0.499855,0,0.0264,,0.812793,,,,RATE,30.204
anim_keepaway_pounce_02,v1.3,1.3,a49d0111c5bb,77,2.508,0,0,0,0,0,0,0.394737,1.8,8569.8,1.08826,0.596097,0,0.0264,,0.805796,,,,RATE,15.789
anim_keepaway_pounce_03,v1.3,1.3,a49d0111c5bb,23,0.726,0,0,0,0,0,0,0.454545,1.8,10919.7,0.3992,0,0,0,,0.358709,,,,SHORT;RATE,28.182
anim_keepaway_pounce_04,v1.3,1.3,a49d0111c5bb,20,0.627,0,0,0,0,0,0,0.578947,1.8,10181.7,0.764598,0,0,0,,-0.464688,,,,SHORT;RATE;LOWCORR,48.158
anim_keepaway_wingame_01,v1.3,1.3,a49d0111c5bb,121,3.96,0,0,0,0,0,0,0.383333,1.8,8908.42,1.84483,0.500108,0,0.0264,0.853071,0.933935,0.917224,,,RATE,15.333
anim_keepaway_wingame_02,v1.3,1.3,a49d0111c5bb,91,2.97,0,0,0,0,0,0,0.277778,1.8,8283.22,1.03952,0.46544,0,0.0264,0.848462,0.917175,0.890044,,,RATE,11.111
anim_keepaway_wingame_03,v1.3,1.3,a49d0111c5bb,99,3.234,0,0,0,0,0,0,0.0510204,1.8,4016.76,0.62603,0.510667,0,0.0264,0.992996,-0.0342037,,,,RATE;LOWCORR,17.041
anim_keepaway_winhand_01,v1.3,1.3,a49d0111c5bb,67,2.178,0,0,0,0,0,0,0.19697,1.8,5999.9,0.77701,0.517909,0,0.0264,0.966208,0.403365,,,,RATE,7.879
anim_keepaway_winhand_02,v1.3,1.3,a49d0111c5bb,68,2.211,0,0,0,0,0,0,0,1.70756,4599.65,0.37523,0.469014,0,0.0264,0.898204,,,,,,0
anim_keepaway_winhand_03,v1.3,1.3,a49d0111c5bb,70,2.277,0,0,0,0,0,0,0.376812,1.8,6280.01,1.1005,0.496208,0,0.0264,0.781328,0.418944,,,,RATE,15.072
anim_laser_drive_01,v1.3,1.3,a49d0111c5bb,36,1.155,0,0,0,0,0,0,0,0.501158,422.279,0.0528392,0.00591505,0,0.000671268,,,,,,,0
anim_laser_drive_02,v1.3,1.3,a49d0111c5bb,46,1.485,0,0,0,0,0,0,0,0.689768,884.623,0.0654721,0.417687,0,0.0264,,,,,,,0
anim_laser_drive_03,v1.3,1.3,a49d0111c5bb,31,0.99,0,0,0,0,0,0,0,0.172713,162.806,0.015003,0.00438583,0,0.000406742,,,,,,STATIC,50
anim_launch_altwakeup_01,v1.3,1.3,a49d0111c5bb,148,4.851,0,0,0,0,0,0,0.272109,1.8,5602.12,1.31376,0.205723,0,0.0117059,0.926344,0.0188634,0.991743,,,RATE;LOWCORR,25.884
anim_launch_backpackidle,v1.3,1.3,a49d0111c5bb,46,1.485,0,0,0,0,0,0,0,0,0,0,0,0,0,,,,,,STATIC,50
anim_launch_blankscreen,v1.3,1.3,a49d0111c5bb,21,0.66,0,0,0,0,0,0,0,0,0,0,0,0,0,,,,,,SHORT;STATIC,60
anim_launch_cubediscovery,v1.3,1.3,a49d0111c5bb,26,0.825,0,0,0,0,0,0,0.4,1.8,7171.76,0.866477,0,0,0,0.534116,0.659838,,,,SHORT;RATE,26
anim_launch_drivingloop_01,v1.3,1.3,a49d0111c5bb,71,2.31,0,0,0,0,0,0,0,0.49052,571.873,0.108886,0.0337753,0,0.0023661,0.976009,,,2.11124,2.71955,,0
anim_launch_drivingloop_02,v1.3,1.3,a49d0111c5bb,171,5.61,0,0,0,0,0,0,0,0.788727,852.906,0.167817,0.0318104,0,0.00270304,0.666237,,,,,,0
anim_launch_drivingloop_03,v1.3,1.3,a49d0111c5bb,111,3.63,0,0,0,0,0,0,0,1.1323,1262.85,0.332888,0.477074,0,0.0264,0.886278,,,,,,0
anim_launch_enddriving_01,v1.3,1.3,a49d0111c5bb,51,1.65,0,0,0,0,0,0,0,1.69814,2602.18,0.443467,0.469242,0,0.0264,0.926142,,,,,,0
anim_launch_eyeson_01,v1.3,1.3,a49d0111c5bb,16,0.495,0,0,0,0,0,0,0,0.892074,698.987,0.145364,0,0,0,0.992063,,,,,SHORT,10
anim_launch_firsttimewakeup,v1.3,1.3,a49d0111c5bb,749,24.684,0,0,0,0,0,0,0.0227273,1.8,1860.49,1.25561,0.817863,0,0.0225278,0.969941,-0.442937,0.974968,,,LOWCORR,15.909
anim_launch_firsttimewakeup_helloplayer_head_angle_-20,v1.3,1.3,a49d0111c5bb,481,15.84,0,0,0,0,0,0,0.0270833,1.8,1750.95,0.842591,0.520575,0,0.0264,0.981739,0.0396965,,,,LOWCORR,16.083
anim_launch_firsttimewakeup_helloplayer_head_angle_20,v1.3,1.3,a49d0111c5bb,481,15.84,0,0,0,0,0,0,0.00833333,1.8,1626.67,0.657796,0.520575,0,0.0264,0.974771,0.95589,,,,,0.333
anim_launch_firsttimewakeup_helloplayer_head_angle_40,v1.3,1.3,a49d0111c5bb,481,15.84,0,0,0,0,0,0,0,1.42724,1263.79,0.460637,0.520575,0,0.0264,0.905353,0.95589,,,,,0
anim_launch_firsttimewakeup_helloworld,v1.3,1.3,a49d0111c5bb,302,9.933,0,0,0,0,0,0,0,1.54476,2005.53,0.574498,0.56354,0,0.0264,0.962835,0.59289,,,,,0
anim_launch_idle_01,v1.3,1.3,a49d0111c5bb,117,3.828,0,0,0,0,0,0,0,0.900025,1437.51,0.30649,0.02328,0,0.00154239,0.940808,,,,,,0
anim_launch_idle_02,v1.3,1.3,a49d0111c5bb,106,3.465,0,0,0,0,0,0,0,0.59974,853.952,0.185822,0.0101948,0,0.000666738,0.963364,,,,,,0
anim_launch_idle_03,v1.3,1.3,a49d0111c5bb,61,1.98,0,0,0,0,0,0,0,0.470263,649.55,0.118527,0.0282701,0,0.00193328,0.912358,,,,,,0
anim_launch_lifteffortpickup_01,v1.3,1.3,a49d0111c5bb,31,0.99,0,0,0,0,0,0,0,1.47658,4359,0.212053,0.183645,0,0.0264,,,,,,,0
anim_launch_lifteffortplacehigh_01,v1.3,1.3,a49d0111c5bb,21,0.66,0,0,0,0,0,0,0,0.550917,880.776,0.118632,0.0494589,0,0.00737804,,,,,,SHORT,10
anim_launch_lifteffortplacelow_01,v1.3,1.3,a49d0111c5bb,23,0.726,0,0,0,0,0,0,0,0.955683,2052.7,0.156116,0,0,0,,,,,,SHORT,10
anim_launch_reacttocubepickup,v1.3,1.3,a49d0111c5bb,165,5.412,0,0,0,0,0,0,0.317073,1.8,5662.5,1.87038,0.0483723,0,0.00410831,0.940949,0.37927,0.911872,,,RATE,12.683
anim_launch_reacttoputdown,v1.3,1.3,a49d0111c5bb,119,3.894,0,0,0,0,0,0,0.576271,1.8,8974.18,1.10791,0.510607,0,0.0264,0.8756,0.797147,0.895438,,,RATE,23.051
anim_launch_search_head_angle_-20,v1.3,1.3,a49d0111c5bb,23,0.726,0,0,0,0,0,0,0,1.18897,1699.71,0.291153,0.032274,0,0.00167871,0.975062,,,3.82398,6.04992,SHORT;DYN,35
anim_launch_search_head_angle_20,v1.3,1.3,a49d0111c5bb,23,0.726,0,0,0,0,0,0,0,0.857483,1603.01,0.166456,0.032274,0,0.00167871,0.949501,,,,,SHORT,10
anim_launch_search_head_angle_40,v1.3,1.3,a49d0111c5bb,23,0.726,0,0,0,0,0,0,0,0.783779,1548.15,0.150092,0.032274,0,0.00167871,0.933081,,,,,SHORT,10
anim_launch_sleeping_01,v1.3,1.3,a49d0111c5bb,395,13.002,0,0,0,0,0,0,0.00253807,1.8,1419.28,0.38388,0.248445,0,0.0160338,0.984581,,,,,,0.102
anim_launch_startdriving_01,v1.3,1.3,a49d0111c5bb,29,0.924,0,0,0,0,0,0,0,1.23296,1749.89,0.296777,0.0126853,0,0.00127056,0.991887,,,,,SHORT,10
anim_launch_startsleeping_01,v1.3,1.3,a49d0111c5bb,11,0.33,0,0,0,0,0,0,0,0,0,0,0,0,0,,,,,,TINY;SHORT;STATIC,70
anim_launch_wakeup_01,v1.3,1.3,a49d0111c5bb,231,7.59,0,0,0,0,0,0,0.00434783,1.8,1655.48,0.707213,0.710748,0,0.0264,0.984182,,0.684585,,,,0.174
anim_launch_wakeup_02,v1.3,1.3,a49d0111c5bb,121,3.96,0,0,0,0,0,0,0,1.58718,1775.17,0.576996,0.691588,0,0.0264,0.986437,,,,,,0
anim_launch_wakeup_03,v1.3,1.3,a49d0111c5bb,136,4.455,0,0,0,0,0,0,0,1.55581,1595.78,0.673784,0.753745,0,0.0264,0.99275,0.745766,,,,,0
anim_launch_wakeup_04,v1.3,1.3,a49d0111c5bb,106,3.465,0,0,0,0,0,0,0,1.35404,1939.73,0.568661,0.701932,0,0.0264,0.990286,,,,,,0
anim_launch_wakeup_05,v1.3,1.3,a49d0111c5bb,96,3.135,0,0,0,0,0,0,0.178947,1.8,7482.94,0.755803,0.765762,0,0.0264,0.716256,0.297454,0.935351,,,RATE;LOWCORR,22.158
anim_launch_wakeup_drivingloop_01,v1.3,1.3,a49d0111c5bb,58,1.881,0,0,0,0,0,0,0,0.57931,1047.53,0.20455,0.0619276,0,0.00472903,0.867846,,,,,,0
anim_launch_wakeup_drivingloop_02,v1.3,1.3,a49d0111c5bb,75,2.442,0,0,0,0,0,0,0,0.0940654,84.3792,0.0183994,0.0100782,0,0.000769258,0.978045,,,,,STATIC,50
anim_launch_wakeup_enddriving_01,v1.3,1.3,a49d0111c5bb,14,0.429,0,0,0,0,0,0,0,0.389612,1258.48,0.0515811,0.0404798,0,0.00362003,,,,,,TINY;SHORT,20
anim_launch_wakeup_startdriving_01,v1.3,1.3,a49d0111c5bb,123,4.026,0,0,0.170732,0,0,0.170732,0.0491803,1.8,3055.19,0.987083,0.0335606,0,0.00280446,0.993362,,,,,SAT,19.04
anim_loco_driving01_end_01,v1.3,1.3,a49d0111c5bb,17,0.528,0,0,0,0,0,0,0,0.886974,2028.27,0.184178,0.0142382,0,0.00298715,0.881384,,,,,SHORT,10
anim_loco_driving01_loop_01,v1.3,1.3,a49d0111c5bb,58,1.881,0,0,0,0,0,0,0,0.530207,1005.05,0.133997,0.0619276,0,0.00472903,0.895822,,,,,,0
anim_loco_driving01_loop_02,v1.3,1.3,a49d0111c5bb,75,2.442,0,0,0,0,0,0,0,0.282723,196.371,0.073429,0.0100782,0,0.000769258,0.995825,,,,,,0
anim_loco_driving01_loop_03,v1.3,1.3,a49d0111c5bb,101,3.3,0,0,0,0,0,0,0,1.485,2738.46,0.253414,0.0695143,0,0.00465733,0.975114,,,2.15349,4.31266,,0
anim_loco_driving01_start_01,v1.3,1.3,a49d0111c5bb,116,3.795,0,0,0,0,0,0,0,1.04411,1376.92,0.214114,0.0305148,0,0.00280446,0.952499,,,,,,0
anim_loco_driving01_start_02,v1.3,1.3,a49d0111c5bb,34,1.089,0,0,0,0,0,0,0,1.08817,1205.33,0.179925,0.0305328,0,0.00363278,0.857285,,,,,,0
anim_lookinplaceforfaces_keepalive_long_head_angle_-20,v1.3,1.3,a49d0111c5bb,61,1.98,0,0,0,0,0,0,0,1.07993,1548.87,0.286824,0.00743377,0,0.000553846,0.975691,,,,,,0
anim_lookinplaceforfaces_keepalive_long_head_angle_20,v1.3,1.3,a49d0111c5bb,61,1.98,0,0,0,0,0,0,0,0.869209,1182.64,0.286824,0.00743377,0,0.000553846,0.963779,,,,,,0
anim_lookinplaceforfaces_keepalive_long_head_angle_40,v1.3,1.3,a49d0111c5bb,61,1.98,0,0,0,0,0,0,0,0.828974,1189.78,0.286824,0.00743377,0,0.000553846,0.948395,,,,,,0
anim_lookinplaceforfaces_keepalive_medium_head_angle_-20,v1.3,1.3,a49d0111c5bb,31,0.99,0,0,0,0,0,0,0,1.40937,2567.29,0.358467,0.0254893,0,0.0033356,0.97189,,,,,,0
anim_lookinplaceforfaces_keepalive_medium_head_angle_20,v1.3,1.3,a49d0111c5bb,31,0.99,0,0,0,0,0,0,0,0.883355,1356.06,0.220436,0.0254893,0,0.0033356,0.971899,,,,,,0
anim_lookinplaceforfaces_keepalive_medium_head_angle_40,v1.3,1.3,a49d0111c5bb,31,0.99,0,0,0,0,0,0,0,0.876116,1360.28,0.220436,0.0254893,0,0.0033356,0.970166,,,,,,0
anim_lookinplaceforfaces_keepalive_short_head_angle_-20,v1.3,1.3,a49d0111c5bb,11,0.33,0,0,0,0,0,0,0,0,0,0,0,0,0,,,,,,TINY;SHORT;STATIC,70
anim_lookinplaceforfaces_keepalive_short_head_angle_20,v1.3,1.3,a49d0111c5bb,11,0.33,0,0,0,0,0,0,0,0,0,0,0,0,0,,,,,,TINY;SHORT;STATIC,70
anim_lookinplaceforfaces_keepalive_short_head_angle_40,v1.3,1.3,a49d0111c5bb,11,0.33,0,0,0,0,0,0,0,0,0,0,0,0,0,,,,,,TINY;SHORT;STATIC,70
anim_majorfail,v1.3,1.3,a49d0111c5bb,264,8.679,0,0,0,0,0,0,0.174905,1.8,7571.94,1.52227,0.482198,0,0.0264,0.668554,0.889628,0.694002,,,RATE,6.996
anim_majorwin,v1.3,1.3,a49d0111c5bb,65,2.112,0,0,0,0,0,0,0,1.56429,3380.81,0.332034,0.621737,0,0.0264,0.978128,0.307871,,,,,0
anim_meetcozmo_celebration,v1.3,1.3,a49d0111c5bb,313,10.296,0,0,0,0,0,0,0.391026,1.8,8744.33,1.38254,0.74005,0,0.0264,0.835595,0.844113,0.752376,,,RATE,15.641
anim_meetcozmo_celebration_02,v1.3,1.3,a49d0111c5bb,89,2.904,0,0,0,0,0,0,0.397727,1.8,9543,1.08327,0.481621,0,0.0264,0.852839,0.907886,,,,RATE,15.909
anim_meetcozmo_celebration_02_head_angle_-20,v1.3,1.3,a49d0111c5bb,89,2.904,0,0,0,0,0,0,0.397727,1.8,9259.63,1.06285,0.480494,0,0.0264,0.601774,0.729499,,,,RATE,15.909
anim_meetcozmo_celebration_02_head_angle_20,v1.3,1.3,a49d0111c5bb,89,2.904,0,0,0,0,0,0,0.375,1.8,9594.68,1.09224,0.480494,0,0.0264,0.888834,0.891211,,,,RATE,15
anim_meetcozmo_celebration_02_head_angle_40,v1.3,1.3,a49d0111c5bb,89,2.904,0,0,0,0,0,0,0.431818,1.8,9313.59,1.05288,0.486418,0,0.0264,0.880906,0.90478,,4.35629,9.92544,RATE;DYN,42.273
anim_meetcozmo_getin_head_angle_-20,v1.3,1.3,a49d0111c5bb,21,0.66,0,0,0,0,0,0,0,0.883301,2277.2,0.14052,0,0,0,0.915853,,,,,SHORT,10
anim_meetcozmo_getin_head_angle_20,v1.3,1.3,a49d0111c5bb,21,0.66,0,0,0,0,0,0,0,0.874089,2461.31,0.134315,0,0,0,0.909285,,,,,SHORT,10
anim_meetcozmo_getin_head_angle_40,v1.3,1.3,a49d0111c5bb,21,0.66,0,0,0,0,0,0,0,0.874086,2461.31,0.134315,0,0,0,0.909285,,,,,SHORT,10
anim_meetcozmo_lookface,v1.3,1.3,a49d0111c5bb,116,3.795,0,0,0,0,0,0,0,0.35683,438.295,0.154243,0.0642924,0,0.00491235,0.988944,0.474586,,,,,0
anim_meetcozmo_lookface_02,v1.3,1.3,a49d0111c5bb,163,5.346,0,0,0,0,0,0,0,0.203696,225.502,0.0359466,0.170124,0,0.00772381,,,,,,STATIC,50
anim_meetcozmo_lookface_getin_head_angle_-20,v1.3,1.3,a49d0111c5bb,35,1.122,0,0,0,0,0,0,0.0882353,1.8,3576.2,0.442997,0.495569,0,0.0264,0.896844,0.190883,,,,RATE;LOWCORR,18.529
anim_meetcozmo_lookface_getin_head_angle_20,v1.3,1.3,a49d0111c5bb,35,1.122,0,0,0,0,0,0,0,1.46203,2923.19,0.261682,0.495569,0,0.0264,0.868314,0.531953,,,,,0
anim_meetcozmo_lookface_getin_head_angle_40,v1.3,1.3,a49d0111c5bb,35,1.122,0,0,0,0,0,0,0,0.896656,2079.95,0.144581,0.495569,0,0.0264,0.75422,0.531953,,,,,0
anim_meetcozmo_lookface_getout_head_angle_-20,v1.3,1.3,a49d0111c5bb,13,0.396,0,0,0,0,0,0,0,0.546423,2084.54,0.122932,0.000951946,0,9.31621e-05,-0.377816,0.11246,,,,TINY;SHORT;LOWCORR,35
anim_meetcozmo_lookface_getout_head_angle_20,v1.3,1.3,a49d0111c5bb,13,0.396,0,0,0,0,0,0,0,0.306759,1626.17,0.0599091,0.000951946,0,9.31621e-05,-0.275836,0.447022,,,,TINY;SHORT;LOWCORR,35
anim_meetcozmo_lookface_getout_head_angle_40,v1.3,1.3,a49d0111c5bb,13,0.396,0,0,0,0,0,0,0,0.38402,1450.89,0.0452828,0.000951946,0,9.31621e-05,-0.413838,0.447022,,,,TINY;SHORT;STATIC;LOWCORR,85
anim_meetcozmo_lookface_head_angle_-20,v1.3,1.3,a49d0111c5bb,116,3.795,0,0,0,0,0,0,0,0.472528,466.199,0.214311,0.0642924,0,0.00491235,0.993504,0.0766936,,,,LOWCORR,15
anim_meetcozmo_lookface_head_angle_20,v1.3,1.3,a49d0111c5bb,116,3.795,0,0,0,0,0,0,0,0.35683,438.294,0.154243,0.0642924,0,0.00491235,0.988944,0.474586,,,,,0
anim_meetcozmo_lookface_head_angle_40,v1.3,1.3,a49d0111c5bb,116,3.795,0,0,0,0,0,0,0,0.265335,438.118,0.0511141,0.0642924,0,0.00491235,,0.474586,,,,,0
anim_meetcozmo_lookface_interrupt,v1.3,1.3,a49d0111c5bb,13,0.396,0,0,0,0,0,0,0,0.306759,1300.8,0.0525115,0.000951946,0,9.31621e-05,-0.549815,0.447022,,,,TINY;SHORT;LOWCORR,35
anim_meetcozmo_reenrollment_sayname_01,v1.3,1.3,a49d0111c5bb,81,2.64,0,0,0,0,0,0,0.2125,1.8,4274.74,0.799425,0.491439,0,0.0264,0.934534,0.435561,,,,RATE,8.5
anim_meetcozmo_reenrollment_sayname_02,v1.3,1.3,a49d0111c5bb,83,2.706,0,0,0,0,0,0,0.207317,1.8,7614.13,0.875307,0.491055,0,0.0264,0.923175,0.0881338,,,,RATE;LOWCORR,23.293
anim_meetcozmo_reenrollment_sayname_03,v1.3,1.3,a49d0111c5bb,48,1.551,0,0,0,0,0,0,0.574468,1.8,8181.67,0.868214,0.508107,0,0.0264,0.887898,0.882604,,3.63673,8.2549,RATE;DYN,47.979
anim_meetcozmo_sayname_01_head_angle_-20,v1.3,1.3,a49d0111c5bb,109,3.564,0,0,0,0,0,0,0.0555556,1.8,3582.71,0.612885,0.0700806,0,0.00336218,0.969727,-0.0573151,0.806169,,,RATE;LOWCORR,17.222
anim_meetcozmo_sayname_01_head_angle_20,v1.3,1.3,a49d0111c5bb,109,3.564,0,0,0,0,0,0,0.138889,1.8,5510.74,0.612885,0.0700806,0,0.00336218,0.994843,-0.142487,0.806169,,,RATE;LOWCORR,20.556
anim_meetcozmo_sayname_01_head_angle_40,v1.3,1.3,a49d0111c5bb,109,3.564,0,0,0,0,0,0,0.148148,1.8,4287.33,0.746076,0.0700806,0,0.00336218,0.991814,0.472838,0.806169,,,RATE,5.926
anim_meetcozmo_sayname_02_head_angle_-20,v1.3,1.3,a49d0111c5bb,75,2.442,0,0,0,0,0,0,0.202703,1.8,6580.55,0.930756,0.41571,0,0.0264,0.950142,0.00916243,,,,RATE;LOWCORR,23.108
anim_meetcozmo_sayname_02_head_angle_20,v1.3,1.3,a49d0111c5bb,75,2.442,0,0,0,0,0,0,0.0540541,1.8,3406.95,0.540678,0.41571,0,0.0264,0.963528,0.302784,,,,RATE,2.162
anim_meetcozmo_sayname_02_head_angle_40,v1.3,1.3,a49d0111c5bb,75,2.442,0,0,0,0,0,0,0.0945946,1.8,4830.8,0.606815,0.41571,0,0.0264,0.953102,0.509701,,,,RATE,3.784
anim_memorymatch_failgame_cozmo_01,v1.3,1.3,a49d0111c5bb,151,4.95,0,0,0,0,0,0,0.326667,1.8,8661.72,1.23096,0.507236,0,0.0264,0.693742,0.855031,0.85535,,,RATE,13.067
anim_memorymatch_failgame_cozmo_02,v1.3,1.3,a49d0111c5bb,136,4.455,0,0,0,0,0,0,0.244444,1.8,8214.78,1.02023,0.6462,0,0.0264,0.584713,0.900599,0.960666,,,RATE,9.778
anim_memorymatch_failgame_cozmo_03,v1.3,1.3,a49d0111c5bb,177,5.808,0,0,0,0,0,0,0,1.60174,1830.85,0.436932,0.39067,0,0.0264,0.895994,,,,,,0
anim_memorymatch_failgame_player_01,v1.3,1.3,a49d0111c5bb,31,0.99,0,0,0,0,0,0,0,1.02391,1480.3,0.302248,0.000976861,0,6.65188e-05,0.979129,,,,,,0
anim_memorymatch_failgame_player_02,v1.3,1.3,a49d0111c5bb,94,3.069,0,0,0,0,0,0,0.182796,1.8,8867.35,1.0379,0.482186,0,0.0264,0.703685,0.831633,0.78945,,,RATE,7.312
anim_memorymatch_failgame_player_03,v1.3,1.3,a49d0111c5bb,81,2.64,0,0,0,0,0,0,0.1375,1.8,5897.38,0.810539,0.569381,0,0.0264,0.931291,0.836733,,,,RATE,5.5
anim_memorymatch_failhand_01,v1.3,1.3,a49d0111c5bb,34,1.089,0,0,0,0,0,0,0.151515,1.8,4391.25,0.471216,0.324142,0,0.0264,0.848631,0.305383,0.834827,,,RATE,6.061
anim_memorymatch_failhand_02,v1.3,1.3,a49d0111c5bb,41,1.32,0,0,0,0,0,0,0,1.75143,4013.88,0.364789,0.194044,0,0.0234776,0.890524,0.80328,,,,,0
anim_memorymatch_failhand_03,v1.3,1.3,a49d0111c5bb,34,1.089,0,0,0,0,0,0,0.212121,1.8,3804.38,0.51615,0.204443,0,0.023879,0.865193,,,,,RATE,8.485
anim_memorymatch_failhand_player_01,v1.3,1.3,a49d0111c5bb,57,1.848,0,0,0,0,0,0,0.303571,1.8,7332.22,0.733724,0.543189,0,0.0264,0.811595,0.804307,,,,RATE,12.143
anim_memorymatch_failhand_player_02,v1.3,1.3,a49d0111c5bb,56,1.815,0,0,0,0,0,0,0,1.70778,4985.22,0.472571,0.491491,0,0.0264,0.924893,0.83419,0.87609,,,,0
anim_memorymatch_failhand_player_03,v1.3,1.3,a49d0111c5bb,59,1.914,0,0,0,0,0,0,0.465517,1.8,9658.52,0.81385,0.179495,0,0.0174804,0.913308,0.930138,0.947043,2.72289,7.98542,RATE,18.621
anim_memorymatch_getout_01,v1.3,1.3,a49d0111c5bb,15,0.462,0,0,0.133333,0,0,0.133333,0.214286,1.8,9052.54,0.316432,0.0772606,0,0.00662833,0.988907,-0.886611,,,,SHORT;SAT;RATE;LOWCORR,46.905
anim_memorymatch_idle_01,v1.3,1.3,a49d0111c5bb,117,3.828,0,0,0,0,0,0,0,1.72263,1987.17,0.474359,0.02328,0,0.00154239,0.954684,,0.981322,,,,0
anim_memorymatch_idle_02,v1.3,1.3,a49d0111c5bb,106,3.465,0,0,0,0,0,0,0,1.01142,1062.35,0.243178,0.0101948,0,0.000666738,0.966634,,,,,,0
anim_memorymatch_idle_03,v1.3,1.3,a49d0111c5bb,61,1.98,0,0,0,0,0,0,0,1.09395,1322.97,0.276863,0.0260553,0,0.00187171,0.781596,0.98047,,,,,0
anim_memorymatch_point_player_audio,v1.3,1.3,a49d0111c5bb,1,0,0,0,0,0,0,0,0,0,0,0,0,0,0,,,,,,DEGENERATE;TINY;SHORT;STATIC,170
anim_memorymatch_pointbigleft_01,v1.3,1.3,a49d0111c5bb,21,0.66,0,0,0,0,0,0,0.7,1.8,12164.1,0.649352,0.110523,0,0.00834447,0.98137,-0.0661295,0.959103,,,SHORT;RATE;LOWCORR,53
anim_memorymatch_pointbigleft_02,v1.3,1.3,a49d0111c5bb,21,0.66,0,0,0,0,0,0,0.7,1.8,12164.1,0.649352,0.110523,0,0.00834447,0.98137,-0.0661295,0.959103,,,SHORT;RATE;LOWCORR,53
anim_memorymatch_pointbigleft_fast_01,v1.3,1.3,a49d0111c5bb,9,0.264,0,0,0,0,0,0,0.625,1.8,21142.8,0.39501,0,0,0,0.899875,-0.269956,0.921491,,,TINY;SHORT;RATE;LOWCORR,60
anim_memorymatch_pointbigleft_fast_02,v1.3,1.3,a49d0111c5bb,13,0.396,0,0,0,0,0,0,0.75,1.8,12974.3,0.607113,0.160447,0,0.0146774,0.970534,-0.145234,0.841613,,,TINY;SHORT;RATE;LOWCORR,65
anim_memorymatch_pointbigright_01,v1.3,1.3,a49d0111c5bb,21,0.66,0,0,0,0,0,0,0.4,1.8,7840.98,0.631477,0.0359944,0,0.00348675,0.959143,-0.282083,0.973579,,,SHORT;RATE;LOWCORR,41
anim_memorymatch_pointbigright_02,v1.3,1.3,a49d0111c5bb,21,0.66,0,0,0,0,0,0,0.4,1.8,7840.98,0.631477,0.0359944,0,0.00348675,0.959143,-0.282083,0.973579,,,SHORT;RATE;LOWCORR,41
anim_memorymatch_pointbigright_fast_01,v1.3,1.3,a49d0111c5bb,11,0.33,0,0,0,0,0,0,0.7,1.8,5488.61,0.51381,0,0,0,0.909291,0.0174621,0.938974,,,TINY;SHORT;RATE;LOWCORR,63
anim_memorymatch_pointbigright_fast_02,v1.3,1.3,a49d0111c5bb,11,0.33,0,0,0,0,0,0,0.7,1.8,17255.9,0.51381,0,0,0,0.977815,0.376365,0.938974,,,TINY;SHORT;RATE,48
anim_memorymatch_pointcenter_01,v1.3,1.3,a49d0111c5bb,19,0.594,0,0,0,0,0,0,0.388889,1.8,12062.3,0.500959,0.0825492,0,0.00659686,0.892432,0.925207,,,,SHORT;RATE,25.556
anim_memorymatch_pointcenter_02,v1.3,1.3,a49d0111c5bb,19,0.594,0,0,0,0,0,0,0.222222,1.8,12946.3,0.324782,0.0180873,0,0.0014739,0.838643,-0.371768,,,,SHORT;RATE;LOWCORR,33.889
anim_memorymatch_pointcenter_03,v1.3,1.3,a49d0111c5bb,21,0.66,0,0,0,0,0,0,0.25,1.8,7060.3,0.424682,0,0,0,0.509692,0.898555,,,,SHORT;RATE,20
anim_memorymatch_pointcenter_fast_01,v1.3,1.3,a49d0111c5bb,12,0.363,0,0,0,0,0,0,0.454545,1.8,10373.6,0.51387,0.0761708,0,0.0077318,0.866093,0.880079,,,,TINY;SHORT;RATE,38.182
anim_memorymatch_pointcenter_fast_02,v1.3,1.3,a49d0111c5bb,11,0.33,0,0,0,0,0,0,0.2,1.8,13073.7,0.293435,0,0,0,0.78733,-0.436748,,5.23167,8.17306,TINY;SHORT;RATE;LOWCORR;DYN,68
anim_memorymatch_pointcenter_fast_03,v1.3,1.3,a49d0111c5bb,12,0.363,0,0,0,0,0,0,0.0909091,1.8,10420.7,0.257746,0,0,0,0.717634,0.559944,,,,TINY;SHORT;RATE,23.636
anim_memorymatch_pointsmallleft_01,v1.3,1.3,a49d0111c5bb,21,0.66,0,0,0,0,0,0,0.5,1.8,11710.9,0.756182,0.0694861,0,0.00808525,0.850983,0.595669,0.922322,,,SHORT;RATE,30
anim_memorymatch_pointsmallleft_02,v1.3,1.3,a49d0111c5bb,21,0.66,0,0,0,0,0,0,0.5,1.8,11710.9,0.756182,0.0694861,0,0.00808525,0.850983,0.595669,0.922322,,,SHORT;RATE,30
anim_memorymatch_pointsmallleft_fast_01,v1.3,1.3,a49d0111c5bb,11,0.33,0,0,0,0,0,0,0.7,1.8,20262.8,0.443976,0.129166,0,0.0137899,0.63689,0.540031,0.960351,,,TINY;SHORT;RATE,48
anim_memorymatch_pointsmallleft_fast_02,v1.3,1.3,a49d0111c5bb,10,0.297,0,0,0,0,0,0,0.666667,1.8,17208.6,0.45441,0,0,0,0.95947,0.63675,0.969271,,,TINY;SHORT;RATE,46.667
anim_memorymatch_pointsmallright_01,v1.3,1.3,a49d0111c5bb,26,0.825,0,0,0,0,0,0,0.32,1.8,9818.86,0.643314,0.0402148,0,0.00349319,0.813717,0.460558,0.85623,,,SHORT;RATE,22.8
anim_memorymatch_pointsmallright_02,v1.3,1.3,a49d0111c5bb,26,0.825,0,0,0,0,0,0,0.32,1.8,9965.91,0.643314,0.0402148,0,0.00349319,0.789004,0.460558,0.85623,,,SHORT;RATE,22.8
anim_memorymatch_pointsmallright_fast_01,v1.3,1.3,a49d0111c5bb,16,0.495,0,0,0,0,0,0,0.533333,1.8,8867.53,0.624073,0.0556394,0,0.00669312,0.797319,0.586292,0.874039,,,SHORT;RATE,31.333
anim_memorymatch_pointsmallright_fast_02,v1.3,1.3,a49d0111c5bb,13,0.396,0,0,0,0,0,0,0.416667,1.8,17168.5,0.420893,0.125158,0,0.0114492,0.654776,-0.152563,0.835813,,,TINY;SHORT;RATE;LOWCORR,51.667
anim_memorymatch_reacttopattern_01,v1.3,1.3,a49d0111c5bb,12,0.363,0,0,0,0,0,0,0,1.27291,1960.81,0.141231,0.00148207,0,0.000196934,0.98884,-0.844806,,,,TINY;SHORT;LOWCORR,35
anim_memorymatch_reacttopattern_02,v1.3,1.3,a49d0111c5bb,15,0.462,0,0,0,0,0,0,0,0.741493,1292.14,0.161893,0.0130809,0,0.00108731,0.982663,,,,,SHORT,10
anim_memorymatch_reacttopattern_standard_01,v1.3,1.3,a49d0111c5bb,99,3.234,0,0,0,0,0,0,0.0612245,1.8,4421.78,0.444087,0,0,0,0.930828,0.892877,,,,RATE,2.449
anim_memorymatch_reacttopattern_struggle_01,v1.3,1.3,a49d0111c5bb,130,4.257,0,0,0,0,0,0,0.0387597,1.8,3081.84,0.932331,0.544454,0,0.0264,0.802682,0.978862,0.711855,,,,1.55
anim_memorymatch_reacttopattern_struggle_02,v1.3,1.3,a49d0111c5bb,211,6.93,0,0,0,0,0,0,0.0142857,1.8,2940.4,0.645797,0.144872,0,0.0099256,0.904968,0.00555085,0.635912,,,LOWCORR,15.571
anim_memorymatch_reacttopattern_struggle_03,v1.3,1.3,a49d0111c5bb,40,1.287,0,0,0,0,0,0,0.410256,1.8,10884,0.619352,0.376044,0,0.0264,0.88539,0.764711,0.604168,,,RATE,16.41
anim_memorymatch_solo_failhand_player_01,v1.3,1.3,a49d0111c5bb,71,2.31,0,0,0,0,0,0,0,1.41789,3636.49,0.422526,0.1438,0,0.0136161,0.95679,0.211655,,,,LOWCORR,15
anim_memorymatch_solo_failhand_player_02,v1.3,1.3,a49d0111c5bb,71,2.31,0,0,0,0,0,0,0,1.41789,3636.49,0.422526,0.1438,0,0.0136161,0.95679,0.211655,,,,LOWCORR,15
anim_memorymatch_solo_failhand_player_03,v1.3,1.3,a49d0111c5bb,71,2.31,0,0,0,0,0,0,0,1.41789,3636.49,0.422526,0.1438,0,0.0136161,0.95679,0.211655,,2.67798,7.56805,LOWCORR,15
anim_memorymatch_solo_reacttopattern_01,v1.3,1.3,a49d0111c5bb,96,3.135,0,0,0,0,0,0,0,1.38306,2270.16,0.223857,0.50588,0,0.0264,0.742095,-0.448537,,,,LOWCORR,15
anim_memorymatch_solo_reacttopattern_02,v1.3,1.3,a49d0111c5bb,22,0.693,0,0,0,0,0,0,0,0.733126,2177.22,0.105146,0,0,0,0.749734,-0.00623546,,,,SHORT;LOWCORR,25
anim_memorymatch_solo_reacttopattern_03,v1.3,1.3,a49d0111c5bb,31,0.99,0,0,0,0,0,0,0,0.932982,1822.97,0.209431,0.4224,0,0.0264,0.877744,-0.88992,,,,LOWCORR,15
anim_memorymatch_solo_successgame_player_01,v1.3,1.3,a49d0111c5bb,47,1.518,0,0,0,0,0,0,0.630435,1.8,12278.7,0.838413,0.41232,0,0.0264,0.768398,0.595878,0.69299,,,RATE,25.217
anim_memorymatch_solo_successgame_player_02,v1.3,1.3,a49d0111c5bb,43,1.386,0,0,0,0,0,0,0.642857,1.8,11699.6,0.83843,0.413034,0,0.0264,0.765828,0.582507,0.658263,,,RATE,25.714
anim_memorymatch_solo_successgame_player_03,v1.3,1.3,a49d0111c5bb,43,1.386,0,0,0,0,0,0,0.642857,1.8,11699.6,0.83843,0.413034,0,0.0264,0.765828,0.582507,0.658263,,,RATE,25.714
anim_memorymatch_successhand_cozmo_01,v1.3,1.3,a49d0111c5bb,34,1.089,0,0,0,0,0,0,0,1.68681,7402.39,0.292564,0.4488,0,0.0264,0.888066,-0.187407,,,,LOWCORR,15
anim_memorymatch_successhand_cozmo_02,v1.3,1.3,a49d0111c5bb,51,1.65,0,0,0,0,0,0,0.58,1.8,8483.95,0.973878,0.498603,0,0.0264,0.944397,-0.45053,,,,RATE;LOWCORR,38.2
anim_memorymatch_successhand_cozmo_03,v1.3,1.3,a49d0111c5bb,94,3.069,0,0,0,0,0,0,0.182796,1.8,8867.35,1.0379,0.482186,0,0.0264,0.703685,0.831633,0.78945,,,RATE,7.312
anim_memorymatch_successhand_cozmo_04,v1.3,1.3,a49d0111c5bb,189,6.204,0,0,0,0,0,0,0.228723,1.8,5220.43,1.76212,0.497346,0,0.0264,0.418627,0.905982,0.780393,,,RATE,9.149
anim_memorymatch_successhand_player_01,v1.3,1.3,a49d0111c5bb,69,2.244,0,0,0,0,0,0,0,1.24447,2652.41,0.387129,0,0,0,0.885636,0.524955,,,,,0
anim_memorymatch_successhand_player_02,v1.3,1.3,a49d0111c5bb,96,3.135,0,0,0,0,0,0,0.189474,1.8,6064.78,0.722569,0.514088,0,0.0264,0.968355,0.893267,0.929199,,,RATE,7.579
anim_memorymatch_successhand_player_03,v1.3,1.3,a49d0111c5bb,111,3.63,0,0,0,0,0,0,0.309091,1.8,8305.1,0.753291,0.0831578,0,0.00661105,0.698425,0.803777,0.71647,,,RATE,12.364
anim_mm_newidea,v1.3,1.3,a49d0111c5bb,41,1.32,0,0,0,0,0,0,0,0.338544,665.397,0.0509948,0.0245478,0,0.00179201,,,,,,,0
anim_mm_thinking,v1.3,1.3,a49d0111c5bb,11,0.33,0,0,0,0,0,0,0,0,0,0,0,0,0,,,,,,TINY;SHORT;STATIC,70
anim_motiontrack_turnsmall,v1.3,1.3,a49d0111c5bb,6,0.165,0,0,0,0,0,0,0,0,0,0,0,0,0,,,,,,TINY;SHORT;STATIC,70
anim_neutral_eyes_01,v1.3,1.3,a49d0111c5bb,1,0,0,0,0,0,0,0,0,0,0,0,0,0,0,,,,,,DEGENERATE;TINY;SHORT;STATIC,170
anim_pause_idle_01,v1.3,1.3,a49d0111c5bb,171,5.61,0,0,0,0,0,0,0,1.31669,1338.6,0.306206,0.00883025,0,0.000780106,0.986959,,0.990593,2.3089,3.60944,,0
anim_pause_idle_02,v1.3,1.3,a49d0111c5bb,116,3.795,0,0,0,0,0,0,0,1.00988,1125.91,0.232056,0.010129,0,0.000559032,0.95291,,,,,,0
anim_pause_idle_03,v1.3,1.3,a49d0111c5bb,101,3.3,0,0,0,0,0,0,0,1.49167,1819.72,0.21891,0.0190552,0,0.00131196,0.923455,,,,,,0
anim_peekaboo_fail_01,v1.3,1.3,a49d0111c5bb,116,3.795,0,0,0,0,0,0,0.0608696,1.8,3245.34,0.562024,0.476949,0,0.0264,0.981578,0.0321341,,,,RATE;LOWCORR,17.435
anim_peekaboo_failgetout_01,v1.3,1.3,a49d0111c5bb,206,6.765,0,0,0,0,0,0,0.136585,1.8,4044.36,1.37215,0.561509,0,0.0264,0.972322,,0.947574,,,RATE,5.463
anim_peekaboo_getin_01,v1.3,1.3,a49d0111c5bb,71,2.31,0,0,0,0,0,0,0.0857143,1.8,4957.36,0.447269,0.0512868,0,0.00374585,0.94148,0.0265614,,,,RATE;LOWCORR,18.429
anim_peekaboo_idle_01,v1.3,1.3,a49d0111c5bb,141,4.62,0,0,0,0,0,0,0,1.25984,1091.83,0.315107,0.031063,0,0.00165224,0.987109,,,,,,0
anim_peekaboo_idle_02,v1.3,1.3,a49d0111c5bb,126,4.125,0,0,0,0,0,0,0,0.828147,894.118,0.204327,0.0104344,0,0.000557899,0.894247,,,,,,0
anim_peekaboo_idle_03,v1.3,1.3,a49d0111c5bb,151,4.95,0,0,0,0,0,0,0,0.854622,830.331,0.237742,0.0102287,0,0.000554919,0.961969,,,,,,0
anim_peekaboo_requestonce_01,v1.3,1.3,a49d0111c5bb,93,3.036,0,0,0,0,0,0,0.478261,1.8,10285.8,1.46803,0.502473,0,0.0264,0.713057,0.857229,,,,RATE,19.13
anim_peekaboo_requestshorts_01,v1.3,1.3,a49d0111c5bb,53,1.716,0,0,0,0,0,0,0.596154,1.8,7303.7,1.10936,0.360029,0,0.0264,0.517392,0.813704,,,,RATE,23.846
anim_peekaboo_requestthrice_01,v1.3,1.3,a49d0111c5bb,134,4.389,0,0,0,0,0,0,0.586466,1.8,9690.92,1.29056,0.496377,0,0.0264,0.363195,0.745842,0.79969,,,RATE,23.459
anim_peekaboo_requesttwice_01,v1.3,1.3,a49d0111c5bb,129,4.224,0,0,0,0,0,0,0.460938,1.8,10805.5,1.84502,0.503117,0,0.0264,0.650135,0.792019,0.86973,,,RATE,18.438
anim_peekaboo_success_01,v1.3,1.3,a49d0111c5bb,73,2.376,0,0,0,0,0,0,0.638889,1.8,8844.11,1.90824,0.515531,0,0.0264,0.970377,-0.212615,0.794505,,,RATE;LOWCORR,40.556
anim_peekaboo_success_02,v1.3,1.3,a49d0111c5bb,86,2.805,0,0,0,0,0,0,0.788235,1.8,14596,1.33033,0.49241,0,0.0264,0.748063,0.742786,0.6081,,,RATE,31.529
anim_peekaboo_success_03,v1.3,1.3,a49d0111c5bb,101,3.3,0,0,0,0,0,0,0.29,1.8,9979.37,0.968902,0.498688,0,0.0264,0.286906,0.287187,0.996727,,,RATE;LOWCORR,26.6
anim_peekaboo_successgetout_01,v1.3,1.3,a49d0111c5bb,161,5.28,0,0,0,0,0,0,0.36875,1.8,7649.62,1.25691,0.603062,0,0.0264,0.949803,0.558389,0.747516,,,RATE,14.75
anim_petdetection_cat_01,v1.3,1.3,a49d0111c5bb,264,8.679,0,0,0,0,0,0,0.254753,1.8,7455.87,1.22123,0.577289,0,0.0264,0.891531,0.835378,0.983207,,,RATE,10.19
anim_petdetection_cat_01_head_angle_-20,v1.3,1.3,a49d0111c5bb,264,8.679,0,0,0.00757576,0,0,0.00757576,0.319392,1.8,8726.55,1.30946,0.577289,0,0.0264,0.740616,0.799663,0.983207,3.51007,11.2087,RATE;DYN,38.533
anim_petdetection_cat_01_head_angle_20,v1.3,1.3,a49d0111c5bb,264,8.679,0,0,0,0,0,0,0.285171,1.8,6796.09,1.16229,0.577289,0,0.0264,0.949959,0.965788,0.983207,,,RATE,11.407
anim_petdetection_cat_01_head_angle_40,v1.3,1.3,a49d0111c5bb,264,8.679,0,0,0,0,0,0,0.285171,1.8,6794.46,1.16229,0.577289,0,0.0264,0.952988,0.965788,0.983207,,,RATE,11.407
anim_petdetection_cat_02_head_angle_-20,v1.3,1.3,a49d0111c5bb,321,10.56,0,0,0,0,0,0,0.159375,1.8,7130.48,1.02959,0.632144,0,0.0264,0.950316,-0.211955,0.663851,,,RATE;LOWCORR,21.375
anim_petdetection_cat_02_head_angle_20,v1.3,1.3,a49d0111c5bb,321,10.56,0,0,0,0,0,0,0.15625,1.8,6743.88,1.05653,0.632144,0,0.0264,0.958159,0.0716594,0.663851,,,RATE;LOWCORR,21.25
anim_petdetection_cat_02_head_angle_40,v1.3,1.3,a49d0111c5bb,321,10.56,0,0,0,0,0,0,0.159375,1.8,6869.8,1.05655,0.632144,0,0.0264,0.957201,0.151797,0.663851,,,RATE;LOWCORR,21.375
anim_petdetection_dog_01,v1.3,1.3,a49d0111c5bb,178,5.841,0,0,0,0,0,0,0.180791,1.8,5853.85,1.07142,0.567068,0,0.0264,0.904088,0.64838,,,,RATE,7.232
anim_petdetection_dog_01_head_angle_-20,v1.3,1.3,a49d0111c5bb,178,5.841,0,0,0,0,0,0,0.169492,1.8,6267.22,1.13755,0.567068,0,0.0264,0.870038,0.591586,,,,RATE,6.78
anim_petdetection_dog_01_head_angle_20,v1.3,1.3,a49d0111c5bb,178,5.841,0,0,0,0,0,0,0.175141,1.8,5632.49,1.07514,0.567068,0,0.0264,0.899181,0.886494,,,,RATE,7.006
anim_petdetection_dog_01_head_angle_40,v1.3,1.3,a49d0111c5bb,178,5.841,0,0,0,0,0,0,0.175141,1.8,5632.49,1.07514,0.567068,0,0.0264,0.899181,0.886494,,,,RATE,7.006
anim_petdetection_dog_02_head_angle_-20,v1.3,1.3,a49d0111c5bb,401,13.2,0,0,0,0,0,0,0.27,1.8,7648.55,1.99034,0.546061,0,0.0264,0.789734,0.618047,0.983817,,,RATE,10.8
anim_petdetection_dog_02_head_angle_20,v1.3,1.3,a49d0111c5bb,401,13.2,0,0,0,0,0,0,0.2475,1.8,7047.33,1.99034,0.546061,0,0.0264,0.874295,0.650812,0.983817,,,RATE,9.9
anim_petdetection_dog_02_head_angle_40,v1.3,1.3,a49d0111c5bb,401,13.2,0,0,0,0,0,0,0.235,1.8,6923.18,1.99034,0.546061,0,0.0264,0.880135,0.650812,0.983817,,,RATE,9.4
anim_petdetection_dog_03,v1.3,1.3,a49d0111c5bb,257,8.448,0,0,0,0,0,0,0.160156,1.8,6732.06,1.029,0.555948,0,0.0264,0.928838,0.11689,0.86795,,,RATE;LOWCORR,21.406
anim_petdetection_dog_03_head_angle_-20,v1.3,1.3,a49d0111c5bb,257,8.448,0,0,0,0,0,0,0.199219,1.8,7607.83,1.029,0.555948,0,0.0264,0.903546,-0.134663,0.86795,,,RATE;LOWCORR,22.969
anim_petdetection_dog_03_head_angle_20,v1.3,1.3,a49d0111c5bb,257,8.448,0,0,0,0,0,0,0.210938,1.8,7049.89,1.029,0.555948,0,0.0264,0.940919,0.200511,0.86795,,,RATE;LOWCORR,23.438
anim_petdetection_dog_03_head_angle_40,v1.3,1.3,a49d0111c5bb,257,8.448,0,0,0,0,0,0,0.191406,1.8,6854.47,1.029,0.555948,0,0.0264,0.948481,0.200511,0.86795,,,RATE;LOWCORR,22.656
anim_petdetection_misc_01_head_angle_-20,v1.3,1.3,a49d0111c5bb,311,10.23,0,0,0,0,0,0,0.209677,1.8,7805.48,1.34473,0.426593,0,0.0264,0.926005,0.502625,0.980546,,,RATE,8.387
anim_petdetection_misc_01_head_angle_20,v1.3,1.3,a49d0111c5bb,311,10.23,0,0,0,0,0,0,0.183871,1.8,6638.87,1.34473,0.426593,0,0.0264,0.954205,0.80614,0.980546,2.83292,11.346,RATE,7.355
anim_petdetection_misc_01_head_angle_40,v1.3,1.3,a49d0111c5bb,311,10.23,0,0,0,0,0,0,0.154839,1.8,6256.02,1.34473,0.426593,0,0.0264,0.959743,0.80614,0.980546,,,RATE,6.194
anim_petdetection_shortreaction_01,v1.3,1.3,a49d0111c5bb,77,2.508,0,0,0,0,0,0,0.289474,1.8,4951.23,0.755747,0.170979,0,0.013188,0.845718,0.872994,,,,RATE,11.579
anim_petdetection_shortreaction_01_head_angle_-20,v1.3,1.3,a49d0111c5bb,77,2.508,0,0,0,0,0,0,0.25,1.8,6738.13,0.735742,0.170979,0,0.013188,0.9263,0.511173,,,,RATE,10
anim_petdetection_shortreaction_01_head_angle_20,v1.3,1.3,a49d0111c5bb,77,2.508,0,0,0,0,0,0,0.236842,1.8,5530.84,0.840146,0.170979,0,0.013188,0.944692,0.895857,,,,RATE,9.474
anim_petdetection_shortreaction_01_head_angle_40,v1.3,1.3,a49d0111c5bb,77,2.508,0,0,0,0,0,0,0.236842,1.8,5530.84,0.840146,0.170979,0,0.013188,0.944692,0.895857,,,,RATE,9.474
anim_petdetection_shortreaction_02_head_angle_-20,v1.3,1.3,a49d0111c5bb,77,2.508,0,0,0,0,0,0,0.236842,1.8,6808.43,0.744137,0.170012,0,0.0131584,0.929392,0.50869,,,,RATE,9.474
anim_petdetection_shortreaction_02_head_angle_20,v1.3,1.3,a49d0111c5bb,77,2.508,0,0,0,0,0,0,0.223684,1.8,5531.83,0.836038,0.170012,0,0.0131584,0.942011,0.8937,,,,RATE,8.947
anim_petdetection_shortreaction_02_head_angle_40,v1.3,1.3,a49d0111c5bb,77,2.508,0,0,0,0,0,0,0.223684,1.8,5531.83,0.836038,0.170012,0,0.0131584,0.942011,0.8937,,,,RATE,8.947
anim_play_driving_end_01,v1.3,1.3,a49d0111c5bb,23,0.726,0,0,0,0,0,0,0,0.991879,2571.34,0.175801,0.2106,0,0.0155587,0.965213,,,,,SHORT,10
anim_play_driving_loop_01,v1.3,1.3,a49d0111c5bb,56,1.815,0,0,0,0,0,0,0,0.898705,1206.78,0.187581,0.0398688,0,0.00282359,0.983044,,,,,,0
anim_play_driving_loop_02,v1.3,1.3,a49d0111c5bb,62,2.013,0,0,0,0,0,0,0,0.717324,931.755,0.150096,0.0179248,0,0.00134718,0.982584,,,,,,0
anim_play_driving_loop_03,v1.3,1.3,a49d0111c5bb,74,2.409,0,0,0,0,0,0,0,1.14292,1332.28,0.255267,0,0,0,0.977417,,,,,,0
anim_play_driving_start_01,v1.3,1.3,a49d0111c5bb,41,1.32,0,0,0,0,0,0,0,0.89958,1372.67,0.186333,0.222492,0,0.0162439,0.97792,,,,,,0
anim_play_getin_01,v1.3,1.3,a49d0111c5bb,186,6.105,0,0,0,0,0,0,0.0594595,1.8,3776.37,0.734691,0.563769,0,0.0260057,0.979704,0.80138,0.996901,,,RATE,2.378
anim_play_getout_01,v1.3,1.3,a49d0111c5bb,59,1.914,0,0,0,0,0,0,0.103448,1.8,3307.32,0.545054,0.447214,0,0.0264,0.917551,0.0636033,0.873714,,,RATE;LOWCORR,19.138
anim_play_idle_01,v1.3,1.3,a49d0111c5bb,73,2.376,0,0,0,0,0,0,0,0.91721,1689.15,0.199362,0.0393159,0,0.00260973,0.982325,0.238944,,,,LOWCORR,15
anim_play_idle_02,v1.3,1.3,a49d0111c5bb,60,1.947,0,0,0,0,0,0,0,1.62611,4588.66,0.331579,0.0193282,0,0.00146675,0.970853,0.364501,,,,,0
anim_play_idle_03,v1.3,1.3,a49d0111c5bb,56,1.815,0,0,0,0,0,0,0,1.29256,2241.21,0.285676,0.026679,0,0.00221986,0.780646,0.378195,,2.35048,5.17277,,0
anim_play_requestplay_level1_01,v1.3,1.3,a49d0111c5bb,135,4.422,0,0,0,0,0,0,0.186567,1.8,7288.4,0.799812,0.5223,0,0.0264,0.965129,0.435084,0.800467,,,RATE,7.463
anim_play_requestplay_level1_02,v1.3,1.3,a49d0111c5bb,141,4.62,0,0,0,0,0,0,0.142857,1.8,6392.83,0.847402,0.582758,0,0.0264,0.962505,0.62862,0.499241,,,RATE,5.714
anim_play_requestplay_level2_01,v1.3,1.3,a49d0111c5bb,171,5.61,0,0,0,0,0,0,0.111765,1.8,5471.27,0.8126,0.533026,0,0.0264,0.986337,0.396422,0.957872,,,RATE,4.471
anim_play_requestplay_level2_02,v1.3,1.3,a49d0111c5bb,87,2.838,0,0,0,0,0,0,0.290698,1.8,5408.63,1.05497,0.535662,0,0.0264,0.950217,0.951191,0.866216,,,RATE,11.628
anim_poked_01,v1.3,1.3,a49d0111c5bb,32,1.023,0,0,0,0,0,0,0,1.0576,1496,0.216302,0.528809,0,0.0264,,,,,,,0
anim_poked_02,v1.3,1.3,a49d0111c5bb,62,2.013,0,0,0,0,0,0,0,1.08064,2354.04,0.406934,0.699499,0,0.0264,,0.874188,,,,,0
anim_poked_giggle,v1.3,1.3,a49d0111c5bb,28,0.891,0,0,0.0714286,0,0,0.0714286,0.407407,1.8,6488.33,0.559286,0.34926,0,0.0264,0.411971,,,,,SHORT;SAT;RATE,33.439
anim_pokedreaction_01,v1.3,1.3,a49d0111c5bb,23,0.726,0,0,0,0,0,0,0.136364,1.8,3930.21,0.439001,0.0194912,0,0.00231564,0.85556,,,,,SHORT;RATE,15.455
anim_pounce_01,v1.3,1.3,a49d0111c5bb,20,0.627,0,0,0,0,0,0,0.263158,1.8,12515.8,0.426119,0.482715,0,0.0264,0.892527,0.220768,,,,SHORT;RATE;LOWCORR,35.526
anim_pounce_02,v1.3,1.3,a49d0111c5bb,76,2.475,0,0,0,0,0,0,0.386667,1.8,10810.7,0.813278,0.495456,0,0.0264,0.860494,0.373877,,,,RATE,15.467
anim_pounce_03,v1.3,1.3,a49d0111c5bb,117,3.828,0,0,0,0,0,0,0.206897,1.8,7400.78,1.1073,0.0545166,0,0.00248259,0.70483,0.323015,,,,RATE,8.276
anim_pounce_04,v1.3,1.3,a49d0111c5bb,66,2.145,0,0,0,0,0,0,0.430769,1.8,11949.6,0.84595,0.326084,0,0.0264,0.522889,0.304033,0.963938,,,RATE,17.231
anim_pounce_drive_01,v1.3,1.3,a49d0111c5bb,36,1.155,0,0,0,0,0,0,0,0.501158,422.279,0.0528392,0.00591505,0,0.000671268,,,,,,,0
anim_pounce_drive_02,v1.3,1.3,a49d0111c5bb,46,1.485,0,0,0,0,0,0,0,0.689768,884.623,0.0654721,0.417687,0,0.0264,,,,,,,0
anim_pounce_drive_03,v1.3,1.3,a49d0111c5bb,31,0.99,0,0,0,0,0,0,0,0.172713,162.806,0.015003,0.00438583,0,0.000406742,,,,,,STATIC,50
anim_pounce_fail_01,v1.3,1.3,a49d0111c5bb,101,3.3,0,0,0,0,0,0,0.25,1.8,7478.5,1.12573,0.585982,0,0.0264,0.873572,0.848107,0.974466,,,RATE,10
anim_pounce_fail_02,v1.3,1.3,a49d0111c5bb,89,2.904,0,0,0,0,0,0,0.25,1.8,8446.05,0.771145,0.64729,0,0.0264,0.967803,0.764978,,,,RATE,10
anim_pounce_fail_03,v1.3,1.3,a49d0111c5bb,124,4.059,0,0,0,0,0,0,0.341463,1.8,8526.36,1.00495,0.41492,0,0.0264,0.935438,0.499585,0.925803,3.91178,10.085,RATE;DYN,38.659
anim_pounce_fail_04,v1.3,1.3,a49d0111c5bb,99,3.234,0,0,0.040404,0,0,0.040404,0.132653,1.8,7522.93,1.05779,0.449397,0,0.0264,0.857381,0.682734,0.917288,,,SAT;RATE,9.347
anim_pounce_long_01,v1.3,1.3,a49d0111c5bb,25,0.792,0,0,0,0,0,0,0.5,1.8,13249.8,0.786805,0.482801,0,0.0264,0.969777,0.757725,,,,SHORT;RATE,30
anim_pounce_lookgetout_01,v1.3,1.3,a49d0111c5bb,16,0.495,0,0,0,0,0,0,0.4,1.8,8931.82,0.540028,0.0344136,0,0.00496262,0.593796,,,,,SHORT;RATE,26
anim_pounce_lookloop_01,v1.3,1.3,a49d0111c5bb,36,1.155,0,0,0,0,0,0,0,0.501158,422.284,0.0528392,0.00591505,0,0.000671268,,,,,,,0
anim_pounce_lookloop_02,v1.3,1.3,a49d0111c5bb,46,1.485,0,0,0,0,0,0,0,0.689768,884.623,0.0654721,0.417687,0,0.0264,,,,,,,0
anim_pounce_lookloop_03,v1.3,1.3,a49d0111c5bb,31,0.99,0,0,0,0,0,0,0,0.172713,162.806,0.015003,0.00438583,0,0.000406742,,,,,,STATIC,50
anim_pounce_reacttoobj_01_shorter,v1.3,1.3,a49d0111c5bb,53,1.716,0,0,0,0,0,0,0.0576923,1.8,3661.88,0.446651,0.450141,0,0.0264,0.88607,0.970371,,,,RATE,2.308
anim_pounce_success_01,v1.3,1.3,a49d0111c5bb,54,1.749,0,0,0,0,0,0,0.471698,1.8,7498.49,1.03854,0.502488,0,0.0264,0.873076,0.19528,,,,RATE;LOWCORR,33.868
anim_pounce_success_02,v1.3,1.3,a49d0111c5bb,54,1.749,0,0,0,0,0,0,0.641509,1.8,8135.48,1.07417,0.502488,0,0.0264,0.867974,0.199335,0.703588,,,RATE;LOWCORR,40.66
anim_pounce_success_03,v1.3,1.3,a49d0111c5bb,73,2.376,0,0,0,0,0,0,0.513889,1.8,14110.9,0.783552,0.543406,0,0.0264,0.919211,0.896653,0.708412,,,RATE,20.556
anim_pounce_success_04,v1.3,1.3,a49d0111c5bb,85,2.772,0,0,0,0,0,0,0.357143,1.8,11454.2,0.959995,0.289988,0,0.0196784,0.782595,0.849285,0.513296,,,RATE,14.286
anim_pyramid_lookinplaceforfaces_long_head_angle_-20,v1.3,1.3,a49d0111c5bb,61,1.98,0,0,0,0,0,0,0,1.04582,1475.27,0.235547,0.00743377,0,0.000553846,0.971193,,,,,,0
anim_pyramid_lookinplaceforfaces_long_head_angle_20,v1.3,1.3,a49d0111c5bb,61,1.98,0,0,0,0,0,0,0,0.853033,1025.8,0.203695,0.00743377,0,0.000553846,0.957922,,,,,,0
anim_pyramid_lookinplaceforfaces_long_head_angle_40,v1.3,1.3,a49d0111c5bb,61,1.98,0,0,0,0,0,0,0,0.807386,1032.73,0.185881,0.00743377,0,0.000553846,0.939025,,,,,,0
anim_pyramid_lookinplaceforfaces_medium,v1.3,1.3,a49d0111c5bb,31,0.99,0,0,0,0,0,0,0,0.571713,1653.75,0.13387,0.0254893,0,0.0033356,0.944764,,,,,,0
anim_pyramid_lookinplaceforfaces_medium_head_angle_-20,v1.3,1.3,a49d0111c5bb,31,0.99,0,0,0,0,0,0,0,1.29679,2980.98,0.281025,0.0254893,0,0.0033356,0.939964,,,,,,0
anim_pyramid_lookinplaceforfaces_medium_head_angle_20,v1.3,1.3,a49d0111c5bb,31,0.99,0,0,0,0,0,0,0,0.801058,1596.57,0.171867,0.0254893,0,0.0033356,0.936967,,,,,,0
anim_pyramid_lookinplaceforfaces_medium_head_angle_40,v1.3,1.3,a49d0111c5bb,31,0.99,0,0,0,0,0,0,0,0.793822,1600.39,0.162941,0.0254893,0,0.0033356,0.93418,,,2.23428,2.63642,,0
anim_pyramid_lookinplaceforfaces_short_head_angle_-20,v1.3,1.3,a49d0111c5bb,11,0.33,0,0,0,0,0,0,0,0.0893564,463.085,0.00975645,0,0,0,,,,,,TINY;SHORT;STATIC,70
anim_pyramid_lookinplaceforfaces_short_head_angle_20,v1.3,1.3,a49d0111c5bb,11,0.33,0,0,0,0,0,0,0,0.0893564,463.079,0.00975645,0,0,0,,,,,,TINY;SHORT;STATIC,70
anim_pyramid_lookinplaceforfaces_short_head_angle_40,v1.3,1.3,a49d0111c5bb,11,0.33,0,0,0,0,0,0,0,0.08936,463.076,0.00975645,0,0,0,,,,,,TINY;SHORT;STATIC,70
anim_pyramid_reacttocube_frustrated_high_01,v1.3,1.3,a49d0111c5bb,175,5.742,0,0,0,0,0,0,0.149425,1.8,6013.99,0.939408,0.465971,0,0.0264,0.912523,0.111799,0.990765,,,RATE;LOWCORR,20.977
anim_pyramid_reacttocube_frustrated_low_01,v1.3,1.3,a49d0111c5bb,47,1.518,0,0,0,0,0,0,0,1.79592,4965.98,0.3959,0.145577,0,0.0109124,0.874413,0.776262,,,,,0
anim_pyramid_reacttocube_frustrated_mid_01,v1.3,1.3,a49d0111c5bb,171,5.61,0,0,0,0,0,0,0.158824,1.8,5970.18,1.12574,0.455321,0,0.0264,0.897476,0.0488015,0.840286,,,RATE;LOWCORR,21.353
anim_pyramid_reacttocube_happy_high_02,v1.3,1.3,a49d0111c5bb,41,1.32,0,0,0,0,0,0,0,1.06451,2682.83,0.184235,0,0,0,0.777841,0.280947,,,,LOWCORR,15
anim_pyramid_reacttocube_happy_mid_01,v1.3,1.3,a49d0111c5bb,38,1.221,0,0,0,0,0,0,0,1.49596,5680.08,0.251614,0.0310526,0,0.00241333,0.677489,-0.140391,,,,LOWCORR,15
anim_pyramid_success_01,v1.3,1.3,a49d0111c5bb,111,3.63,0,0,0,0,0,0,0.409091,1.8,8808.28,1.15148,0.0832264,0,0.00586337,0.655599,0.851845,0.756809,,,RATE,16.364
anim_pyramid_thankyou_01_head_angle_20,v1.3,1.3,a49d0111c5bb,27,0.858,0,0,0,0,0,0,0,0.840462,2399.38,0.136576,0,0,0,0.766057,0.442991,,,,SHORT,10
anim_react2block_02,v1.3,1.3,a49d0111c5bb,48,1.551,0,0,0,0,0,0,0,0.599525,649.297,0.147661,0.0305477,0,0.00307471,0.884716,,,,,,0
anim_reacttoblock_admirecubetower_01,v1.3,1.3,a49d0111c5bb,135,4.422,0,0,0,0,0,0,0,1.74351,2547.09,0.63061,0.488752,0,0.0264,0.882561,0.791461,,,,,0
anim_reacttoblock_ask_01_0,v1.3,1.3,a49d0111c5bb,77,2.508,0,0,0,0,0,0,0.605263,1.8,9514.44,1.1736,0.52939,0,0.0264,0.559836,0.681248,,,,RATE,24.211
anim_reacttoblock_ask_01_head_angle_-20,v1.3,1.3,a49d0111c5bb,81,2.64,0,0,0.0617284,0,0,0.0617284,0.55,1.8,9628.61,1.24098,0.529509,0,0.0264,0.302431,0.704654,,,,SAT;RATE,28.173
anim_reacttoblock_ask_01_head_angle_20,v1.3,1.3,a49d0111c5bb,77,2.508,0,0,0,0,0,0,0.25,1.8,8194.45,0.908728,0.52939,0,0.0264,0.791162,0.913219,,,,RATE,10
anim_reacttoblock_ask_01_head_angle_40,v1.3,1.3,a49d0111c5bb,77,2.508,0,0,0,0,0,0,0.210526,1.8,7087.25,0.858305,0.52939,0,0.0264,0.897289,0.941665,,,,RATE,8.421
anim_reacttoblock_audioblockcrash,v1.3,1.3,a49d0111c5bb,2,0.033,0,0,0,0,0,0,0,0,0,0,0,0,0,,,,,,TINY;SHORT;STATIC,70
anim_reacttoblock_focusedeyes_01,v1.3,1.3,a49d0111c5bb,26,0.825,0,0,0,0,0,0,0,0.998219,1950.89,0.171774,0.417774,0,0.0264,0.953056,,,2.2955,2.80887,SHORT,10
anim_reacttoblock_frustrated_01,v1.3,1.3,a49d0111c5bb,23,0.726,0,0,0,0,0,0,0,0.805866,2611.13,0.166735,0.151846,0,0.0229585,0.825889,0.884499,,,,SHORT,10
anim_reacttoblock_frustrated_int1_01,v1.3,1.3,a49d0111c5bb,23,0.726,0,0,0,0,0,0,0,0.805866,2611.13,0.166735,0.151846,0,0.0229585,0.825889,0.884499,,,,SHORT,10
anim_reacttoblock_frustrated_int2_01,v1.3,1.3,a49d0111c5bb,23,0.726,0,0,0,0,0,0,0,0.805866,2611.13,0.166735,0.151846,0,0.0229585,0.825889,0.884499,,,,SHORT,10
anim_reacttoblock_happydetermined_01,v1.3,1.3,a49d0111c5bb,36,1.155,0,0,0,0,0,0,0,0.906726,3551.7,0.13279,0.46286,0,0.0264,0.843054,-0.250212,,,,LOWCORR,15
anim_reacttoblock_happydetermined_02,v1.3,1.3,a49d0111c5bb,36,1.155,0,0,0,0,0,0,0,0.923733,3374.31,0.131999,0.462981,0,0.0264,0.845738,,,,,,0
anim_reacttoblock_lifteffortpickup_01,v1.3,1.3,a49d0111c5bb,31,0.99,0,0,0,0,0,0,0,1.44455,4181.54,0.212717,0.167322,0,0.0264,,,,,,,0
anim_reacttoblock_lifteffortplacehigh_01,v1.3,1.3,a49d0111c5bb,21,0.66,0,0,0,0,0,0,0,0.550917,880.776,0.118632,0.0494589,0,0.00737804,,,,,,SHORT,10
anim_reacttoblock_lifteffortplacelow_01,v1.3,1.3,a49d0111c5bb,23,0.726,0,0,0,0,0,0,0,0.961878,2065.17,0.158095,0,0,0,,,,,,SHORT,10
anim_reacttoblock_lifteffortroll_01,v1.3,1.3,a49d0111c5bb,25,0.792,0,0,0,0,0,0,0,0.908111,1201.26,0.226879,0.361597,0,0.0264,,,,,,SHORT,10
anim_reacttoblock_placeblock_01,v1.3,1.3,a49d0111c5bb,170,5.577,0,0,0,0,0,0,0.189349,1.8,5186.63,1.00169,0.531774,0,0.0264,0.94897,0.0785527,0.988821,,,RATE;LOWCORR,22.574
anim_reacttoblock_putdown2nd_01,v1.3,1.3,a49d0111c5bb,47,1.518,0,0,0,0,0,0,0.565217,1.8,10287,1.01115,0.433361,0,0.0264,0.407867,0.940405,0.941048,,,RATE,22.609
anim_reacttoblock_react_01,v1.3,1.3,a49d0111c5bb,99,3.234,0,0,0,0,0,0,0.0714286,1.8,4695.73,0.517341,0,0,0,0.889322,0.910524,,,,RATE,2.857
anim_reacttoblock_react_01_0,v1.3,1.3,a49d0111c5bb,99,3.234,0,0,0,0,0,0,0.0714286,1.8,4056.84,0.538015,0,0,0,0.941758,0.891937,,,,RATE,2.857
anim_reacttoblock_react_01_head_angle_-20,v1.3,1.3,a49d0111c5bb,99,3.234,0,0,0,0,0,0,0.112245,1.8,4462.11,0.930952,0,0,0,0.914515,0.931458,,,,RATE,4.49
anim_reacttoblock_react_01_head_angle_20,v1.3,1.3,a49d0111c5bb,99,3.234,0,0,0,0,0,0,0,1.59439,2350.06,0.363501,0,0,0,0.984815,0.985443,,,,,0
anim_reacttoblock_react_01_head_angle_40,v1.3,1.3,a49d0111c5bb,99,3.234,0,0,0,0,0,0,0.132653,1.8,5540.89,0.942475,0,0,0,0.971351,0.930367,,,,RATE,5.306
anim_reacttoblock_react_short_01_head_angle_-20,v1.3,1.3,a49d0111c5bb,35,1.122,0,0,0,0,0,0,0,1.46077,3626.72,0.282663,0,0,0,0.948274,0.965228,,,,,0
anim_reacttoblock_react_short_01_head_angle_20,v1.3,1.3,a49d0111c5bb,35,1.122,0,0,0,0,0,0,0.264706,1.8,6617.08,0.685667,0,0,0,0.74066,0.968414,,2.17776,4.97941,RATE,10.588
anim_reacttoblock_react_short_01_head_angle_40,v1.3,1.3,a49d0111c5bb,35,1.122,0,0,0,0,0,0,0.264706,1.8,6617.08,0.685667,0,0,0,0.740659,0.968414,,,,RATE,10.588
anim_reacttoblock_react_short_02_head_angle_-20,v1.3,1.3,a49d0111c5bb,35,1.122,0,0,0,0,0,0,0.205882,1.8,5678.26,0.614654,0.00780886,0,0.000689626,0.957762,,,,,RATE,8.235
anim_reacttoblock_react_short_02_head_angle_20,v1.3,1.3,a49d0111c5bb,35,1.122,0,0,0,0,0,0,0,1.1301,1322.62,0.265314,0.00786287,0,0.000694633,0.991595,,,,,,0
anim_reacttoblock_react_short_02_head_angle_40,v1.3,1.3,a49d0111c5bb,35,1.122,0,0,0,0,0,0,0,0.393134,565.972,0.103249,0.00791693,0,0.000699699,0.994394,,,,,,0
anim_reacttoblock_reacttotopple_01,v1.3,1.3,a49d0111c5bb,87,2.838,0,0,0,0,0,0,0.372093,1.8,9097.2,1.03565,0.472701,0,0.0264,-0.198593,0.927626,0.873107,,,RATE;LOWCORR,29.884
anim_reacttoblock_stuckonblock_01,v1.3,1.3,a49d0111c5bb,149,4.884,0,0,0,0,0,0,0.486486,1.8,6852.98,1.67814,0.136089,0,0.00900412,0.801149,0.64974,0.96662,,,RATE,19.459
anim_reacttoblock_success_01,v1.3,1.3,a49d0111c5bb,35,1.122,0,0,0,0,0,0,0.294118,1.8,9851.45,0.718288,0.512284,0,0.0264,0.598696,0.806916,,,,RATE,11.765
anim_reacttoblock_success_01_0,v1.3,1.3,a49d0111c5bb,35,1.122,0,0,0,0,0,0,0.264706,1.8,8684.17,0.600204,0.512284,0,0.0264,-0.627798,0.154034,,,,RATE;LOWCORR,25.588
anim_reacttoblock_success_01_head_angle_-20,v1.3,1.3,a49d0111c5bb,35,1.122,0,0,0,0,0,0,0.764706,1.8,5529,1.23962,0.512284,0,0.0264,0.450317,0.739869,,,,RATE,30.588
anim_reacttoblock_success_01_head_angle_20,v1.3,1.3,a49d0111c5bb,38,1.221,0,0,0,0,0,0,0.351351,1.8,9195.27,1.03187,0.511961,0,0.0264,0.624575,0.555682,,,,RATE,14.054
anim_reacttoblock_success_01_head_angle_40,v1.3,1.3,a49d0111c5bb,35,1.122,0,0,0,0,0,0,0.470588,1.8,11382.6,0.65934,0.512284,0,0.0264,0.607153,0.843798,,,,RATE,18.824
anim_reacttoblock_triestoreach_01,v1.3,1.3,a49d0111c5bb,121,3.96,0,0,0,0,0,0,0.366667,1.8,8465.9,1.19644,0.584596,0,0.0264,0.923592,0.939359,,,,RATE,14.667
anim_reacttocliff_edge_01,v1.3,1.3,a49d0111c5bb,41,1.32,0,0,0,0,0,0,0.225,1.8,5566.69,0.696629,0.0415698,0,0.00296676,0.939423,0.237152,0.937348,,,RATE;LOWCORR,24
anim_reacttocliff_edgeliftup_01,v1.3,1.3,a49d0111c5bb,213,6.996,0,0,0,0,0,0,0.117925,1.8,5218.82,1.36395,0.0832236,0,0.00659794,0.797841,0.521118,,,,RATE,4.717
anim_reacttocliff_faceplantroll_01,v1.3,1.3,a49d0111c5bb,131,4.29,0,0,0,0,0,0,0.2,1.8,6192.62,1.27631,0.506014,0,0.0264,0.4489,0.862163,,,,RATE,8
anim_reacttocliff_faceplantroll_02,v1.3,1.3,a49d0111c5bb,70,2.277,0,0,0,0,0,0,0.333333,1.8,8098.14,1.06143,0.0322407,0,0.00253391,0.750633,0.786654,,,,RATE,13.333
anim_reacttocliff_faceplantroll_armup_01,v1.3,1.3,a49d0111c5bb,61,1.98,0,0,0,0,0,0,0.383333,1.8,9873.88,1.05818,0,0,0,0.825481,0.697833,,,,RATE,15.333
anim_reacttocliff_faceplantroll_armup_02,v1.3,1.3,a49d0111c5bb,101,3.3,0,0,0,0,0,0,0.37,1.8,6642.02,1.10544,0.373894,0,0.0264,0.312985,0.872727,0.957906,4.26942,9.71769,RATE;DYN,39.8
anim_reacttocliff_huh_01,v1.3,1.3,a49d0111c5bb,15,0.462,0,0,0,0,0,0,0.5,1.8,6877.21,0.519625,0.0772606,0,0.00662833,0.795984,-0.085561,,,,SHORT;RATE;LOWCORR,45
anim_reacttocliff_pickup_01,v1.3,1.3,a49d0111c5bb,80,2.607,0,0,0,0,0,0,0.240506,1.8,7022.9,0.777606,0.425234,0,0.0264,0.867535,0.309978,,,,RATE,9.62
anim_reacttocliff_pickup_02,v1.3,1.3,a49d0111c5bb,80,2.607,0,0,0,0,0,0,0.164557,1.8,5809.42,0.611326,0.375178,0,0.0264,0.962808,0.230923,,,,RATE;LOWCORR,21.582
anim_reacttocliff_pickup_03,v1.3,1.3,a49d0111c5bb,100,3.267,0,0,0,0,0,0,0.040404,1.8,5172.83,0.714837,0.359192,0,0.0264,0.886548,0.682877,0.901304,,,,1.616
anim_reacttocliff_pickup_04,v1.3,1.3,a49d0111c5bb,51,1.65,0,0,0,0,0,0,0.52,1.8,8057.93,0.885586,0.498603,0,0.0264,0.953676,-0.468785,,,,RATE;LOWCORR,35.8
anim_reacttocliff_pickup_05,v1.3,1.3,a49d0111c5bb,81,2.64,0,0,0,0,0,0,0.1875,1.8,5045.16,0.70291,0.516881,0,0.0264,0.956005,0.851811,,,,RATE,7.5
anim_reacttocliff_pickup_06,v1.3,1.3,a49d0111c5bb,91,2.97,0,0,0,0,0,0,0.188889,1.8,5111.81,0.714616,0.63661,0,0.0264,0.947577,0.354638,,,,RATE,7.556
anim_reacttocliff_stuckleftside_01,v1.3,1.3,a49d0111c5bb,110,3.597,0,0,0,0,0,0,0.477064,1.8,16195.6,0.890847,0.452549,0,0.0264,0.328043,0.665625,0.718535,,,RATE,19.083
anim_reacttocliff_stuckleftside_02,v1.3,1.3,a49d0111c5bb,121,3.96,0,0,0,0,0,0,0.291667,1.8,9042.2,1.16707,0.0545289,0,0.00379205,0.478402,0.637494,,,,RATE,11.667
anim_reacttocliff_stuckleftside_03,v1.3,1.3,a49d0111c5bb,114,3.729,0,0,0,0,0,0,0.212389,1.8,6904.79,0.905268,0.547294,0,0.0264,0.755083,0.666318,,,,RATE,8.496
anim_reacttocliff_stuckrightside_01,v1.3,1.3,a49d0111c5bb,161,5.28,0,0,0,0,0,0,0.225,1.8,11271.3,1.48226,0.420957,0,0.0264,0.130857,0.860311,,,,RATE;LOWCORR,24
anim_reacttocliff_stuckrightside_02,v1.3,1.3,a49d0111c5bb,126,4.125,0,0,0,0,0,0,0.064,1.8,5146.12,1.14176,0.40832,0,0.0264,0.949553,0.916188,0.822986,,,RATE,2.56
anim_reacttocliff_stuckrightside_03,v1.3,1.3,a49d0111c5bb,162,5.313,0,0,0,0,0,0,0.267081,1.8,9554.26,1.39115,0.522513,0,0.0264,0.865389,0.740228,0.967973,,,RATE,10.683
anim_reacttocliff_turtleroll_01,v1.3,1.3,a49d0111c5bb,201,6.6,0,0,0.00497512,0,0,0.00497512,0.315,1.8,8072.6,1.19352,0.288009,0,0.0177923,0.936824,0.139963,0.969066,,,RATE;LOWCORR,28.098
anim_reacttocliff_turtleroll_02,v1.3,1.3,a49d0111c5bb,201,6.6,0,0,0.00497512,0,0,0.00497512,0.275,1.8,10024.4,1.08896,0.347652,0,0.0194552,0.934106,0.0881469,0.847563,,,RATE;LOWCORR,26.498
anim_reacttocliff_turtleroll_03,v1.3,1.3,a49d0111c5bb,90,2.937,0,0,0.0111111,0,0,0.0111111,0.258427,1.8,9421.94,1.25547,0.0384167,0,0.00330931,0.936098,0.951049,,,,SAT;RATE,11.448
anim_reacttocliff_turtleroll_04,v1.3,1.3,a49d0111c5bb,381,12.54,0,0,0,0,0,0,0.318421,1.8,8135.73,1.1764,0.514259,0,0.0264,0.842135,0.604193,0.568447,,,RATE,12.737
anim_reacttocliff_turtleroll_05,v1.3,1.3,a49d0111c5bb,291,9.57,0,0,0,0,0,0,0.193103,1.8,12553.1,1.45463,0.484518,0,0.0264,0.925136,0.496014,0.882992,4.68866,12.9147,RATE;DYN,32.724
anim_reacttocliff_turtleroll_06,v1.3,1.3,a49d0111c5bb,376,12.375,0,0,0,0,0,0,0.173333,1.8,4964.97,1.56695,0.719016,0,0.0264,0.916265,0.757305,,,,RATE,6.933
anim_reacttocliff_turtlerollfail_01,v1.3,1.3,a49d0111c5bb,198,6.501,0,0,0,0,0,0,0.380711,1.8,11179.7,1.16022,0.53261,0,0.0264,0.866565,0.823551,,,,RATE,15.228
anim_reacttocliff_turtlerollfail_02,v1.3,1.3,a49d0111c5bb,186,6.105,0,0,0,0,0,0,0.356757,1.8,6661.4,2.09647,0.66625,0,0.0264,0.897312,0.908182,0.230275,,,RATE;LOWCORR,29.27
anim_reacttocliff_turtlerollfail_03,v1.3,1.3,a49d0111c5bb,166,5.445,0,0,0,0,0,0,0.357576,1.8,10358.9,1.50985,0.511802,0,0.0264,0.948219,0.795292,0.981598,,,RATE,14.303
anim_reacttocliff_wheely_01,v1.3,1.3,a49d0111c5bb,201,6.6,0,0,0.00995025,0,0,0.00995025,0.21,1.8,9718.27,1.5705,0.55574,0,0.0264,0.88933,0.843105,0.858272,,,RATE,9.395
anim_reacttocliff_wheely_02,v1.3,1.3,a49d0111c5bb,103,3.366,0,0,0,0,0,0,0.323529,1.8,9049.3,1.12612,0.445892,0,0.0264,0.738556,0.774572,0.973746,,,RATE,12.941
anim_reacttocliff_wheely_03,v1.3,1.3,a49d0111c5bb,138,4.521,0,0,0,0,0,0,0.459854,1.8,7711.76,2.0064,0.50933,0,0.0264,0.907625,0.732796,0.922626,,,RATE,18.394
anim_reacttoface_unidentified_01_head_angle_-20,v1.3,1.3,a49d0111c5bb,52,1.683,0,0,0,0,0,0,0.156863,1.8,7061.22,0.61376,0.00460213,0,0.000331879,0.895435,0.240569,,,,RATE;LOWCORR,21.275
anim_reacttoface_unidentified_01_head_angle_20,v1.3,1.3,a49d0111c5bb,52,1.683,0,0,0,0,0,0,0,1.60348,2946.91,0.660131,0.00460213,0,0.000331879,0.923515,0.979615,,,,,0
anim_reacttoface_unidentified_01_head_angle_40,v1.3,1.3,a49d0111c5bb,52,1.683,0,0,0,0,0,0,0,1.03622,1794.08,0.460943,0.00460213,0,0.000331879,0.855141,0.979615,,,,,0
anim_reacttoface_unidentified_02_head_angle_-20,v1.3,1.3,a49d0111c5bb,51,1.65,0,0,0,0,0,0,0.18,1.8,2737.61,0.627774,0.000320733,0,2.95639e-05,0.967945,0.470016,,,,RATE,7.2
anim_reacttoface_unidentified_02_head_angle_20,v1.3,1.3,a49d0111c5bb,51,1.65,0,0,0,0,0,0,0.04,1.8,2726.3,0.429746,0.000320733,0,2.95639e-05,0.976236,0.964441,,,,,1.6
anim_reacttoface_unidentified_02_head_angle_40,v1.3,1.3,a49d0111c5bb,51,1.65,0,0,0,0,0,0,0,0.928349,1384.96,0.226893,0.000320733,0,2.95639e-05,,0.964441,,,,,0
anim_reacttoface_unidentified_03_head_angle_-20,v1.3,1.3,a49d0111c5bb,71,2.31,0,0,0,0,0,0,0.285714,1.8,5357.6,0.919679,0.0002262,0,2.20537e-05,0.854119,,,,,RATE,11.429
anim_reacttoface_unidentified_03_head_angle_20,v1.3,1.3,a49d0111c5bb,71,2.31,0,0,0,0,0,0,0.114286,1.8,4223.6,0.681142,0.0002262,0,2.20537e-05,0.932358,,,,,RATE,4.571
anim_reacttoface_unidentified_03_head_angle_40,v1.3,1.3,a49d0111c5bb,71,2.31,0,0,0,0,0,0,0,1.66775,1845.31,0.419645,0.0002262,0,2.20537e-05,0.968039,,,,,,0
anim_reacttppl_surprise,v1.3,1.3,a49d0111c5bb,274,9.009,0,0,0,0,0,0,0.03663,1.8,2455.22,0.520527,0.508259,0,0.0264,0.995045,,0.941151,,,,1.465
anim_repair_fix_getin_01,v1.3,1.3,a49d0111c5bb,31,0.99,0,0,0,0,0,0,0.233333,1.8,8176.6,0.519095,0,0,0,0.802336,0.744471,,3.06635,6.22124,RATE;DYN,34.333
anim_repair_fix_getout_01,v1.3,1.3,a49d0111c5bb,149,4.884,0,0,0,0,0,0,0.222973,1.8,5423.91,1.12109,0.471172,0,0.0264,0.844903,0.84606,0.952766,,,RATE,8.919
anim_repair_fix_getout_02,v1.3,1.3,a49d0111c5bb,88,2.871,0,0,0,0,0,0,0.344828,1.8,6986.42,1.54141,0.398496,0,0.0264,0.876858,-0.36369,0.896088,,,RATE;LOWCORR,28.793
anim_repair_fix_getout_03,v1.3,1.3,a49d0111c5bb,87,2.838,0,0,0,0,0,0,0.139535,1.8,4615.26,1.02824,0.517815,0,0.0264,0.922449,0.887593,0.717017,,,RATE,5.581
anim_repair_fix_getready_01,v1.3,1.3,a49d0111c5bb,35,1.122,0,0,0,0,0,0,0.352941,1.8,6155.9,0.844095,0.0432364,0,0.00395072,0.885321,,0.802657,,,RATE,14.118
anim_repair_fix_head_down_01,v1.3,1.3,a49d0111c5bb,20,0.627,0,0,0,0,0,0,0.631579,1.8,11088.1,0.469439,0,0,0,-0.147456,,,,,SHORT;RATE;LOWCORR,50.263
anim_repair_fix_head_up_01,v1.3,1.3,a49d0111c5bb,14,0.429,0,0,0,0,0,0,0.384615,1.8,7158.43,0.285134,0,0,0,0.883476,,,,,TINY;SHORT;RATE,35.385
anim_repair_fix_idle_01,v1.3,1.3,a49d0111c5bb,201,6.6,0,0,0,0,0,0,0.075,1.8,2202.55,1.09762,0.0233894,0,0.00185198,0.977966,,0.926058,,,RATE,3
anim_repair_fix_idle_02,v1.3,1.3,a49d0111c5bb,156,5.115,0,0,0,0,0,0,0.103226,1.8,4051.61,1.03566,0.114618,0,0.00692022,0.992578,,0.982156,,,RATE,4.129
anim_repair_fix_idle_03,v1.3,1.3,a49d0111c5bb,201,6.6,0,0,0,0,0,0,0,1.6242,1231.4,0.558505,0.0175005,0,0.0013119,0.987934,,0.994794,,,,0
anim_repair_fix_idle_fullyfull_01,v1.3,1.3,a49d0111c5bb,141,4.62,0,0,0,0,0,0,0.0357143,1.8,1239.59,0.745081,0.552514,0,0.0264,0.948419,,,,,,1.429
anim_repair_fix_idle_fullyfull_02,v1.3,1.3,a49d0111c5bb,201,6.6,0,0,0,0,0,0,0.035,1.8,2306.54,0.783362,0.303044,0,0.0229315,0.986378,,0.972921,,,,1.4
anim_repair_fix_idle_fullyfull_03,v1.3,1.3,a49d0111c5bb,201,6.6,0,0,0,0,0,0,0.06,1.8,1836.77,1.00553,0.0154355,0,0.0010435,0.973861,,0.820638,,,RATE,2.4
anim_repair_fix_lift_down_01,v1.3,1.3,a49d0111c5bb,20,0.627,0,0,0,0,0,0,0,1.38054,8623.23,0.178572,0,0,0,0.508339,0.878171,,,,SHORT,10
anim_repair_fix_lift_up_01,v1.3,1.3,a49d0111c5bb,20,0.627,0,0,0,0,0,0,0,1.62756,11076.9,0.243741,0,0,0,0.600804,0.967302,,,,SHORT,10
anim_repair_fix_lowerlift_01,v1.3,1.3,a49d0111c5bb,32,1.023,0,0,0,0,0,0,0.322581,1.8,8459.29,0.508703,0,0,0,0.916001,0.587883,,,,RATE,12.903
anim_repair_fix_raiselift_01,v1.3,1.3,a49d0111c5bb,32,1.023,0,0,0,0,0,0,0.322581,1.8,8434.6,0.873207,0,0,0,0.960756,0.860255,,,,RATE,12.903
anim_repair_fix_roundreact_01,v1.3,1.3,a49d0111c5bb,51,1.65,0,0,0,0,0,0,0.26,1.8,5774.44,0.613596,0.0200135,0,0.00173366,0.786667,,,,,RATE,10.4
anim_repair_fix_wheels_back_01,v1.3,1.3,a49d0111c5bb,15,0.462,0,0,0,0,0,0,0,0.991291,2174.61,0.280547,0,0,0,0.922933,,,2.66775,4.58265,SHORT,10
anim_repair_fix_wheels_forward_01,v1.3,1.3,a49d0111c5bb,20,0.627,0,0,0,0,0,0,0,0.652931,1420.48,0.151083,0,0,0,0.97332,,,,,SHORT,10
anim_repair_mild_fix_fail_01,v1.3,1.3,a49d0111c5bb,65,2.112,0,0,0,0,0,0,0.25,1.8,9060.83,0.770553,0.35151,0,0.0264,0.734644,0.550169,0.974579,,,RATE,10
anim_repair_mild_fix_head_01,v1.3,1.3,a49d0111c5bb,98,3.201,0,0,0,0,0,0,0.226804,1.8,6872.55,0.982875,0.454369,0,0.0264,0.959451,-0.2743,,,,RATE;LOWCORR,24.072
anim_repair_mild_fix_head_02,v1.3,1.3,a49d0111c5bb,75,2.442,0,0,0,0,0,0,0.297297,1.8,9132.89,0.673363,0.48191,0,0.0264,0.766316,0.857474,,,,RATE,11.892
anim_repair_mild_fix_lift_01,v1.3,1.3,a49d0111c5bb,101,3.3,0,0,0,0,0,0,0.28,1.8,7232.78,1.11941,0.421525,0,0.0264,0.922657,0.552081,0.975137,,,RATE,11.2
anim_repair_mild_fix_lift_02,v1.3,1.3,a49d0111c5bb,105,3.432,0,0,0,0,0,0,0.605769,1.8,8754.43,1.22742,0.236614,0,0.0173073,0.869659,0.855566,0.68779,,,RATE,24.231
anim_repair_mild_fix_tread_01,v1.3,1.3,a49d0111c5bb,88,2.871,0,0,0,0,0,0,0.218391,1.8,6130.93,0.821868,0.119066,0,0.00886112,0.923605,0.374511,0.981751,,,RATE,8.736
anim_repair_mild_fix_tread_02,v1.3,1.3,a49d0111c5bb,105,3.432,0,0,0,0,0,0,0.230769,1.8,5170.35,1.01712,0.0071708,0,0.000501573,0.946731,,0.954422,,,RATE,9.231
anim_repair_mild_reaction_02,v1.3,1.3,a49d0111c5bb,39,1.254,0,0,0,0,0,0,0.131579,1.8,5716.55,0.617031,0.0652537,0,0.00599372,0.735712,-0.256836,0.855945,,,RATE;LOWCORR,20.263
anim_repair_react_fall_01,v1.3,1.3,a49d0111c5bb,11,0.33,0,0,0,0,0,0,0.2,1.8,9510.73,0.230218,0.0492674,0,0.0067457,0.262794,0.260889,,,,TINY;SHORT;RATE;LOWCORR,43
anim_repair_react_hit_01,v1.3,1.3,a49d0111c5bb,135,4.422,0,0,0,0,0,0,0.149254,1.8,6679.2,0.975543,0.478233,0,0.0264,0.968029,0.769465,0.65451,,,RATE,5.97
anim_repair_react_stop_01,v1.3,1.3,a49d0111c5bb,136,4.455,0,0,0,0,0,0,0.037037,1.8,3156.05,0.502182,0.172495,0,0.0101407,0.914098,0.238603,,,,LOWCORR,16.481
anim_repair_reaction_01,v1.3,1.3,a49d0111c5bb,231,7.59,0,0,0.030303,0,0,0.030303,0.178261,1.8,6301.89,1.14806,0.497505,0,0.0264,0.788858,-0.0849011,0.952818,,,SAT;RATE;LOWCORR,25.161
anim_repair_severe_driving_end_01,v1.3,1.3,a49d0111c5bb,17,0.528,0,0,0,0,0,0,0,0.396511,768.098,0.177452,0.4224,0,0.0264,0.989178,,,,,SHORT,10
anim_repair_severe_driving_loop_01,v1.3,1.3,a49d0111c5bb,91,2.97,0,0,0,0,0,0,0,0.219537,337.144,0.0560012,0.139629,0,0.0107976,,,,,,,0
anim_repair_severe_driving_loop_02,v1.3,1.3,a49d0111c5bb,76,2.475,0,0,0,0,0,0,0,0.106034,67.5093,0.0226195,0.0191105,0,0.000960946,,,,,,STATIC,50
anim_repair_severe_driving_loop_03,v1.3,1.3,a49d0111c5bb,101,3.3,0,0,0,0,0,0,0,0.650087,446.069,0.287584,0.165439,0,0.00717705,0.966869,,,,,,0
anim_repair_severe_driving_start_01,v1.3,1.3,a49d0111c5bb,53,1.716,0,0,0,0,0,0,0,0.718422,802.418,0.227467,0.138363,0,0.00751489,0.993745,,,2.15602,2.93446,,0
anim_repair_severe_fix_fail_01,v1.3,1.3,a49d0111c5bb,92,3.003,0,0,0,0,0,0,0.252747,1.8,8821.09,0.862527,0.593923,0,0.0206642,0.791107,0.336625,0.965942,,,RATE,10.11
anim_repair_severe_fix_getin_01,v1.3,1.3,a49d0111c5bb,176,5.775,0,0,0,0,0,0,0,0.851227,525.011,0.512386,0.287517,0,0.014199,0.988045,-0.439717,,,,LOWCORR,15
anim_repair_severe_fix_getout_01,v1.3,1.3,a49d0111c5bb,231,7.59,0,0,0,0,0,0,0.173913,1.8,5419.2,1.21473,0.494865,0,0.0264,0.981011,0.695058,0.897036,,,RATE,6.957
anim_repair_severe_fix_getout_02,v1.3,1.3,a49d0111c5bb,206,6.765,0,0,0,0,0,0,0.121951,1.8,6443.6,1.20671,0.512755,0,0.0264,0.879202,0.320117,0.933706,,,RATE,4.878
anim_repair_severe_fix_getout_03,v1.3,1.3,a49d0111c5bb,101,3.3,0,0,0.0891089,0,0,0.0891089,0.27,1.8,5602.44,1.1022,0.505342,0,0.0264,0.920907,0.0290587,,,,SAT;RATE;LOWCORR,34.711
anim_repair_severe_fix_getready_01,v1.3,1.3,a49d0111c5bb,52,1.683,0,0,0,0,0,0,0.0392157,1.8,1242.2,0.504222,0.0994051,0,0.00688085,0.963355,,,,,,1.569
anim_repair_severe_fix_head_down_01,v1.3,1.3,a49d0111c5bb,20,0.627,0,0,0,0,0,0,0.631579,1.8,12559.5,0.469439,0.0409643,0,0.00774738,-0.171864,,,,,SHORT;RATE;LOWCORR,50.263
anim_repair_severe_fix_lift_down_01,v1.3,1.3,a49d0111c5bb,17,0.528,0,0,0,0,0,0,0,1.485,10674.2,0.158553,0.0162885,0,0.00134048,0.36089,0.812772,,,,SHORT,10
anim_repair_severe_fix_lift_up_01,v1.3,1.3,a49d0111c5bb,20,0.627,0,0,0,0,0,0,0.157895,1.8,11636.9,0.255207,0.00611028,0,0.00106639,0.302892,0.967302,,,,SHORT;RATE,16.316
anim_repair_severe_fix_lowerlift_01,v1.3,1.3,a49d0111c5bb,31,0.99,0,0,0,0,0,0,0,1.64622,3832.72,0.287017,0.192946,0,0.012825,-0.0257176,,,,,LOWCORR,15
anim_repair_severe_fix_raiselift_01,v1.3,1.3,a49d0111c5bb,31,0.99,0,0,0,0,0,0,0.166667,1.8,4378.17,0.716316,0.192946,0,0.012825,-0.187563,0.998553,,,,RATE;LOWCORR,21.667
anim_repair_severe_fix_roundreaction_01,v1.3,1.3,a49d0111c5bb,111,3.63,0,0,0.0990991,0,0,0.0990991,0.236364,1.8,5072.82,1.24764,0.565554,0,0.0264,0.92093,0.022913,,,,SAT;RATE;LOWCORR,34.364
anim_repair_severe_fix_wheels_back_01,v1.3,1.3,a49d0111c5bb,11,0.33,0,0,0,0,0,0,0,1.16984,2318.93,0.301645,0.0123137,0,0.00141692,0.963052,,,,,TINY;SHORT,20
anim_repair_severe_fix_wheels_forward_01,v1.3,1.3,a49d0111c5bb,20,0.627,0,0,0,0,0,0,0,0.631936,1371.72,0.15048,0.0227259,0,0.00263724,0.973711,,,,,SHORT,10
anim_repair_severe_getin_01,v1.3,1.3,a49d0111c5bb,217,7.128,0,0,0,0,0,0,0.115741,1.8,4061.48,1.5915,0.646688,0,0.0178732,0.839148,0.468007,0.97653,,,RATE,4.63
anim_repair_severe_getout_01,v1.3,1.3,a49d0111c5bb,18,0.561,0,0,0,0,0,0,0.294118,1.8,9241,0.422398,0.0149971,0,0.00128078,0.931181,-0.835436,,,,SHORT;RATE;LOWCORR,36.765
anim_repair_severe_idle_01,v1.3,1.3,a49d0111c5bb,101,3.3,0,0,0,0,0,0,0,0.76217,582.23,0.371467,0.0398361,0,0.00310749,0.995241,,0.998228,,,,0
anim_repair_severe_idle_02,v1.3,1.3,a49d0111c5bb,75,2.442,0,0,0,0,0,0,0,0.911534,1087.9,0.164138,0,0,0,0.973508,,,2.32292,4.46786,,0
anim_repair_severe_idle_03,v1.3,1.3,a49d0111c5bb,111,3.63,0,0,0,0,0,0,0.227273,1.8,4204.71,1.40583,0.0816163,0,0.00844952,0.771751,,0.987285,,,RATE,9.091
anim_repair_severe_interruption_edge_01,v1.3,1.3,a49d0111c5bb,85,2.772,0,0,0,0,0,0,0.404762,1.8,9271.74,1.08721,0.168033,0,0.0150959,0.739229,-0.521788,0.953254,,,RATE;LOWCORR,31.19
anim_repair_severe_interruption_offcube_01,v1.3,1.3,a49d0111c5bb,146,4.785,0,0,0,0,0,0,0.351724,1.8,6549.16,1.2717,0.254785,0,0.0177498,0.909914,0.515144,0.981833,,,RATE,14.069
anim_repair_severe_reaction_01,v1.3,1.3,a49d0111c5bb,231,7.59,0,0,0,0,0,0,0.0652174,1.8,4662.75,0.869244,0.582983,0,0.0264,0.954498,0.503662,,,,RATE,2.609
anim_repair_severe_reaction_02,v1.3,1.3,a49d0111c5bb,36,1.155,0,0,0,0,0,0,0.228571,1.8,6490.26,0.665164,0.0459869,0,0.00467002,0.906205,-0.726534,0.914535,,,RATE;LOWCORR,24.143
anim_repair_severe_wakeup_01,v1.3,1.3,a49d0111c5bb,191,6.27,0,0,0,0,0,0,0.0894737,1.8,4541.23,0.74163,0.653466,0,0.0264,0.785794,0.606069,,,,RATE,3.579
anim_rollblock_fail_01,v1.3,1.3,a49d0111c5bb,46,1.485,0,0,0,0,0,0,0,1.31432,1167.68,0.470266,0.524986,0,0.0264,0.996118,,,,,,0
anim_rtc_react_01,v1.3,1.3,a49d0111c5bb,28,0.891,0,0,0,0,0,0,0,1.57047,3689.69,0.246115,0.0625954,0,0.00441808,0.788028,0.0799057,,,,SHORT;LOWCORR,25
anim_rtpkeepaway_askforgame_01,v1.3,1.3,a49d0111c5bb,106,3.465,0,0,0,0,0,0,0.361905,1.8,8133.16,1.26062,0.0832235,0,0.00595552,0.927485,0.866808,,,,RATE,14.476
anim_rtpkeepaway_askforgame_02,v1.3,1.3,a49d0111c5bb,86,2.805,0,0,0,0,0,0,0.576471,1.8,8180.85,1.36531,0.0611899,0,0.00516301,0.847891,0.835131,,,,RATE,23.059
anim_rtpkeepaway_ideatoplay_01,v1.3,1.3,a49d0111c5bb,81,2.64,0,0,0,0,0,0,0.1,1.8,4502.99,0.607799,0.58203,0,0.0264,0.971479,,0.988232,,,RATE,4
anim_rtpkeepaway_ideatoplay_02,v1.3,1.3,a49d0111c5bb,97,3.168,0,0,0,0,0,0,0.0625,1.8,4901.87,0.569382,0.577441,0,0.0264,0.976662,-0.190239,,,,RATE;LOWCORR,17.5
anim_rtpkeepaway_ideatoplay_03,v1.3,1.3,a49d0111c5bb,75,2.442,0,0,0,0,0,0,0.108108,1.8,5098.56,0.693115,0.470087,0,0.0264,0.969886,-0.110771,,,,RATE;LOWCORR,19.324
anim_rtpkeepaway_idle_01,v1.3,1.3,a49d0111c5bb,161,5.28,0,0,0,0,0,0,0,1.36269,1534.52,0.351766,0.0708519,0,0.0047453,0.976786,,0.988353,,,,0
anim_rtpkeepaway_idle_02,v1.3,1.3,a49d0111c5bb,106,3.465,0,0,0,0,0,0,0,1.00406,1182.68,0.240494,0.0101948,0,0.000666738,0.955838,,,,,,0
anim_rtpkeepaway_idle_03,v1.3,1.3,a49d0111c5bb,76,2.475,0,0,0,0,0,0,0,1.48609,2083.05,0.217205,0.00748885,0,0.000498891,0.921252,,,,,,0
anim_rtpkeepaway_playerno_01,v1.3,1.3,a49d0111c5bb,101,3.3,0,0,0,0,0,0,0.2,1.8,4637.34,1.03349,0.534211,0,0.0264,0.955992,0.845195,0.969956,,,RATE,8
anim_rtpkeepaway_playerno_02,v1.3,1.3,a49d0111c5bb,141,4.62,0,0,0,0,0,0,0,1.53221,2180.05,0.427245,0.383569,0,0.0264,0.944124,,,2.3318,6.62208,,0
anim_rtpkeepaway_playerno_03,v1.3,1.3,a49d0111c5bb,127,4.158,0,0,0.165354,0,0,0.165354,0.166667,1.8,5241.97,0.915863,0.547275,0,0.0264,0.660027,0.251267,,,,SAT;RATE;LOWCORR,38.202
anim_rtpkeepaway_playeryes_01,v1.3,1.3,a49d0111c5bb,72,2.343,0,0,0,0,0,0,0.169014,1.8,3688.61,0.646838,0.512073,0,0.0264,0.982218,0.21901,,,,RATE;LOWCORR,21.761
anim_rtpkeepaway_playeryes_02,v1.3,1.3,a49d0111c5bb,87,2.838,0,0,0,0,0,0,0.0930233,1.8,4921.38,0.78121,0.497747,0,0.0264,0.981624,0.548869,,,,RATE,3.721
anim_rtpkeepaway_playeryes_03,v1.3,1.3,a49d0111c5bb,86,2.805,0,0,0,0,0,0,0.0352941,1.8,3972.6,0.483557,0.506703,0,0.0264,0.943987,0.230173,,,,LOWCORR,16.412
anim_rtpkeepaway_reacttocube_01,v1.3,1.3,a49d0111c5bb,21,0.66,0,0,0,0,0,0,0.3,1.8,7343.06,0.428003,0,0,0,0.78464,-0.0064616,,,,SHORT;RATE;LOWCORR,37
anim_rtpkeepaway_reacttocube_02,v1.3,1.3,a49d0111c5bb,35,1.122,0,0,0,0,0,0,0,1.03561,3210.97,0.164299,0,0,0,0.991291,-0.747001,,,,LOWCORR,15
anim_rtpkeepaway_reacttocube_03,v1.3,1.3,a49d0111c5bb,28,0.891,0,0,0,0,0,0,0,1.03683,1701.28,0.242579,0.0144984,0,0.00095427,0.989942,,,,,SHORT,10
anim_rtpmemorymatch_no_01,v1.3,1.3,a49d0111c5bb,71,2.31,0,0,0.408451,0,0,0.408451,0.271429,1.8,7595.98,1.06227,0.497949,0,0.0264,0.815063,,,,,SAT;RATE,51.702
anim_rtpmemorymatch_no_02,v1.3,1.3,a49d0111c5bb,136,4.455,0,0,0,0,0,0,0.162963,1.8,5748.18,1.22901,0.638605,0,0.0264,0.963366,0.509851,0.970839,,,RATE,6.519
anim_rtpmemorymatch_request_01,v1.3,1.3,a49d0111c5bb,66,2.145,0,0,0,0,0,0,0.707692,1.8,7604.23,1.77167,0.485344,0,0.0264,0.90357,0.380341,0.878807,,,RATE,28.308
anim_rtpmemorymatch_request_02,v1.3,1.3,a49d0111c5bb,71,2.31,0,0,0,0,0,0,0.471429,1.8,8878.28,1.11106,0.0695307,0,0.00569087,0.608676,0.907493,,,,RATE,18.857
anim_rtpmemorymatch_request_03,v1.3,1.3,a49d0111c5bb,71,2.31,0,0,0,0,0,0,0.471429,1.8,8878.28,1.11106,0.0695307,0,0.00569087,0.608676,0.907493,,,,RATE,18.857
anim_rtpmemorymatch_yes_01,v1.3,1.3,a49d0111c5bb,36,1.155,0,0,0,0,0,0,0.2,1.8,5708.05,0.78565,0.474416,0,0.0264,0.969104,0.972265,,,,RATE,8
anim_rtpmemorymatch_yes_02,v1.3,1.3,a49d0111c5bb,46,1.485,0,0,0,0,0,0,0.333333,1.8,6909.76,0.686444,0.406072,0,0.0264,0.91228,0.888923,,,,RATE,13.333
anim_rtpmemorymatch_yes_03,v1.3,1.3,a49d0111c5bb,26,0.825,0,0,0,0,0,0,0.16,1.8,5011.73,0.463378,0.3168,0,0.0264,0.964002,,,,,SHORT;RATE,16.4
anim_rtpmemorymatch_yes_04,v1.3,1.3,a49d0111c5bb,71,2.31,0,0,0,0,0,0,0.185714,1.8,5815.41,0.77206,0.426899,0,0.0264,0.97515,0.808235,,,,RATE,7.429
anim_sdk_speak_01,v1.3,1.3,a49d0111c5bb,31,0.99,0,0,0,0,0,0,0,0.394348,887.471,0.0366738,0,0,0,,,,,,STATIC,50
anim_sparking_driving_loop_01,v1.3,1.3,a49d0111c5bb,99,3.234,0,0,0,0,0,0,0,1.00861,1047.76,0.223983,0.0214789,0,0.00187349,0.990188,,,2.14738,4.36602,,0
anim_sparking_driving_loop_02,v1.3,1.3,a49d0111c5bb,100,3.267,0,0,0,0,0,0,0,1.29707,1137.28,0.401831,0.15554,0,0.0128466,0.913784,,,,,,0
anim_sparking_driving_loop_03,v1.3,1.3,a49d0111c5bb,100,3.267,0,0,0,0,0,0,0,0.899287,527.217,0.221492,0.0485661,0,0.00364834,0.998705,,,,,,0
anim_sparking_driving_start_01,v1.3,1.3,a49d0111c5bb,25,0.792,0,0,0,0,0,0,0,1.22912,2235.67,0.261002,0.505495,0,0.0264,0.98206,,,,,SHORT,10
anim_sparking_driving_stop_01,v1.3,1.3,a49d0111c5bb,32,1.023,0,0,0,0,0,0,0,0.984831,2181.7,0.217372,0.0318762,0,0.0033018,0.856832,,,,,,0
anim_sparking_earnsparks_01,v1.3,1.3,a49d0111c5bb,106,3.465,0,0,0,0,0,0,0.352381,1.8,8128.01,1.18425,0.0761546,0,0.00533813,0.941677,0.512144,0.916212,,,RATE,14.095
anim_sparking_fail_01,v1.3,1.3,a49d0111c5bb,81,2.64,0,0,0,0,0,0,0.075,1.8,3650.95,0.779769,0.149329,0,0.0101998,0.87535,-0.681742,0.983063,,,RATE;LOWCORR,18
anim_sparking_getin_01,v1.3,1.3,a49d0111c5bb,81,2.64,0,0,0,0,0,0,0.1,1.8,4104.78,0.954725,0.487111,0,0.0264,0.976887,-0.122634,0.959757,,,RATE;LOWCORR,19
anim_sparking_getout_01,v1.3,1.3,a49d0111c5bb,31,0.99,0,0,0,0,0,0,0.366667,1.8,5275.87,0.796228,0,0,0,0.982899,-0.834346,0.759116,,,RATE;LOWCORR,29.667
anim_sparking_idle_01,v1.3,1.3,a49d0111c5bb,100,3.267,0,0,0,0,0,0,0.0505051,1.8,1847.01,0.793691,0.0153406,0,0.00110209,0.996736,,0.984619,,,RATE,2.02
anim_sparking_idle_02,v1.3,1.3,a49d0111c5bb,100,3.267,0,0,0,0,0,0,0.111111,1.8,3238.16,0.908935,0.0464346,0,0.003093,0.980676,,0.985649,,,RATE,4.444
anim_sparking_idle_03,v1.3,1.3,a49d0111c5bb,196,6.435,0,0,0,0,0,0,0.0769231,1.8,3091.82,0.951592,0.428396,0,0.0264,0.92224,,0.983336,,,RATE,3.077
anim_sparking_success_01,v1.3,1.3,a49d0111c5bb,47,1.518,0,0,0,0,0,0,0.0434783,1.8,3669.12,0.47323,0.395974,0,0.0264,0.933379,0.70551,,,,,1.739
anim_sparking_success_02,v1.3,1.3,a49d0111c5bb,119,3.894,0,0,0,0,0,0,0.305085,1.8,8606.25,1.15825,0.514378,0,0.0264,0.727351,0.773457,0.947121,,,RATE,12.203
anim_speedtap_ask2play_01,v1.3,1.3,a49d0111c5bb,28,0.891,0,0,0,0,0,0,0,0.951453,3004.12,0.167722,0.368967,0,0.0264,0.952217,0.441383,,,,SHORT,10
anim_speedtap_drivingloop_01,v1.3,1.3,a49d0111c5bb,46,1.485,0,0,0,0,0,0,0,0.14134,154.718,0.0367415,0.00829935,0,0.00076741,0.995164,,,,,STATIC,50
anim_speedtap_drivingloop_02,v1.3,1.3,a49d0111c5bb,75,2.442,0,0,0,0,0,0,0,0.141362,179.722,0.0367145,0.0100782,0,0.000769258,0.78903,,,,,STATIC,50
anim_speedtap_enddriving_01,v1.3,1.3,a49d0111c5bb,21,0.66,0,0,0,0,0,0,0,0.267688,398.318,0.0539552,0.000211179,0,1.58548e-05,,,,,,SHORT,10
anim_speedtap_findsplayer_01,v1.3,1.3,a49d0111c5bb,44,1.419,0,0,0,0,0,0,0,0.395002,883.335,0.0603589,0.0315486,0,0.00280523,,,,2.31376,2.82156,,0
anim_speedtap_foundblock_01,v1.3,1.3,a49d0111c5bb,21,0.66,0,0,0,0,0,0,0.6,1.8,9068.82,0.884564,0.0756937,0,0.00498253,0.591609,,,,,SHORT;RATE,34
anim_speedtap_getout_01,v1.3,1.3,a49d0111c5bb,21,0.66,0,0,0,0,0,0,0,0.496669,1074.25,0.128536,0.126218,0,0.0139468,,,,,,SHORT,10
anim_speedtap_idle_01,v1.3,1.3,a49d0111c5bb,17,0.528,0,0,0,0,0,0,0,0.852744,1763.46,0.175618,0,0,0,0.929533,0.956259,,,,SHORT,10
anim_speedtap_idle_02,v1.3,1.3,a49d0111c5bb,21,0.66,0,0,0,0,0,0,0,1.2459,5055.53,0.258291,0.201518,0,0.0137401,0.912208,,,,,SHORT,10
anim_speedtap_look4block_01,v1.3,1.3,a49d0111c5bb,40,1.287,0,0,0,0,0,0,0.333333,1.8,5982.51,0.951397,0.0370856,0,0.00328791,0.911064,0.104139,0.95996,,,RATE;LOWCORR,28.333
anim_speedtap_lookatplayer,v1.3,1.3,a49d0111c5bb,41,1.32,0,0,0,0,0,0,0.025,1.8,3610.59,0.25968,0.181992,0,0.0125233,0.942771,,,,,,1
anim_speedtap_losegame_intensity02_01,v1.3,1.3,a49d0111c5bb,243,7.986,0,0,0,0,0,0,0.0950413,1.8,2991.65,1.52059,0.301781,0,0.0120696,0.839885,0.773113,0.994648,,,RATE,3.802
anim_speedtap_losegame_intensity02_02,v1.3,1.3,a49d0111c5bb,231,7.59,0,0,0,0,0,0,0.304348,1.8,7434.37,1.76929,0.571316,0,0.0264,0.790758,0.676413,0.844221,,,RATE,12.174
anim_speedtap_losegame_intensity02_03,v1.3,1.3,a49d0111c5bb,351,11.55,0,0,0,0,0,0,0.171429,1.8,5509.01,1.86872,0.60162,0,0.0264,0.834578,0.886268,0.958463,,,RATE,6.857
anim_speedtap_losegame_intensity03_01,v1.3,1.3,a49d0111c5bb,144,4.719,0,0,0.0694444,0,0,0.0694444,0.496503,1.8,10590.6,1.39899,0.677585,0,0.0264,0.821769,0.587142,0.986468,,,SAT;RATE,26.805
anim_speedtap_losegame_intensity03_02,v1.3,1.3,a49d0111c5bb,351,11.55,0,0,0,0,0,0,0.354286,1.8,7106.77,2.27136,0.593078,0,0.0264,0.642005,0.672908,0.956531,,,RATE,14.171
anim_speedtap_losegame_intensity03_03,v1.3,1.3,a49d0111c5bb,301,9.9,0,0,0.013289,0,0,0.013289,0.216667,1.8,6947.03,1.86121,0.438879,0,0.0264,0.440908,0.79551,0.92248,,,SAT;RATE,9.996
anim_speedtap_losehand_01,v1.3,1.3,a49d0111c5bb,15,0.462,0,0,0,0,0,0,0,1.29216,5132.63,0.184622,0.206701,0,0.0264,0.802091,0.804418,,,,SHORT,10
anim_speedtap_losehand_02,v1.3,1.3,a49d0111c5bb,21,0.66,0,0,0,0,0,0,0.1,1.8,7192.23,0.41989,0.111657,0,0.0150094,0.959045,0.726153,,,,SHORT;RATE,14
anim_speedtap_losehand_03,v1.3,1.3,a49d0111c5bb,11,0.33,0,0,0,0,0,0,0,0.413881,559.286,0.0631869,0,0,0,0.873048,0.956879,,,,TINY;SHORT,20
anim_speedtap_loseround_intensity01_01,v1.3,1.3,a49d0111c5bb,70,2.277,0,0,0,0,0,0,0.0869565,1.8,3446.24,1.12474,0.426132,0,0.0264,0.972044,0.708407,,,,RATE,3.478
anim_speedtap_loseround_intensity02_01,v1.3,1.3,a49d0111c5bb,70,2.277,0,0,0,0,0,0,0.0869565,1.8,3446.24,1.12474,0.426132,0,0.0264,0.972044,0.708407,,,,RATE,3.478
anim_speedtap_loseround_intensity02_02,v1.3,1.3,a49d0111c5bb,70,2.277,0,0,0,0,0,0,0.0869565,1.8,3446.24,1.12474,0.426132,0,0.0264,0.972044,0.708407,,3.36486,7.6712,RATE;DYN,28.478
anim_speedtap_player_idle_01,v1.3,1.3,a49d0111c5bb,60,1.947,0,0,0,0,0,0,0,0.841079,967.183,0.220239,0.00460982,0,0.000314713,0.993793,,,,,,0
anim_speedtap_playerno_01,v1.3,1.3,a49d0111c5bb,45,1.452,0,0,0.733333,0,0,0.733333,0.318182,1.8,9857.46,0.827613,0.104996,0,0.00839067,0.702148,,,,,SAT;RATE,86.061
anim_speedtap_playeryes_01,v1.3,1.3,a49d0111c5bb,21,0.66,0,0,0,0,0,0,0.2,1.8,7061.2,0.354922,0.287109,0,0.0264,0.885347,,,,,SHORT;RATE,18
anim_speedtap_startdriving_01,v1.3,1.3,a49d0111c5bb,15,0.462,0,0,0,0,0,0,0,0.6965,1160.67,0.138278,0,0,0,,,,,,SHORT,10
anim_speedtap_tap_01,v1.3,1.3,a49d0111c5bb,21,0.66,0,0,0,0,0,0,0.35,1.8,9466.32,0.553286,0.235835,0,0.017581,0.734251,0.941636,,,,SHORT;RATE,24
anim_speedtap_tap_02,v1.3,1.3,a49d0111c5bb,11,0.33,0,0,0,0,0,0,0.2,1.8,18495.4,0.292246,0,0,0,0.78627,0.0191083,,,,TINY;SHORT;RATE;LOWCORR,43
anim_speedtap_tap_03,v1.3,1.3,a49d0111c5bb,11,0.33,0,0,0,0,0,0,0.6,1.8,5139.24,0.512239,0,0,0,0.95301,0.925841,,,,TINY;SHORT;RATE,44
anim_speedtap_wait_long,v1.3,1.3,a49d0111c5bb,61,1.98,0,0,0,0,0,0,0,1.01142,1065.46,0.327605,0.00743377,0,0.000553846,,,,,,,0
anim_speedtap_wait_medium_02,v1.3,1.3,a49d0111c5bb,31,0.99,0,0,0,0,0,0,0,0.482509,1361.49,0.130122,0.0711813,0,0.00724804,,,,,,,0
anim_speedtap_wait_medium_03,v1.3,1.3,a49d0111c5bb,31,0.99,0,0,0,0,0,0,0,1.04815,1578.18,0.229167,0,0,0,0.919829,,,,,,0
anim_speedtap_wait_short,v1.3,1.3,a49d0111c5bb,11,0.33,0,0,0,0,0,0,0,0.18377,526.415,0.0159059,0,0,0,,,,,,TINY;SHORT;STATIC,70
anim_speedtap_wingame_intensity02_01,v1.3,1.3,a49d0111c5bb,211,6.93,0,0,0,0,0,0,0.614286,1.8,10156.7,2.0952,0.659894,0,0.0264,0.72356,0.590524,0.944849,,,RATE,24.571
anim_speedtap_wingame_intensity02_02,v1.3,1.3,a49d0111c5bb,46,1.485,0,0,0,0,0,0,0.666667,1.8,10866.7,1.34711,0.162925,0,0.0130553,0.511962,0.853787,,,,RATE,26.667
anim_speedtap_wingame_intensity02_03,v1.3,1.3,a49d0111c5bb,111,3.63,0,0,0,0,0,0,0.3,1.8,6864.88,1.38395,0.490193,0,0.0264,0.676749,0.916664,0.97472,,,RATE,12
anim_speedtap_wingame_intensity02_04,v1.3,1.3,a49d0111c5bb,141,4.62,0,0,0,0,0,0,0.371429,1.8,11586.5,1.45205,0.500686,0,0.0264,0.90379,0.805797,0.937467,,,RATE,14.857
anim_speedtap_wingame_intensity03_01,v1.3,1.3,a49d0111c5bb,46,1.485,0,0,0,0,0,0,0.666667,1.8,10866.7,1.34711,0.162925,0,0.0130553,0.511962,0.853787,,,,RATE,26.667
anim_speedtap_wingame_intensity03_02,v1.3,1.3,a49d0111c5bb,126,4.125,0,0,0,0,0,0,0.528,1.8,10245.6,1.61862,0.50687,0,0.0264,0.671569,0.864756,0.718372,,,RATE,21.12
anim_speedtap_wingame_intensity03_03,v1.3,1.3,a49d0111c5bb,116,3.795,0,0,0,0,0,0,0.33913,1.8,8183.97,1.57181,0.501657,0,0.0264,0.926857,0.855422,0.899373,4.36713,9.39446,RATE;DYN,38.565
anim_speedtap_winhand_01,v1.3,1.3,a49d0111c5bb,18,0.561,0,0,0,0,0,0,0,1.23278,3590.47,0.245986,0.2376,0,0.0264,0.883581,-0.754963,,,,SHORT;LOWCORR,25
anim_speedtap_winhand_02,v1.3,1.3,a49d0111c5bb,18,0.561,0,0,0,0,0,0,0,1.05999,3239.66,0.21804,0.299497,0,0.0264,0.821666,0.916918,,,,SHORT,10
anim_speedtap_winhand_03,v1.3,1.3,a49d0111c5bb,12,0.363,0,0,0,0,0,0,0.0909091,1.8,10106.4,0.252796,0.0336055,0,0.00339586,0.892015,-0.99052,,,,TINY;SHORT;RATE;LOWCORR,38.636
anim_speedtap_winround_intensity01_01,v1.3,1.3,a49d0111c5bb,21,0.66,0,0,0,0,0,0,0.3,1.8,8754.95,0.453961,0.238145,0,0.0264,0.939908,0.273548,,,,SHORT;RATE;LOWCORR,37
anim_speedtap_winround_intensity02_01,v1.3,1.3,a49d0111c5bb,100,3.267,0,0,0,0,0,0,0.282828,1.8,6986.34,1.59521,0.519599,0,0.0264,0.810731,0.745078,,,,RATE,11.313
anim_speedtap_winround_intensity02_02,v1.3,1.3,a49d0111c5bb,93,3.036,0,0,0,0,0,0,0.271739,1.8,6137.04,1.45375,0.218121,0,0.0125553,0.883526,0.83828,,,,RATE,10.87
anim_test_shiver,v1.3,1.3,a49d0111c5bb,7,0.198,0,0,0,0,0,0,0.5,1.8,4292.07,0.27621,0,0,0,,,,,,TINY;SHORT;RATE,40
anim_upgrade_reaction_lift_01,v1.3,1.3,a49d0111c5bb,171,5.61,0,0,0,0,0,0,0.105882,1.8,4733.21,0.764551,0.0821774,0,0.00558209,0.928739,0.437976,0.985802,,,RATE,4.235
anim_upgrade_reaction_tracks_01,v1.3,1.3,a49d0111c5bb,101,3.3,0,0,0,0,0,0,0.3,1.8,7006.43,0.965078,0.0262653,0,0.00175661,0.86711,,0.978078,,,RATE,12
anim_vc_alrighty_01,v1.3,1.3,a49d0111c5bb,45,1.452,0,0,0,0,0,0,0.181818,1.8,9272.73,0.506925,0.47783,0,0.0264,0.714966,,,,,RATE,7.273
anim_vc_laser_lookdown_01,v1.3,1.3,a49d0111c5bb,22,0.693,0,0,0,0,0,0,0.428571,1.8,8932.43,0.753947,0,0,0,0.645961,,,,,SHORT;RATE,27.143
anim_vc_listening_01,v1.3,1.3,a49d0111c5bb,201,6.6,0,0,0,0,0,0,0.07,1.8,4098.84,0.917727,0.0805116,0,0.00660938,0.929676,0.766779,0.947001,,,RATE,2.8
anim_vc_reaction_alreadyhere_01_head_angle_-20,v1.3,1.3,a49d0111c5bb,116,3.795,0,0,0,0,0,0,0.391304,1.8,7437.27,1.0705,0.505226,0,0.0264,0.856318,0.0592057,0.986815,,,RATE;LOWCORR,30.652
anim_vc_reaction_alreadyhere_01_head_angle_20,v1.3,1.3,a49d0111c5bb,116,3.795,0,0,0,0,0,0,0.217391,1.8,5535.76,1.0705,0.505226,0,0.0264,0.937442,0.757418,0.986815,,,RATE,8.696
anim_vc_reaction_alreadyhere_01_head_angle_40,v1.3,1.3,a49d0111c5bb,116,3.795,0,0,0,0,0,0,0.208696,1.8,5316.66,1.0705,0.505226,0,0.0264,0.93413,0.77965,0.986815,,,RATE,8.348
anim_vc_reaction_nofaceheardyou_01,v1.3,1.3,a49d0111c5bb,289,9.504,0,0,0,0,0,0,0.09375,1.8,5200.48,1.15444,0.521912,0,0.0213197,0.937103,0.920687,0.280037,,,RATE;LOWCORR,18.75
anim_vc_reaction_nofaceheardyou_getout_01,v1.3,1.3,a49d0111c5bb,24,0.759,0,0,0,0,0,0,0.130435,1.8,7515.67,0.447265,0.0452021,0,0.00389266,0.946576,,,,,SHORT;RATE,15.217
anim_vc_reaction_whatwasthat_01,v1.3,1.3,a49d0111c5bb,84,2.739,0,0,0,0,0,0,0.204819,1.8,5405.42,0.738001,0.101434,0,0.0080663,0.973566,0.827212,0.905614,,,RATE,8.193
anim_vc_reaction_yesfaceheardyou_01_head_angle_-20,v1.3,1.3,a49d0111c5bb,131,4.29,0,0,0,0,0,0,0.207692,1.8,4548.57,0.952202,0.351985,0,0.0189136,0.861079,-0.0397583,0.954013,,,RATE;LOWCORR,23.308
anim_vc_reaction_yesfaceheardyou_01_head_angle_20,v1.3,1.3,a49d0111c5bb,131,4.29,0,0,0,0,0,0,0.107692,1.8,5397.51,0.952202,0.351985,0,0.0189136,0.976555,0.296489,0.954013,,,RATE;LOWCORR,19.308
anim_vc_reaction_yesfaceheardyou_01_head_angle_40,v1.3,1.3,a49d0111c5bb,131,4.29,0,0,0,0,0,0,0.161538,1.8,5784.69,0.952202,0.351985,0,0.0189136,0.960344,0.727684,0.954013,,,RATE,6.462
anim_vc_refuse_energy_01,v1.3,1.3,a49d0111c5bb,136,4.455,0,0,0.0735294,0,0,0.0735294,0.192593,1.8,6759.84,1.19788,0.446922,0,0.0210975,0.982271,,0.988661,,,SAT;RATE,15.057
anim_vc_refuse_nosparks_01,v1.3,1.3,a49d0111c5bb,101,3.3,0,0,0,0,0,0,0.22,1.8,7280.01,0.847257,0.120439,0,0.00855792,0.861277,-0.0438096,0.962657,,,RATE;LOWCORR,23.8
anim_vc_refuse_repair_01,v1.3,1.3,a49d0111c5bb,193,6.336,0,0,0,0,0,0,0.0260417,1.8,4578.71,0.699845,0.549139,0,0.0264,0.935279,0.430905,0.953033,,,,1.042
anim_workout_highenergy_getin_01,v1.3,1.3,a49d0111c5bb,54,1.749,0,0,0,0,0,0,0.566038,1.8,6738.15,0.816326,0.155059,0,0.0128358,0.766836,-0.278738,,,,RATE;LOWCORR,37.642
anim_workout_highenergy_getout_01,v1.3,1.3,a49d0111c5bb,197,6.468,0,0,0,0,0,0,0.5,1.8,8570.83,1.58333,0.489876,0,0.0264,0.598254,0.670784,0.940231,,,RATE,20
anim_workout_highenergy_getready_01,v1.3,1.3,a49d0111c5bb,122,3.993,0,0,0,0,0,0,0.396694,1.8,7200.51,1.35861,0.543887,0,0.0264,0.902708,0.875114,,,,RATE,15.868
anim_workout_highenergy_strong_01,v1.3,1.3,a49d0111c5bb,41,1.32,0,0,0,0,0,0,0.5,1.8,9891.79,0.8019,0.145866,0,0.0131868,0.874717,0.510074,,,,RATE,20
anim_workout_highenergy_trans_01,v1.3,1.3,a49d0111c5bb,59,1.914,0,0,0,0,0,0,0.189655,1.8,7074.51,0.923296,0.113722,0,0.00854501,0.92935,0.967906,,,,RATE,7.586
anim_workout_highenergy_weak_01,v1.3,1.3,a49d0111c5bb,55,1.782,0,0,0,0,0,0,0.12963,1.8,3965.25,0.629376,0.158622,0,0.0122921,0.971106,0.641927,,,,RATE,5.185
anim_workout_lowenergy_getin_01,v1.3,1.3,a49d0111c5bb,62,2.013,0,0,0,0,0,0,0.213115,1.8,3475.87,0.871055,0.63252,0,0.0264,0.960723,0.101616,,,,RATE;LOWCORR,23.525
anim_workout_lowenergy_getout_01,v1.3,1.3,a49d0111c5bb,331,10.89,0,0,0,0,0,0,0.0333333,1.8,3717.4,0.862068,0.688305,0,0.0264,0.986836,0.961271,0.990506,,,,1.333
anim_workout_lowenergy_getout_02,v1.3,1.3,a49d0111c5bb,180,5.907,0,0,0,0,0,0,0.0726257,1.8,4039.4,0.730589,0.63825,0,0.0264,0.90923,0.458591,,,,RATE,2.905
anim_workout_lowenergy_getready_01,v1.3,1.3,a49d0111c5bb,127,4.158,0,0,0,0,0,0,0.103175,1.8,2604.5,1.10694,0.0154063,0,0.00145715,0.963744,0.402565,,,,RATE,4.127
anim_workout_lowenergy_strong_01,v1.3,1.3,a49d0111c5bb,158,5.181,0,0,0,0,0,0,0,1.74149,2553.67,0.74256,0.603882,0,0.0264,0.967727,0.45657,,,,,0
anim_workout_lowenergy_trans_01,v1.3,1.3,a49d0111c5bb,66,2.145,0,0,0,0,0,0,0.0307692,1.8,4784.41,0.497326,0.334833,0,0.021614,0.98986,0.324112,,,,,1.231
anim_workout_lowenergy_weak_01,v1.3,1.3,a49d0111c5bb,146,4.785,0,0,0,0,0,0,0.0482759,1.8,3963,0.684052,0.446236,0,0.0264,0.979391,0.212994,,,,LOWCORR,16.931
anim_workout_mediumenergy_getin_01,v1.3,1.3,a49d0111c5bb,42,1.353,0,0,0,0,0,0,0,0.969836,2002.79,0.236835,0.035908,0,0.00264943,0.973826,0.263878,,,,LOWCORR,15
anim_workout_mediumenergy_getout_01,v1.3,1.3,a49d0111c5bb,131,4.29,0,0,0,0,0,0,0.130769,1.8,4425.02,1.07518,0.495946,0,0.0264,0.898689,0.980778,0.991169,,,RATE,5.231
anim_workout_mediumenergy_getready_01,v1.3,1.3,a49d0111c5bb,51,1.65,0,0,0,0,0,0,0.26,1.8,4845.26,0.908483,0.489954,0,0.0264,0.35836,0.915903,,,,RATE,10.4
anim_workout_mediumenergy_strong_01,v1.3,1.3,a49d0111c5bb,71,2.31,0,0,0,0,0,0,0.242857,1.8,6596.39,1.08898,0.438935,0,0.0264,0.930035,0.712217,,,,RATE,9.714
anim_workout_mediumenergy_trans_01,v1.3,1.3,a49d0111c5bb,71,2.31,0,0,0,0,0,0,0.157143,1.8,5798.01,0.777062,0.12942,0,0.0140646,0.955537,0.666384,,,,RATE,6.286
anim_workout_mediumenergy_weak_01,v1.3,1.3,a49d0111c5bb,71,2.31,0,0,0,0,0,0,0.157143,1.8,6912.99,0.693912,0.137388,0,0.0163787,0.972947,0.760828,,,,RATE,6.286
